#
# A fatal error has been detected by the Java Runtime Environment:
#
#  EXCEPTION_ACCESS_VIOLATION (0xc0000005) at pc=0x00007ffb5c1a4a69, pid=23016, tid=12500
#
# JRE version: OpenJDK Runtime Environment Temurin-25.0.2+10 (25.0.2+10) (build 25.0.2+10-LTS)
# Java VM: OpenJDK 64-Bit Server VM Temurin-25.0.2+10 (25.0.2+10-LTS, mixed mode, sharing, tiered, compressed oops, compressed class ptrs, g1 gc, windows-amd64)
# Problematic frame:
# C  [vrclient_x64.dll+0x134a69]
#
# No core dump will be written. Minidumps are not enabled by default on client versions of Windows
#
# If you would like to submit a bug report, please visit:
#   https://github.com/adoptium/adoptium-support/issues
# The crash happened outside the Java Virtual Machine in native code.
# See problematic frame for where to report the bug.
#

---------------  S U M M A R Y ------------

Command Line: -Dfabric.dli.config=D:\git\Vivecraft\fabric\.gradle\loom-cache\launch.cfg -Dfabric.dli.env=client -Dfabric.dli.main=net.fabricmc.loader.impl.launch.knot.KnotClient -Dfile.encoding=UTF-8 -Duser.country=BE -Duser.language=nl -Duser.variant net.fabricmc.devlaunchinjector.Main

Host: AMD Ryzen 7 5700X3D 8-Core Processor           , 16 cores, 31G,  Windows 11 , 64 bit Build 26100 (10.0.26100.7920)
Time: Tue Mar 17 22:33:26 2026 West-Europa (standaardtijd) elapsed time: 31.807180 seconds (0d 0h 0m 31s)

---------------  T H R E A D  ---------------

Current thread (0x000002436f364280):  JavaThread "Render thread"        [_thread_in_native, id=12500, stack(0x000000e53ee00000,0x000000e53ef00000) (1024K)]

Stack: [0x000000e53ee00000,0x000000e53ef00000],  sp=0x000000e53eefc0b0,  free space=1008k
Native frames: (J=compiled Java code, j=interpreted, Vv=VM code, C=native code)
C  [vrclient_x64.dll+0x134a69]  (no source info available)
C  [vrclient_x64.dll+0x1333f3]  (no source info available)
C  [vrclient_x64.dll+0x105310]  (no source info available)
C  [lwjgl.dll+0x25bd1]  (no source info available)
C  [lwjgl.dll+0x25530]  (no source info available)
C  [lwjgl.dll+0x25362]  (no source info available)
C  0x00000243085f040f  (no source info available)

The last pc belongs to native nmethod (printed below).
Java frames: (J=compiled Java code, j=interpreted, Vv=VM code)
J 18555  org.lwjgl.system.libffi.LibFFI.nffi_call(JJJJ)V (0 bytes) @ 0x00000243085f03d6 [0x00000243085f0380+0x0000000000000056]
J 19157 c1 org.lwjgl.system.libffi.LibFFI.ffi_call(Lorg/lwjgl/system/libffi/FFICIF;JLjava/nio/ByteBuffer;Lorg/lwjgl/PointerBuffer;)V (29 bytes) @ 0x000002430024b4dc [0x000002430024ae80+0x000000000000065c]
J 19153 c1 org.vivecraft.client.utils.JNIUtils.callI(Ljava/lang/String;J[Ljava/lang/Object;)I (93 bytes) @ 0x000002430060d20c [0x000002430060cc80+0x000000000000058c]
J 19152 c1 org.lwjgl.openvr.VRCompositor.wrapOperation$zjj000$vivecraft$nVRCompositor_Submit(IJJIJLcom/llamalad7/mixinextras/injector/wrapoperation/Operation;)I (42 bytes) @ 0x000002430030b3ec [0x000002430030aa80+0x000000000000096c]
J 19150 c1 org.lwjgl.openvr.VRCompositor.nVRCompositor_Submit(IJJI)I (60 bytes) @ 0x000002430059c4ec [0x000002430059c000+0x00000000000004ec]
J 18971 c1 org.lwjgl.openvr.VRCompositor.VRCompositor_Submit(ILorg/lwjgl/openvr/Texture;Lorg/lwjgl/openvr/VRTextureBounds;I)I (14 bytes) @ 0x0000024300772b94 [0x0000024300772980+0x0000000000000214]
J 19720 c1 org.vivecraft.client_vr.provider.openvr_lwjgl.OpenVRStereoRenderer.endFrame()V (70 bytes) @ 0x0000024300e1b334 [0x0000024300e1b280+0x00000000000000b4]
J 20040 c1 org.vivecraft.client_vr.render.helpers.VRPassHelper.renderAndSubmit(ZLnet/minecraft/client/DeltaTracker$Timer;)V (861 bytes) @ 0x00000243017381fc [0x000002430172ad20+0x000000000000d4dc]
J 20033 c1 net.minecraft.client.Minecraft.runTick(Z)V (1077 bytes) @ 0x000002430172530c [0x00000243017203a0+0x0000000000004f6c]
j  net.minecraft.client.Minecraft.doWorldLoad(Lnet/minecraft/world/level/storage/LevelStorageSource$LevelStorageAccess;Lnet/minecraft/server/packs/repository/PackRepository;Lnet/minecraft/server/WorldStem;Z)V+311
j  net.minecraft.client.gui.screens.worldselection.WorldOpenFlows.createLevelFromExistingSettings(Lnet/minecraft/world/level/storage/LevelStorageSource$LevelStorageAccess;Lnet/minecraft/server/ReloadableServerResources;Lnet/minecraft/core/LayeredRegistryAccess;Lnet/minecraft/world/level/storage/WorldData;)V+56
j  net.minecraft.client.gui.screens.worldselection.CreateWorldScreen.createNewWorld(Lnet/minecraft/core/LayeredRegistryAccess;Lnet/minecraft/world/level/storage/WorldData;)Z+81
j  net.minecraft.client.gui.screens.worldselection.CreateWorldScreen.method_64375(Lnet/minecraft/client/gui/screens/worldselection/CreateWorldScreen;Lnet/minecraft/core/LayeredRegistryAccess;Lnet/minecraft/world/level/storage/PrimaryLevelData;Ljava/nio/file/Path;)Z+3
j  net.minecraft.client.gui.screens.worldselection.CreateWorldScreen$$Lambda+0x000000009533daa0.create(Lnet/minecraft/client/gui/screens/worldselection/CreateWorldScreen;Lnet/minecraft/core/LayeredRegistryAccess;Lnet/minecraft/world/level/storage/PrimaryLevelData;Ljava/nio/file/Path;)Z+5
j  net.minecraft.client.gui.screens.worldselection.CreateWorldScreen.createWorldAndCleanup(Lnet/minecraft/core/LayeredRegistryAccess;Lnet/minecraft/world/level/storage/PrimaryLevelData;)V+11
j  net.minecraft.client.gui.screens.worldselection.CreateWorldScreen.method_64374(Lnet/minecraft/core/LayeredRegistryAccess;Lnet/minecraft/world/level/storage/PrimaryLevelData;)V+3
j  net.minecraft.client.gui.screens.worldselection.CreateWorldScreen$$Lambda+0x00000000954a3498.run()V+12
j  net.minecraft.client.gui.screens.worldselection.WorldOpenFlows.confirmWorldCreation(Lnet/minecraft/client/Minecraft;Lnet/minecraft/client/gui/screens/worldselection/CreateWorldScreen;Lcom/mojang/serialization/Lifecycle;Ljava/lang/Runnable;Z)V+23
j  net.minecraft.client.gui.screens.worldselection.CreateWorldScreen.onCreate()V+174
j  net.minecraft.client.gui.screens.worldselection.CreateWorldScreen.method_19922(Lnet/minecraft/client/gui/components/Button;)V+1
j  net.minecraft.client.gui.screens.worldselection.CreateWorldScreen$$Lambda+0x0000000095498bd0.onPress(Lnet/minecraft/client/gui/components/Button;)V+5
j  net.minecraft.client.gui.components.Button.onPress(Lnet/minecraft/client/input/InputWithModifiers;)V+5
j  net.minecraft.client.gui.components.AbstractButton.onClick(Lnet/minecraft/client/input/MouseButtonEvent;Z)V+2
j  net.minecraft.client.gui.components.AbstractWidget.mouseClicked(Lnet/minecraft/client/input/MouseButtonEvent;Z)Z+50
j  net.minecraft.client.gui.components.events.ContainerEventHandler.mouseClicked(Lnet/minecraft/client/input/MouseButtonEvent;Z)Z+37
j  net.minecraft.client.MouseHandler.mixinextras$bridge$mouseClicked$48([Ljava/lang/Object;)Ljava/lang/Boolean;+38
j  net.minecraft.client.MouseHandler$$Lambda+0x0000000095316c10.call([Ljava/lang/Object;)Ljava/lang/Object;+1
j  net.minecraft.client.MouseHandler.wrapOperation$zpn000$fabric-screen-api-v1$invokeMouseClickedEvents(Lnet/minecraft/client/gui/screens/Screen;Lnet/minecraft/client/input/MouseButtonEvent;ZLcom/llamalad7/mixinextras/injector/wrapoperation/Operation;)Z+64
j  net.minecraft.client.MouseHandler.onButton(JLnet/minecraft/client/input/MouseButtonInfo;I)V+355
j  net.minecraft.client.MouseHandler.method_22686(JLnet/minecraft/client/input/MouseButtonInfo;I)V+5
j  net.minecraft.client.MouseHandler$$Lambda+0x00000000953169e0.run()V+16
J 20085 c1 net.minecraft.util.thread.BlockableEventLoop.doRunTask(Ljava/lang/Runnable;)V (80 bytes) @ 0x0000024300ac8fe4 [0x0000024300ac8e80+0x0000000000000164]
J 20966 c1 net.minecraft.util.thread.ReentrantBlockableEventLoop.doRunTask(Ljava/lang/Runnable;)V (42 bytes) @ 0x000002430121bc14 [0x000002430121bb80+0x0000000000000094]
J 20084 c1 net.minecraft.util.thread.BlockableEventLoop.execute(Ljava/lang/Runnable;)V (27 bytes) @ 0x00000243008e29fc [0x00000243008e2680+0x000000000000037c]
j  net.minecraft.client.MouseHandler.method_22684(JIII)V+27
j  net.minecraft.client.MouseHandler$$Lambda+0x0000000094f9bc78.invoke(JIII)V+10
j  org.lwjgl.glfw.GLFWMouseButtonCallbackI.callback(JJ)V+48
v  ~StubRoutines::call_stub 0x00000243074512ed
J 17722  org.lwjgl.system.JNI.invokeV(J)V (0 bytes) @ 0x0000024308582ec9 [0x0000024308582e80+0x0000000000000049]
J 19213 c1 com.mojang.blaze3d.systems.RenderSystem.flipFrame(Lcom/mojang/blaze3d/platform/Window;Lcom/mojang/blaze3d/TracyFrameCapture;)V (43 bytes) @ 0x000002430095aeec [0x000002430095ab00+0x00000000000003ec]
J 20033 c1 net.minecraft.client.Minecraft.runTick(Z)V (1077 bytes) @ 0x00000243017259cc [0x00000243017203a0+0x000000000000562c]
j  net.minecraft.client.Minecraft.run()V+102
j  net.minecraft.client.main.Main.main([Ljava/lang/String;)V+1488
j  java.lang.invoke.LambdaForm$DMH+0x0000000094064000.invokeStaticInit(Ljava/lang/Object;Ljava/lang/Object;)V+10 java.base@25.0.2
j  java.lang.invoke.LambdaForm$MH+0x0000000094045400.invokeExact_MT(Ljava/lang/Object;Ljava/lang/Object;Ljava/lang/Object;)V+19 java.base@25.0.2
j  net.fabricmc.loader.impl.game.minecraft.MinecraftGameProvider.launch(Ljava/lang/ClassLoader;)V+74
j  net.fabricmc.loader.impl.launch.knot.Knot.launch([Ljava/lang/String;Lnet/fabricmc/api/EnvType;)V+40
j  net.fabricmc.loader.impl.launch.knot.KnotClient.main([Ljava/lang/String;)V+4
j  java.lang.invoke.LambdaForm$DMH+0x0000000094044c00.invokeStatic(Ljava/lang/Object;Ljava/lang/Object;)V+10 java.base@25.0.2
j  java.lang.invoke.LambdaForm$MH+0x0000000094045400.invokeExact_MT(Ljava/lang/Object;Ljava/lang/Object;Ljava/lang/Object;)V+19 java.base@25.0.2
j  net.fabricmc.devlaunchinjector.Main.main([Ljava/lang/String;)V+307
v  ~StubRoutines::call_stub 0x00000243074512ed

siginfo: EXCEPTION_ACCESS_VIOLATION (0xc0000005), writing address 0x00007ffd15a6eea8


Registers:
RAX=0x0000000000000000, RBX=0x0000000000000000, RCX=0x00000000372b2396, RDX=0x00000000372b239a
RSP=0x000000e53eefc0b0, RBP=0x000000e53eefc1b0, RSI=0x00007ffb5c4dd270, RDI=0x00007ffb5c4dd1d8
R8 =0x0000000000000010, R9 =0x00000000000001c9, R10=0x000000000000001c, R11=0x000000e53eefc0a0
R12=0x000000001b9590ec, R13=0x000000001b9590d4, R14=0x000002431b9590e0, R15=0x000002431b9590d8
RIP=0x00007ffb5c1a4a69, EFLAGS=0x0000000000010216

XMM[0]=0x0000000000000000 0x0000000000000000
XMM[1]=0x46fffe0046fffe00 0x0000000000000000
XMM[2]=0x0000000000000000 0x0000000000000000
XMM[3]=0x0000000000000000 0x0000000000000000
XMM[4]=0x0000000000000000 0x0000000000000000
XMM[5]=0x0000000000000000 0x0000000000000000
XMM[6]=0xee830681e1ddc99f 0x59db6a41e191dddf
XMM[7]=0x000e178101b4d89f 0x34e63b4167e12cdf
XMM[8]=0xd6b01b7f08180b74 0xeb1737bf00000000
XMM[9]=0xf3670a7f797a4561 0xb5ce66bf03fe7121
XMM[10]=0x117cf97f1e223661 0xa62495bf1e6e2221
XMM[11]=0xfff1e87ffe4b2761 0xcb19c4bf981ed321
XMM[12]=0xcf0daf80cf0daf80 0xcf0daf80c2bf4173
XMM[13]=0x0000000000000000 0x0000000000000000
XMM[14]=0x0000000000000000 0x0000000000000000
XMM[15]=0x0000000000000000 0x0000000080000000
  MXCSR=0x00001fa7


Register to memory mapping:

RAX=0x0 is null
RBX=0x0 is null
RCX=0x00000000372b2396 is an unknown value
RDX=0x00000000372b239a is an unknown value
RSP=0x000000e53eefc0b0 is pointing into the stack for thread: 0x000002436f364280
RBP=0x000000e53eefc1b0 is pointing into the stack for thread: 0x000002436f364280
RSI=0x00007ffb5c4dd270 vrclient_x64.dll
RDI=0x00007ffb5c4dd1d8 vrclient_x64.dll
R8 =0x0000000000000010 is an unknown value
R9 =0x00000000000001c9 is an unknown value
R10=0x000000000000001c is an unknown value
R11=0x000000e53eefc0a0 is pointing into the stack for thread: 0x000002436f364280
R12=0x000000001b9590ec is an unknown value
R13=0x000000001b9590d4 is an unknown value
R14=0x000002431b9590e0 points into unknown readable memory: 0x00000243224c0060 | 60 00 4c 22 43 02 00 00
R15=0x000002431b9590d8 points into unknown readable memory: 0x0000000000000000 | 00 00 00 00 00 00 00 00

Top of Stack: (sp=0x000000e53eefc0b0)
0x000000e53eefc0b0:   0000000000000000 00007ffb5c4dd270   ........p.M\....
0x000000e53eefc0c0:   0000000604ca88e0 00000243009c44c4   .........D..C...
0x000000e53eefc0d0:   00000006059b4118 00000006059b36f8   .A.......6......
0x000000e53eefc0e0:   000000060fdc9e88 00000006035d36c0   .........6].....
0x000000e53eefc0f0:   0000000000000000 0000024308717a00   .........zq.C...
0x000000e53eefc100:   0000000604ca88e0 000002430022db0c   ..........".C...
0x000000e53eefc110:   0000000604cc5ee8 0000000604cc5ee8   .^.......^......
0x000000e53eefc120:   0000000604cc5270 0000000604cc5f98   pR......._......
0x000000e53eefc130:   00000006059b4d80 00000006059b4148   .M......HA......
0x000000e53eefc140:   00000006059b4118 00000006059b4d70   .A......pM......
0x000000e53eefc150:   00000006365da9f0 00000006035c9c20   ..]6.... .\.....
0x000000e53eefc160:   0000000000000000 00000006059b4da0   .........M......
0x000000e53eefc170:   00000000000000ef 00000006059b4d80   .........M......
0x000000e53eefc180:   000000060560b7d0 00000006059b40e0   ..`......@......
0x000000e53eefc190:   00000006035c9c20 00000006035d36a8    .\......6].....
0x000000e53eefc1a0:   00000006365da930 00000006365da930   0.]6....0.]6....
0x000000e53eefc1b0:   0000000000000000 0000000000000000   ................
0x000000e53eefc1c0:   0000000604ca88e0 00000243000895c4   ............C...
0x000000e53eefc1d0:   0000000604ca88e0 000002430857f5f4   ..........W.C...
0x000000e53eefc1e0:   0000000604cbce48 00000006035cd1f0   H.........\.....
0x000000e53eefc1f0:   0000000000000002 000002430803ef04   ............C...
0x000000e53eefc200:   0000000604cbed30 00007ffb503b72d6   0........r;P....
0x000000e53eefc210:   0000000604ca88e0 00000243003b6644   ........Df;.C...
0x000000e53eefc220:   000000060564bbd0 000002436f364280   ..d......B6oC...
0x000000e53eefc230:   000000e53eefc2d0 00007ffb503b708a   ...>.....p;P....
0x000000e53eefc240:   000000e53eefc2d0 000000060a2515e0   ...>......%.....
0x000000e53eefc250:   0000000604ca88e0 00000006035c9c20   ........ .\.....
0x000000e53eefc260:   000000e53eefc2d0 000002436f364280   ...>.....B6oC...
0x000000e53eefc270:   000000e53eefc2a0 00000243081b0000   ...>........C...
0x000000e53eefc280:   0000000000000000 00000006035c9c20   ........ .\.....
0x000000e53eefc290:   000002436f364280 00007ffb500ec297   .B6oC......P....
0x000000e53eefc2a0:   00000006365daaa0 0000000093391d80   ..]6......9.....

Instructions: (pc=0x00007ffb5c1a4a69)
  0x00007ffb5c1a4969:   e3 c9 25 00 44 88 25 bf af 31 00 41 8d 4c 24 02
  0x00007ffb5c1a4979:   e8 42 ef 1d 00 33 d2 48 8d 0d 11 ca 25 00 e8 74
  0x00007ffb5c1a4989:   24 1f 00 b8 6c 00 00 00 e9 8a 02 00 00 33 d2 48
  0x00007ffb5c1a4999:   8d 0d 29 ca 25 00 e8 5c 24 1f 00 c6 87 a8 0c 00
  0x00007ffb5c1a49a9:   00 01 eb 57 80 bf a9 0c 00 00 00 74 39 80 3d 77
  0x00007ffb5c1a49b9:   af 31 00 00 74 18 48 8d 15 2a ca 25 00 c6 05 67
  0x00007ffb5c1a49c9:   af 31 00 00 b9 02 00 00 00 e8 e9 ee 1d 00 33 d2
  0x00007ffb5c1a49d9:   48 8d 0d 58 ca 25 00 e8 1b 24 1f 00 b8 6c 00 00
  0x00007ffb5c1a49e9:   00 e9 31 02 00 00 33 d2 48 8d 0d 70 ca 25 00 e8
  0x00007ffb5c1a49f9:   03 24 1f 00 c6 87 a9 0c 00 00 01 80 bf aa 0c 00
  0x00007ffb5c1a4a09:   00 00 74 2a 80 3d 65 e4 33 00 00 74 21 48 8b ce
  0x00007ffb5c1a4a19:   e8 f2 40 00 00 48 8b ce e8 4a 48 00 00 4c 8d 05
  0x00007ffb5c1a4a29:   ff c5 25 00 33 d2 48 8b ce e8 89 b6 00 00 0f 28
  0x00007ffb5c1a4a39:   0d 72 d1 25 00 49 8d 8c 24 df 00 00 00 44 8b ad
  0x00007ffb5c1a4a49:   c8 01 00 00 49 8d 94 24 e1 00 00 00 33 c0 48 03
  0x00007ffb5c1a4a59:   c9 48 03 d2 48 89 45 00 48 89 45 08 0f 10 45 00
=>0x00007ffb5c1a4a69:   0f 11 0c d7 0f 11 04 cf 41 f6 c5 08 74 52 4d 85
  0x00007ffb5c1a4a79:   f6 74 4d 41 0f 10 46 10 4b 8d 04 a4 48 03 c0 0f
  0x00007ffb5c1a4a89:   11 84 c7 f0 0c 00 00 41 0f 10 4e 20 0f 11 8c c7
  0x00007ffb5c1a4a99:   00 0d 00 00 41 0f 10 46 30 0f 11 84 c7 10 0d 00
  0x00007ffb5c1a4aa9:   00 41 0f ba e5 0f 73 18 41 0f 10 86 90 00 00 00
  0x00007ffb5c1a4ab9:   0f 11 04 cf 41 0f 10 86 a0 00 00 00 0f 11 04 d7
  0x00007ffb5c1a4ac9:   49 8b d6 48 8b ce e8 4c fc ef ff 48 89 44 24 40
  0x00007ffb5c1a4ad9:   eb 07 44 8b ad c8 01 00 00 0f 29 bc 24 40 02 00
  0x00007ffb5c1a4ae9:   00 e8 d1 be 1e 00 48 8b c8 e8 89 be 1e 00 0f 28
  0x00007ffb5c1a4af9:   f8 4d 85 ff 74 0e 41 0f 10 0f 48 8d 45 38 0f 11
  0x00007ffb5c1a4b09:   4d 38 eb 0f 0f 28 05 9c b7 23 00 48 8d 45 48 0f
  0x00007ffb5c1a4b19:   11 45 48 0f 10 00 33 d2 4c 89 74 24 50 48 8d 45
  0x00007ffb5c1a4b29:   10 48 89 54 24 78 48 89 44 24 58 8b 85 d8 01 00
  0x00007ffb5c1a4b39:   00 85 c0 0f 11 45 10 41 0f 48 c4 44 89 6c 24 60
  0x00007ffb5c1a4b49:   89 44 24 70 38 97 a8 0c 00 00 74 0d c6 44 24 6c
  0x00007ffb5c1a4b59:   01 38 97 a9 0c 00 00 75 04 88 54 24 6c 8b 87 c0


Stack slot to memory mapping:

stack at sp + 0 slots: 0x0 is null
stack at sp + 1 slots: 0x00007ffb5c4dd270 vrclient_x64.dll
stack at sp + 2 slots: 0x0000000604ca88e0 is an oop: com.mojang.logging.plugins.QueueLogAppender 
{0x0000000604ca88e0} - klass: 'com/mojang/logging/plugins/QueueLogAppender' - flags: 

 - ---- fields (total size 6 words):
 - private volatile 'state' 'Lorg/apache/logging/log4j/core/LifeCycle$State;' @12  a 'org/apache/logging/log4j/core/LifeCycle$State'{0x0000000604ca8638} (0xc09950c7)
 - private volatile 'filter' 'Lorg/apache/logging/log4j/core/Filter;' @16  null (0x00000000)
 - private final 'propertyArray' '[Lorg/apache/logging/log4j/core/config/Property;' @20  a 'org/apache/logging/log4j/core/config/Property'[0] {0x0000000604ca8680} (0xc09950d0)
 - private final 'name' 'Ljava/lang/String;' @24  "ServerGuiConsole"{0x0000000604ca8910} (0xc0995122)
 - private final 'layout' 'Lorg/apache/logging/log4j/core/Layout;' @28  a 'org/apache/logging/log4j/core/layout/PatternLayout'{0x0000000604ca8948} (0xc0995129)
 - private volatile 'handler' 'Lorg/apache/logging/log4j/core/ErrorHandler;' @32  a 'org/apache/logging/log4j/core/appender/DefaultErrorHandler'{0x00000006059b40f8} (0xc0b3681f)
 - private final 'ignoreExceptions' 'Z' @36  true (0x01)
 - private final 'queue' 'Ljava/util/concurrent/BlockingQueue;' @40  a 'java/util/concurrent/LinkedBlockingQueue'{0x00000006059b4118} (0xc0b36823)
stack at sp + 3 slots: 0x00000243009c44c4 is at entry_point+3762 in (nmethod*)0x00000243009c3508
Compiled method (c1) 32499 6072   !   3       java.util.concurrent.LinkedBlockingQueue::offer (131 bytes)
 total in heap  [0x00000243009c3508,0x00000243009c5858] = 9040
 main code      [0x00000243009c3600,0x00000243009c5738] = 8504
 stub code      [0x00000243009c5738,0x00000243009c5858] = 288
 mutable data [0x0000024320d7b810,0x0000024320d7bb18] = 776
 relocation     [0x0000024320d7b810,0x0000024320d7ba90] = 640
 metadata       [0x0000024320d7ba90,0x0000024320d7bb18] = 136
 immutable data [0x0000024320a09c10,0x0000024320a0a630] = 2592
 dependencies   [0x0000024320a09c10,0x0000024320a09c40] = 48
 nul chk table  [0x0000024320a09c40,0x0000024320a09cc0] = 128
 handler table  [0x0000024320a09cc0,0x0000024320a09e28] = 360
 scopes pcs     [0x0000024320a09e28,0x0000024320a0a238] = 1040
 scopes data    [0x0000024320a0a238,0x0000024320a0a630] = 1016
stack at sp + 4 slots: 0x00000006059b4118 is an oop: java.util.concurrent.LinkedBlockingQueue 
{0x00000006059b4118} - klass: 'java/util/concurrent/LinkedBlockingQueue' - flags: 

 - ---- fields (total size 6 words):
 - private final 'capacity' 'I' @12  2147483647 (0x7fffffff)
 - private final 'count' 'Ljava/util/concurrent/atomic/AtomicInteger;' @16  a 'java/util/concurrent/atomic/AtomicInteger'{0x00000006059b4148} (0xc0b36829)
 - transient 'head' 'Ljava/util/concurrent/LinkedBlockingQueue$Node;' @20  a 'java/util/concurrent/LinkedBlockingQueue$Node'{0x0000000628589a30} (0xc50b1346)
 - private transient 'last' 'Ljava/util/concurrent/LinkedBlockingQueue$Node;' @24  a 'java/util/concurrent/LinkedBlockingQueue$Node'{0x0000000628589958} (0xc50b132b)
 - private final 'takeLock' 'Ljava/util/concurrent/locks/ReentrantLock;' @28  a 'java/util/concurrent/locks/ReentrantLock'{0x00000006059b4d28} (0xc0b369a5)
 - private final 'notEmpty' 'Ljava/util/concurrent/locks/Condition;' @32  a 'java/util/concurrent/locks/AbstractQueuedSynchronizer$ConditionObject'{0x00000006059b4d58} (0xc0b369ab)
 - private final 'putLock' 'Ljava/util/concurrent/locks/ReentrantLock;' @36  a 'java/util/concurrent/locks/ReentrantLock'{0x00000006059b4d70} (0xc0b369ae)
 - private final 'notFull' 'Ljava/util/concurrent/locks/Condition;' @40  a 'java/util/concurrent/locks/AbstractQueuedSynchronizer$ConditionObject'{0x00000006059b4da0} (0xc0b369b4)
stack at sp + 5 slots: 0x00000006059b36f8 is an oop: net.fabricmc.log4j.LoggerNamePatternSelector 
{0x00000006059b36f8} - klass: 'net/fabricmc/log4j/LoggerNamePatternSelector' - flags: 

 - ---- fields (total size 3 words):
 - private final 'defaultFormatters' '[Lorg/apache/logging/log4j/core/pattern/PatternFormatter;' @12  a 'org/apache/logging/log4j/core/pattern/PatternFormatter'[10] {0x00000006059b3710} (0xc0b366e2)
 - private final 'formatters' 'Ljava/util/List;' @16  a 'java/util/ArrayList'{0x00000006059b3bd8} (0xc0b3677b)
stack at sp + 6 slots: 0x000000060fdc9e88 is an oop: java.lang.String 
{0x000000060fdc9e88} - klass: 'java/lang/String' - flags: 

 - string: "Vivecraft"
 - ---- fields (total size 3 words):
 - private 'hash' 'I' @12  2121915038 (0x7e79da9e)
 - private final 'coder' 'B' @16  0 (0x00)
 - private 'hashIsZero' 'Z' @17  false (0x00)
 - injected 'flags' 'B' @18  0 (0x00)
 - private final 'value' '[B' @20  [B{0x000000060fdc9ea0} (0xc1fb93d4)
stack at sp + 7 slots: 0x00000006035d36c0 is an oop: [B 
{0x00000006035d36c0} - klass: {type array byte} - flags: is_cloneable_fast 

 - length: 2048
 -   0: 5b [
 -   1: 32 2
 -   2: 32 2
 -   3: 3a :
 -   4: 33 3
 -   5: 33 3
 -   6: 3a :
 -   7: 32 2
 -   8: 36 6
 -   9: 20  
 -  10: 57 W
 -  11: 41 A
 -  12: 52 R
 -  13: 4e N
 -  14: 5d ]
 -  15: 20  
 -  16: 28 (
 -  17: 56 V
 -  18: 69 i
 -  19: 76 v
 -  20: 65 e
 -  21: 63 c
 -  22: 72 r
 -  23: 61 a
 -  24: 66 f
 -  25: 74 t
 -  26: 29 )
 -  27: 20  
 -  28: 63 c
 -  29: 61 a
 -  30: 6c l
 -  31: 6c l
 -  32: 69 i
 -  33: 6e n
 -  34: 67 g
 -  35: 3a :
 -  36: 20  
 -  37: 6b k
 -  38: 6e n
 -  39: 6f o
 -  40: 74 t
 -  41: 2f /
 -  42: 2f /
 -  43: 6f o
 -  44: 72 r
 -  45: 67 g
 -  46: 2e .
 -  47: 6c l
 -  48: 77 w
 -  49: 6a j
 -  50: 67 g
 -  51: 6c l
 -  52: 2e .
 -  53: 6f o
 -  54: 70 p
 -  55: 65 e
 -  56: 6e n
 -  57: 76 v
 -  58: 72 r
 -  59: 2e .
 -  60: 56 V
 -  61: 52 R
 -  62: 43 C
 -  63: 6f o
 -  64: 6d m
 -  65: 70 p
 -  66: 6f o
 -  67: 73 s
 -  68: 69 i
 -  69: 74 t
 -  70: 6f o
 -  71: 72 r
 -  72: 2e .
 -  73: 77 w
 -  74: 72 r
 -  75: 61 a
 -  76: 70 p
 -  77: 4f O
 -  78: 70 p
 -  79: 65 e
 -  80: 72 r
 -  81: 61 a
 -  82: 74 t
 -  83: 69 i
 -  84: 6f o
 -  85: 6e n
 -  86: 24 $
 -  87: 7a z
 -  88: 6a j
 -  89: 6a j
 -  90: 30 0
 -  91: 30 0
 -  92: 30 0
 -  93: 24 $
 -  94: 76 v
 -  95: 69 i
 -  96: 76 v
 -  97: 65 e
 -  98: 63 c
 -  99: 72 r
 - 100: 61 a
 - 101: 66 f
 - 102: 74 t
 - 103: 24 $
 - 104: 6e n
 - 105: 56 V
 - 106: 52 R
 - 107: 43 C
 - 108: 6f o
 - 109: 6d m
 - 110: 70 p
 - 111: 6f o
 - 112: 73 s
 - 113: 69 i
 - 114: 74 t
 - 115: 6f o
 - 116: 72 r
 - 117: 5f _
 - 118: 53 S
 - 119: 75 u
 - 120: 62 b
 - 121: 6d m
 - 122: 69 i
 - 123: 74 t
 - 124: 28 (
 - 125: 56 V
 - 126: 52 R
 - 127: 43 C
 - 128: 6f o
 - 129: 6d m
 - 130: 70 p
 - 131: 6f o
 - 132: 73 s
 - 133: 69 i
 - 134: 74 t
 - 135: 6f o
 - 136: 72 r
 - 137: 2e .
 - 138: 6a j
 - 139: 61 a
 - 140: 76 v
 - 141: 61 a
 - 142: 3a :
 - 143: 31 1
 - 144: 30 0
 - 145: 38 8
 - 146: 30 0
 - 147: 29 )
 - 148: d  
 - 149: a  
 - 150: 74 t
 - 151: 6f o
 - 152: 72 r
 - 153: 2e .
 - 154: 6a j
 - 155: 61 a
 - 156: 76 v
 - 157: 61 a
 - 158: 3a :
 - 159: 31 1
 - 160: 30 0
 - 161: 38 8
 - 162: 30 0
 - 163: 29 )
 - 164: d  
 - 165: a  
 - 166: 69 i
 - 167: 74 t
 - 168: 28 (
 - 169: 56 V
 - 170: 52 R
 - 171: 43 C
 - 172: 6f o
 - 173: 6d m
 - 174: 70 p
 - 175: 6f o
 - 176: 73 s
 - 177: 69 i
 - 178: 74 t
 - 179: 6f o
 - 180: 72 r
 - 181: 2e .
 - 182: 6a j
 - 183: 61 a
 - 184: 76 v
 - 185: 61 a
 - 186: 3a :
 - 187: 31 1
 - 188: 30 0
 - 189: 38 8
 - 190: 30 0
 - 191: 29 )
 - 192: d  
 - 193: a  
 - 194: 1b  
 - 195: 5b [
 - 196: 6d m
 - 197: d  
 - 198: a  
 - 199: 69 i
 - 200: 78 x
 - 201: 69 i
 - 202: 6e n
 - 203: 2f /
 - 204: 69 i
 - 205: 6e n
 - 206: 6a j
 - 207: 65 e
 - 208: 63 c
 - 209: 74 t
 - 210: 69 i
 - 211: 6f o
 - 212: 6e n
 - 213: 2f /
 - 214: 63 c
 - 215: 61 a
 - 216: 6c l
 - 217: 6c l
 - 218: 62 b
 - 219: 61 a
 - 220: 63 c
 - 221: 6b k
 - 222: 2f /
 - 223: 43 C
 - 224: 61 a
 - 225: 6c l
 - 226: 6c l
 - 227: 62 b
 - 228: 61 a
 - 229: 63 c
 - 230: 6b k
 - 231: 49 I
 - 232: 6e n
 - 233: 66 f
 - 234: 6f o
 - 235: 52 R
 - 236: 65 e
 - 237: 74 t
 - 238: 75 u
 - 239: 72 r
 - 240: 6e n
 - 241: 61 a
 - 242: 62 b
 - 243: 6c l
 - 244: 65 e
 - 245: 3b ;
 - 246: 29 )
 - 247: 56 V
 - 248: 20  
 - 249: 77 w
 - 250: 6f o
 - 251: 6e n
 - 252: 27 '
 - 253: 74 t
 - 254: 20  
 - 255: 62 b
 - <1792 more elements, increase MaxElementPrintSize to print>

Lock stack of current Java thread (top to bottom):


Compiled method (n/a) 32507 18555     n 0       org.lwjgl.system.libffi.LibFFI::nffi_call (native)
 total in heap  [0x00000243085f0288,0x00000243085f0500] = 632
 main code      [0x00000243085f0380,0x00000243085f04f2] = 370
 stub code      [0x00000243085f04f2,0x00000243085f04f8] = 6
 oops           [0x00000243085f04f8,0x00000243085f0500] = 8
 mutable data [0x000002432550db40,0x000002432550db60] = 32
 relocation     [0x000002432550db40,0x000002432550db60] = 32

[Constant Pool (empty)]

[MachCode]
[Entry Point]
  # {method} {0x0000024328bd7d40} 'nffi_call' '(JJJJ)V' in 'org/lwjgl/system/libffi/LibFFI'
  # parm0:    rdx:rdx   = long
  # parm1:    r8:r8     = long
  # parm2:    r9:r9     = long
  # parm3:    rdi:rdi   = long
  #           [sp+0x80]  (sp of caller)
  0x00000243085f0380: 6690 448b | 5208 443b 

  0x00000243085f0388: ;   {runtime_call Shared Runtime ic_miss_blob}
  0x00000243085f0388: 5008 0f85 | 50e7 eafe 
[Verified Entry Point]
  0x00000243085f0390: 8984 2400 | 80ff ff55 | 488b ec48 | 83ec 7090 | 4181 7f20 | 0f00 0000 

  0x00000243085f03a8: ;   {runtime_call Stub::method_entry_barrier}
  0x00000243085f03a8: 7405 e891 | 3ee9 fe48 | 897c 2428 | 4c89 4c24 | 204d 8bc8 

  0x00000243085f03bc: ;   {oop(a 'java/lang/Class'{0x0000000610fcd0d8} = 'org/lwjgl/system/libffi/LibFFI')}
  0x00000243085f03bc: 4c8b c249 | bed8 d0fc | 1006 0000 | 004c 8974 | 2460 4c8d | 7424 6049 | 8bd6 c5f8 

  0x00000243085f03d8: ;   {internal_word}
  0x00000243085f03d8: 7749 bad6 | 035f 0843 | 0200 004d | 8997 3004 | 0000 4989 | a728 0400 | 0049 8d8f | 4804 0000 
  0x00000243085f03f8: 41c7 87d4 | 0400 0004 

  0x00000243085f0400: ;   {runtime_call}
  0x00000243085f0400: 0000 0048 | b830 256b | 5cfb 7f00 | 00ff d0c5 | f877 41c7 | 87d4 0400 | 0005 0000 | 00f0 8344 
  0x00000243085f0420: 24c0 0049 | 3b6f 280f | 870e 0000 | 0041 83bf | d004 0000 | 000f 8423 | 0000 00c5 | f877 498b 
  0x00000243085f0440: cf4c 8be4 | 4883 ec20 | 4883 e4f0 

  0x00000243085f044c: ;   {runtime_call}
  0x00000243085f044c: 48b8 b0c1 | 1150 fb7f | 0000 ffd0 | 498b e44d | 33e4 41c7 | 87d4 0400 | 0008 0000 | 0041 83bf 
  0x00000243085f046c: 5005 0000 | 020f 8459 | 0000 0049 | c787 2804 | 0000 0000 | 0000 49c7 | 8730 0400 | 0000 0000 
  0x00000243085f048c: 00c5 f877 | 498b 8fb8 | 0400 00c7 | 8100 0100 | 0000 0000 

  0x00000243085f04a0: ;   {poll_return}
  0x00000243085f04a0: 00c9 41f6 | 4728 0174 

  0x00000243085f04a8: ;   {internal_word}
  0x00000243085f04a8: 1649 baa2 | 045f 0843 | 0200 004d | 8997 e004 

  0x00000243085f04b8: ;   {runtime_call SafepointBlob}
  0x00000243085f04b8: 0000 e9a1 | 0aeb fe49 | 837f 0800 | 0f85 0100 

  0x00000243085f04c8: ;   {runtime_call Stub::forward_exception}
  0x00000243085f04c8: 0000 c3e9 | 100d e6fe | c5f8 774c | 8be4 4883 | ec20 4883 

  0x00000243085f04dc: ;   {runtime_call}
  0x00000243085f04dc: e4f0 48b8 | a016 4b50 | fb7f 0000 | ffd0 498b | e44d 33e4 | eb85 f4f4 | f4f4 f4f4 
[/MachCode]


Compiled method (c1) 32513 19157       3       org.lwjgl.system.libffi.LibFFI::ffi_call (29 bytes)
 total in heap  [0x000002430024ad88,0x000002430024b798] = 2576
 main code      [0x000002430024ae80,0x000002430024b718] = 2200
 stub code      [0x000002430024b718,0x000002430024b790] = 120
 oops           [0x000002430024b790,0x000002430024b798] = 8
 mutable data [0x00000243247f9b20,0x00000243247f9c60] = 320
 relocation     [0x00000243247f9b20,0x00000243247f9bf0] = 208
 metadata       [0x00000243247f9bf0,0x00000243247f9c60] = 112
 immutable data [0x000002431c8d8110,0x000002431c8d83e8] = 728
 dependencies   [0x000002431c8d8110,0x000002431c8d8130] = 32
 nul chk table  [0x000002431c8d8130,0x000002431c8d8150] = 32
 scopes pcs     [0x000002431c8d8150,0x000002431c8d8280] = 304
 scopes data    [0x000002431c8d8280,0x000002431c8d83e8] = 360

[Constant Pool (empty)]

[MachCode]
[Verified Entry Point]
  # {method} {0x0000024328bd7e48} 'ffi_call' '(Lorg/lwjgl/system/libffi/FFICIF;JLjava/nio/ByteBuffer;Lorg/lwjgl/PointerBuffer;)V' in 'org/lwjgl/system/libffi/LibFFI'
  # parm0:    rdx:rdx   = 'org/lwjgl/system/libffi/FFICIF'
  # parm1:    r8:r8     = long
  # parm2:    r9:r9     = 'java/nio/ByteBuffer'
  # parm3:    rdi:rdi   = 'org/lwjgl/PointerBuffer'
  #           [sp+0x150]  (sp of caller)
  0x000002430024ae80: 8984 2400 | 80ff ff55 | 4881 ec40 | 0100 0090 | 4181 7f20 | 0f00 0000 

  0x000002430024ae98: ;   {runtime_call Stub::method_entry_barrier}
  0x000002430024ae98: 7405 e8a1 | 9323 074c | 8984 2418 | 0100 004c | 898c 2400 | 0100 0048 | 89bc 2408 

  0x000002430024aeb4: ;   {metadata(method data for {method} {0x0000024328bd7e48} 'ffi_call' '(Lorg/lwjgl/system/libffi/FFICIF;JLjava/nio/ByteBuffer;Lorg/lwjgl/PointerBuffer;)V' in 'org/lwjgl/system/libffi/LibFFI')}
  0x000002430024aeb4: 0100 0048 | be10 bb2a | 2a43 0200 | 008b 9e90 | 0000 0083 | c302 899e | 9000 0000 | 81e3 fe07 
  0x000002430024aed4: 0000 85db | 0f84 bb06 

  0x000002430024aedc: ;   {metadata(method data for {method} {0x0000024328bd7e48} 'ffi_call' '(Lorg/lwjgl/system/libffi/FFICIF;JLjava/nio/ByteBuffer;Lorg/lwjgl/PointerBuffer;)V' in 'org/lwjgl/system/libffi/LibFFI')}
  0x000002430024aedc: 0000 48be | 10bb 2a2a | 4302 0000 | ff86 e800 

  0x000002430024aeec: ;   {metadata(method data for {method} {0x0000024328bd7e48} 'ffi_call' '(Lorg/lwjgl/system/libffi/FFICIF;JLjava/nio/ByteBuffer;Lorg/lwjgl/PointerBuffer;)V' in 'org/lwjgl/system/libffi/LibFFI')}
  0x000002430024aeec: 0000 48be | 10bb 2a2a | 4302 0000 | 4883 86f8 | 0000 0001 

  0x000002430024af00: ;   {metadata(method data for {method} {0x000002432898b018} 'check' '(J)J' in 'org/lwjgl/system/Checks')}
  0x000002430024af00: 48be 48fc | c728 4302 | 0000 8b9e | 9000 0000 | 83c3 0289 | 9e90 0000 | 0081 e3fe | ff1f 0085 
  0x000002430024af20: db0f 8493 | 0600 00be | 0000 0000 | 498b d848 

  0x000002430024af30: ;   {metadata(method data for {method} {0x000002432898b018} 'check' '(J)J' in 'org/lwjgl/system/Checks')}
  0x000002430024af30: 3bde 48be | 48fc c728 | 4302 0000 | bbe8 0000 | 0074 05bb | d800 0000 | 488b 041e | 488d 4001 
  0x000002430024af50: 4889 041e | 0f84 9d05 | 0000 483b | 0248 8bf2 

  0x000002430024af60: ;   {metadata(method data for {method} {0x0000024328bd7e48} 'ffi_call' '(Lorg/lwjgl/system/libffi/FFICIF;JLjava/nio/ByteBuffer;Lorg/lwjgl/PointerBuffer;)V' in 'org/lwjgl/system/libffi/LibFFI')}
  0x000002430024af60: 48bb 10bb | 2a2a 4302 | 0000 8b76 | 0841 ba00 | 0000 9349 | 03f2 483b | b310 0100 | 0075 0d48 
  0x000002430024af80: 8383 1801 | 0000 01e9 | 6000 0000 | 483b b320 | 0100 0075 | 0d48 8383 | 2801 0000 | 01e9 4a00 
  0x000002430024afa0: 0000 4883 | bb10 0100 | 0000 7517 | 4889 b310 | 0100 0048 | c783 1801 | 0000 0100 | 0000 e929 
  0x000002430024afc0: 0000 0048 | 83bb 2001 | 0000 0075 | 1748 89b3 | 2001 0000 | 48c7 8328 | 0100 0001 | 0000 00e9 
  0x000002430024afe0: 0800 0000 | 4883 8308 | 0100 0001 | 488b 7210 

  0x000002430024aff0: ;   {metadata(method data for {method} {0x0000024328bd7e48} 'ffi_call' '(Lorg/lwjgl/system/libffi/FFICIF;JLjava/nio/ByteBuffer;Lorg/lwjgl/PointerBuffer;)V' in 'org/lwjgl/system/libffi/LibFFI')}
  0x000002430024aff0: 48bb 10bb | 2a2a 4302 | 0000 4883 | 8338 0100 

  0x000002430024b000: ;   {metadata(method data for {method} {0x00000243289b8af0} 'memAddressSafe' '(Ljava/nio/ByteBuffer;)J' in 'org/lwjgl/system/MemoryUtil')}
  0x000002430024b000: 0001 48bb | f089 9729 | 4302 0000 | 8b83 9000 | 0000 83c0 | 0289 8390 | 0000 0025 | feff 1f00 
  0x000002430024b020: 85c0 0f84 | b805 0000 

  0x000002430024b028: ;   {metadata(method data for {method} {0x00000243289b8af0} 'memAddressSafe' '(Ljava/nio/ByteBuffer;)J' in 'org/lwjgl/system/MemoryUtil')}
  0x000002430024b028: 4d85 c948 | bbf0 8997 | 2943 0200 | 00b8 d800 | 0000 7505 | b8e8 0000 | 0048 8b14 | 0348 8d52 
  0x000002430024b048: 0148 8914 | 030f 8522 

  0x000002430024b050: ;   {metadata(method data for {method} {0x00000243289b8af0} 'memAddressSafe' '(Ljava/nio/ByteBuffer;)J' in 'org/lwjgl/system/MemoryUtil')}
  0x000002430024b050: 0000 0048 | bbf0 8997 | 2943 0200 | 00ff 83f8 | 0000 00bb | 0000 0000 | 4889 b424 | 1001 0000 
  0x000002430024b070: e9f7 0200 

  0x000002430024b074: ;   {metadata(method data for {method} {0x00000243289b8af0} 'memAddressSafe' '(Ljava/nio/ByteBuffer;)J' in 'org/lwjgl/system/MemoryUtil')}
  0x000002430024b074: 0048 bbf0 | 8997 2943 | 0200 0048 | 8383 1001 

  0x000002430024b084: ;   {metadata(method data for {method} {0x00000243289b7888} 'memAddress0' '(Ljava/nio/ByteBuffer;)J' in 'org/lwjgl/system/MemoryUtil')}
  0x000002430024b084: 0000 0148 | bb20 3ecc | 2843 0200 | 008b 8390 | 0000 0083 | c002 8983 | 9000 0000 | 25fe ff1f 
  0x000002430024b0a4: 0085 c00f | 8454 0500 

  0x000002430024b0ac: ;   {metadata(method data for {method} {0x00000243289b7888} 'memAddress0' '(Ljava/nio/ByteBuffer;)J' in 'org/lwjgl/system/MemoryUtil')}
  0x000002430024b0ac: 0048 bb20 | 3ecc 2843 | 0200 0048 | 8d9b 0801 | 0000 4d85 | c975 0ef6 | 4308 0175 | 2df0 4883 
  0x000002430024b0cc: 4b08 01eb | 2541 8b41 | 0841 ba00 | 0000 9349 | 03c2 4c8b | d048 3343 | 0848 a9fc | ffff ff74 
  0x000002430024b0ec: 09a8 0275 | 0548 834b 

  0x000002430024b0f4: ;   {oop(a 'sun/misc/Unsafe'{0x00000006064b0e20})}
  0x000002430024b0f4: 0802 48bb | 200e 4b06 | 0600 0000 

  0x000002430024b100: ;   {metadata(method data for {method} {0x00000243289b7888} 'memAddress0' '(Ljava/nio/ByteBuffer;)J' in 'org/lwjgl/system/MemoryUtil')}
  0x000002430024b100: 48b8 203e | cc28 4302 | 0000 8b5b | 0841 ba00 | 0000 9349 | 03da 483b | 98e0 0000 | 0075 0d48 
  0x000002430024b120: 8380 e800 | 0000 01e9 | 6000 0000 | 483b 98f0 | 0000 0075 | 0d48 8380 | f800 0000 | 01e9 4a00 
  0x000002430024b140: 0000 4883 | b8e0 0000 | 0000 7517 | 4889 98e0 | 0000 0048 | c780 e800 | 0000 0100 | 0000 e929 
  0x000002430024b160: 0000 0048 | 83b8 f000 | 0000 0075 | 1748 8998 | f000 0000 | 48c7 80f8 | 0000 0001 | 0000 00e9 
  0x000002430024b180: 0800 0000 | 4883 80d8 | 0000 0001 

  0x000002430024b18c: ;   {metadata(method data for {method} {0x0000024317ba6b38} 'getLong' '(Ljava/lang/Object;J)J' in 'sun/misc/Unsafe')}
  0x000002430024b18c: 48bb 00bf | 9f28 4302 | 0000 8b83 | 9000 0000 | 83c0 0289 | 8390 0000 | 0025 feff | 1f00 85c0 
  0x000002430024b1ac: 0f84 7004 

  0x000002430024b1b0: ;   {metadata(method data for {method} {0x0000024317ba6b38} 'getLong' '(Ljava/lang/Object;J)J' in 'sun/misc/Unsafe')}
  0x000002430024b1b0: 0000 48bb | 00bf 9f28 | 4302 0000 | 4883 83d8 | 0000 0001 

  0x000002430024b1c4: ;   {metadata(method data for {method} {0x0000024317bab428} 'beforeMemoryAccess' '()V' in 'sun/misc/Unsafe')}
  0x000002430024b1c4: 48bb 688d | 9f28 4302 | 0000 8b83 | 9000 0000 | 83c0 0289 | 8390 0000 | 0025 feff | 1f00 85c0 
  0x000002430024b1e4: 0f84 5904 

  0x000002430024b1e8: ;   {metadata(method data for {method} {0x0000024317bab428} 'beforeMemoryAccess' '()V' in 'sun/misc/Unsafe')}
  0x000002430024b1e8: 0000 48bb | 688d 9f28 | 4302 0000 | ff83 d800 

  0x000002430024b1f8: ;   {metadata(method data for {method} {0x0000024317bab428} 'beforeMemoryAccess' '()V' in 'sun/misc/Unsafe')}
  0x000002430024b1f8: 0000 48bb | 688d 9f28 | 4302 0000 | ff83 0801 

  0x000002430024b208: ;   {metadata(method data for {method} {0x0000024317bab428} 'beforeMemoryAccess' '()V' in 'sun/misc/Unsafe')}
  0x000002430024b208: 0000 48bb | 688d 9f28 | 4302 0000 | 4883 8318 | 0100 0001 

  0x000002430024b21c: ;   {metadata(method data for {method} {0x0000024317bab2c0} 'isMemoryAccessWarned' '()Z' in 'sun/misc/Unsafe')}
  0x000002430024b21c: 48bb f88e | 9f28 4302 | 0000 8b83 | 9000 0000 | 83c0 0289 | 8390 0000 | 0025 feff | 1f00 85c0 
  0x000002430024b23c: 0f84 2204 | 0000 bbe0 

  0x000002430024b244: ;   {oop(a 'java/lang/Class'{0x00000006064b0d38} = 'sun/misc/Unsafe')}
  0x000002430024b244: 0000 0048 | b838 0d4b | 0606 0000 | 000f be1c | 1885 db0f | 8405 0000 | 00bb 0100 | 0000 83e3 
  0x000002430024b264: ;   {metadata(method data for {method} {0x0000024317bab428} 'beforeMemoryAccess' '()V' in 'sun/misc/Unsafe')}
  0x000002430024b264: 0185 db48 | bb68 8d9f | 2843 0200 | 00b8 3801 | 0000 7505 | b828 0100 | 0048 8b14 | 0348 8d52 
  0x000002430024b284: 0148 8914 | 0348 89b4 | 2410 0100 | 000f 852d 

  0x000002430024b294: ;   {metadata(method data for {method} {0x0000024317bab428} 'beforeMemoryAccess' '()V' in 'sun/misc/Unsafe')}
  0x000002430024b294: 0000 0048 | bb68 8d9f | 2843 0200 | 0048 8383 | 4801 0000 | 0166 0f1f 

  0x000002430024b2ac: ;   {static_call}
  0x000002430024b2ac: 4400 00e8 

  0x000002430024b2b0: ; ImmutableOopMap {[256]=Oop [264]=Oop }
                      ;*invokestatic beforeMemoryAccessSlow {reexecute=0 rethrow=0 return_oop=0}
                      ; - sun.misc.Unsafe::beforeMemoryAccess@26 (line 1787)
                      ; - sun.misc.Unsafe::getLong@0 (line 356)
                      ; - org.lwjgl.system.MemoryUtil::memAddress0@7 (line 774)
                      ; - org.lwjgl.system.MemoryUtil::memAddressSafe@9 (line 890)
                      ; - org.lwjgl.system.libffi.LibFFI::ffi_call@17 (line 555)
  0x000002430024b2b0: 2c41 2507 

  0x000002430024b2b4: ;   {post_call_nop}
  0x000002430024b2b4: 0f1f 8400 | 2c05 0000 | 4c8b 8c24 | 0001 0000 | ba10 0000 | 0049 8b34 | 1149 3b01 

  0x000002430024b2d0: ;   {metadata(method data for {method} {0x00000243289b8af0} 'memAddressSafe' '(Ljava/nio/ByteBuffer;)J' in 'org/lwjgl/system/MemoryUtil')}
  0x000002430024b2d0: 498b d148 | bff0 8997 | 2943 0200 | 008b 5208 | 41ba 0000 | 0093 4903 | d248 3b97 | 2801 0000 
  0x000002430024b2f0: 750d 4883 | 8730 0100 | 0001 e960 | 0000 0048 | 3b97 3801 | 0000 750d | 4883 8740 | 0100 0001 
  0x000002430024b310: e94a 0000 | 0048 83bf | 2801 0000 | 0075 1748 | 8997 2801 | 0000 48c7 | 8730 0100 | 0001 0000 
  0x000002430024b330: 00e9 2900 | 0000 4883 | bf38 0100 | 0000 7517 | 4889 9738 | 0100 0048 | c787 4001 | 0000 0100 
  0x000002430024b350: 0000 e908 | 0000 0048 | 8387 2001 | 0000 0141 | 8b51 1848 | 63d2 4803 | d648 8bda | 488b bc24 
  0x000002430024b370: 0801 0000 

  0x000002430024b374: ;   {metadata(method data for {method} {0x0000024328bd7e48} 'ffi_call' '(Lorg/lwjgl/system/libffi/FFICIF;JLjava/nio/ByteBuffer;Lorg/lwjgl/PointerBuffer;)V' in 'org/lwjgl/system/libffi/LibFFI')}
  0x000002430024b374: 48ba 10bb | 2a2a 4302 | 0000 4883 | 8248 0100 

  0x000002430024b384: ;   {metadata(method data for {method} {0x00000243289b9110} 'memAddressSafe' '(Lorg/lwjgl/system/Pointer;)J' in 'org/lwjgl/system/MemoryUtil')}
  0x000002430024b384: 0001 48ba | 082a 0f2a | 4302 0000 | 8bb2 9000 | 0000 83c6 | 0289 b290 | 0000 0081 | e6fe ff1f 
  0x000002430024b3a4: 0085 f60f | 84dd 0200 | 0048 85ff 

  0x000002430024b3b0: ;   {metadata(method data for {method} {0x00000243289b9110} 'memAddressSafe' '(Lorg/lwjgl/system/Pointer;)J' in 'org/lwjgl/system/MemoryUtil')}
  0x000002430024b3b0: 48ba 082a | 0f2a 4302 | 0000 bed8 | 0000 0075 | 05be e800 | 0000 488b | 0432 488d | 4001 4889 
  0x000002430024b3d0: 0432 0f85 | 2200 0000 

  0x000002430024b3d8: ;   {metadata(method data for {method} {0x00000243289b9110} 'memAddressSafe' '(Lorg/lwjgl/system/Pointer;)J' in 'org/lwjgl/system/MemoryUtil')}
  0x000002430024b3d8: 48ba 082a | 0f2a 4302 | 0000 ff82 | f800 0000 | be00 0000 | 0048 899c | 2420 0100 | 00e9 ad00 
  0x000002430024b3f8: 0000 4889 | 9c24 2001 | 0000 483b | 0748 8bd7 

  0x000002430024b408: ;   {metadata(method data for {method} {0x00000243289b9110} 'memAddressSafe' '(Lorg/lwjgl/system/Pointer;)J' in 'org/lwjgl/system/MemoryUtil')}
  0x000002430024b408: 48be 082a | 0f2a 4302 | 0000 8b52 | 0841 ba00 | 0000 9349 | 03d2 483b | 9618 0100 | 0075 0d48 
  0x000002430024b428: 8386 2001 | 0000 01e9 | 6000 0000 | 483b 9628 | 0100 0075 | 0d48 8386 | 3001 0000 | 01e9 4a00 
  0x000002430024b448: 0000 4883 | be18 0100 | 0000 7517 | 4889 9618 | 0100 0048 | c786 2001 | 0000 0100 | 0000 e929 
  0x000002430024b468: 0000 0048 | 83be 2801 | 0000 0075 | 1748 8996 | 2801 0000 | 48c7 8630 | 0100 0001 | 0000 00e9 
  0x000002430024b488: 0800 0000 | 4883 8610 | 0100 0001 

  0x000002430024b494: ;   {optimized virtual_call}
  0x000002430024b494: 488b d7e8 

  0x000002430024b498: ; ImmutableOopMap {}
                      ;*invokeinterface address {reexecute=0 rethrow=0 return_oop=0}
                      ; - org.lwjgl.system.MemoryUtil::memAddressSafe@9 (line 911)
                      ; - org.lwjgl.system.libffi.LibFFI::ffi_call@22 (line 555)
  0x000002430024b498: f401 4c08 

  0x000002430024b49c: ;   {post_call_nop}
  0x000002430024b49c: 0f1f 8400 | 1407 0001 | 488b f048 | 8b9c 2420 | 0100 0048 | 8b94 2410 

  0x000002430024b4b4: ;   {metadata(method data for {method} {0x0000024328bd7e48} 'ffi_call' '(Lorg/lwjgl/system/libffi/FFICIF;JLjava/nio/ByteBuffer;Lorg/lwjgl/PointerBuffer;)V' in 'org/lwjgl/system/libffi/LibFFI')}
  0x000002430024b4b4: 0100 0049 | b810 bb2a | 2a43 0200 | 0049 8380 | 5801 0000 | 014c 8b84 | 2418 0100 | 004c 8bcb 
  0x000002430024b4d4: ;   {static_call}
  0x000002430024b4d4: 488b fee8 

  0x000002430024b4d8: ; ImmutableOopMap {}
                      ;*invokestatic nffi_call {reexecute=0 rethrow=0 return_oop=0}
                      ; - org.lwjgl.system.libffi.LibFFI::ffi_call@25 (line 555)
  0x000002430024b4d8: b44e 3a08 

  0x000002430024b4dc: ;   {post_call_nop}
  0x000002430024b4dc: 0f1f 8400 | 5407 0002 | 4881 c440 | 0100 005d 

  0x000002430024b4ec: ;   {poll_return}
  0x000002430024b4ec: 493b 6728 | 0f87 ba01 | 0000 c348 | 8994 2430 | 0100 0090 

  0x000002430024b500: ;   {other}
  0x000002430024b500: e9d0 0100 | 0000 0000 | 0000 498b | 87c8 0100 | 0048 8d78 | 3049 3bbf | d801 0000 | 0f87 bd01 
  0x000002430024b520: 0000 4989 | bfc8 0100 | 0048 c700 | 0100 0000 | 488b ca41 | ba00 0000 | 9349 2bca | 8948 0848 
  0x000002430024b540: 33c9 8948 | 0c48 33c9 | 4889 4810 | 4889 4818 | 4889 4820 | 4889 4828 

  0x000002430024b558: ;   {metadata(method data for {method} {0x000002432898b018} 'check' '(J)J' in 'org/lwjgl/system/Checks')}
  0x000002430024b558: 488b d048 | be48 fcc7 | 2843 0200 | 0048 8386 | f800 0000 | 0148 8bd0 | 4889 8424 | 2801 0000 
  0x000002430024b578: 0f1f 8000 

  0x000002430024b57c: ;   {optimized virtual_call}
  0x000002430024b57c: 0000 00e8 

  0x000002430024b580: ; ImmutableOopMap {[256]=Oop [264]=Oop [296]=Oop [304]=Oop }
                      ;*invokespecial <init> {reexecute=0 rethrow=0 return_oop=0}
                      ; - org.lwjgl.system.Checks::check@10 (line 188)
                      ; - org.lwjgl.system.libffi.LibFFI::ffi_call@7 (line 553)
  0x000002430024b580: 5c38 2507 

  0x000002430024b584: ;   {post_call_nop}
  0x000002430024b584: 0f1f 8400 | fc07 0003 | 488b 8424 | 2801 0000 | e970 0100 

  0x000002430024b598: ;   {metadata({method} {0x0000024328bd7e48} 'ffi_call' '(Lorg/lwjgl/system/libffi/FFICIF;JLjava/nio/ByteBuffer;Lorg/lwjgl/PointerBuffer;)V' in 'org/lwjgl/system/libffi/LibFFI')}
  0x000002430024b598: 0049 ba40 | 7ebd 2843 | 0200 004c | 8954 2408 | 48c7 0424 | ffff ffff 

  0x000002430024b5b0: ;   {runtime_call C1 Runtime counter_overflow_blob}
  0x000002430024b5b0: e82b 2932 

  0x000002430024b5b4: ; ImmutableOopMap {rdx=Oop r9=Oop rdi=Oop [256]=Oop [264]=Oop }
                      ;*synchronization entry
                      ; - org.lwjgl.system.libffi.LibFFI::ffi_call@-1 (line 552)
  0x000002430024b5b4: 07e9 24f9 

  0x000002430024b5b8: ;   {metadata({method} {0x000002432898b018} 'check' '(J)J' in 'org/lwjgl/system/Checks')}
  0x000002430024b5b8: ffff 49ba | 10b0 9828 | 4302 0000 | 4c89 5424 | 0848 c704 | 24ff ffff 

  0x000002430024b5d0: ;   {runtime_call C1 Runtime counter_overflow_blob}
  0x000002430024b5d0: ffe8 0a29 

  0x000002430024b5d4: ; ImmutableOopMap {rdx=Oop r9=Oop rdi=Oop [256]=Oop [264]=Oop }
                      ;*synchronization entry
                      ; - org.lwjgl.system.Checks::check@-1 (line 187)
                      ; - org.lwjgl.system.libffi.LibFFI::ffi_call@7 (line 553)
  0x000002430024b5d4: 3207 e94c 

  0x000002430024b5d8: ;   {runtime_call C1 Runtime throw_null_pointer_exception_blob}
  0x000002430024b5d8: f9ff ffe8 

  0x000002430024b5dc: ; ImmutableOopMap {rdx=Oop r9=Oop rdi=Oop [256]=Oop [264]=Oop }
                      ;*invokevirtual address {reexecute=0 rethrow=0 return_oop=0}
                      ; - org.lwjgl.system.libffi.LibFFI::ffi_call@12 (line 555)
  0x000002430024b5dc: 00cd 3107 

  0x000002430024b5e0: ;   {metadata({method} {0x00000243289b8af0} 'memAddressSafe' '(Ljava/nio/ByteBuffer;)J' in 'org/lwjgl/system/MemoryUtil')}
  0x000002430024b5e0: 49ba e88a | 9b28 4302 | 0000 4c89 | 5424 0848 | c704 24ff 

  0x000002430024b5f4: ;   {runtime_call C1 Runtime counter_overflow_blob}
  0x000002430024b5f4: ffff ffe8 

  0x000002430024b5f8: ; ImmutableOopMap {r9=Oop rdi=Oop [256]=Oop [264]=Oop }
                      ;*synchronization entry
                      ; - org.lwjgl.system.MemoryUtil::memAddressSafe@-1 (line 890)
                      ; - org.lwjgl.system.libffi.LibFFI::ffi_call@17 (line 555)
  0x000002430024b5f8: e428 3207 | e927 faff 

  0x000002430024b600: ;   {metadata({method} {0x00000243289b7888} 'memAddress0' '(Ljava/nio/ByteBuffer;)J' in 'org/lwjgl/system/MemoryUtil')}
  0x000002430024b600: ff49 ba80 | 789b 2843 | 0200 004c | 8954 2408 | 48c7 0424 | ffff ffff 

  0x000002430024b618: ;   {runtime_call C1 Runtime counter_overflow_blob}
  0x000002430024b618: e8c3 2832 

  0x000002430024b61c: ; ImmutableOopMap {rdi=Oop r9=Oop [256]=Oop [264]=Oop }
                      ;*synchronization entry
                      ; - org.lwjgl.system.MemoryUtil::memAddress0@-1 (line 774)
                      ; - org.lwjgl.system.MemoryUtil::memAddressSafe@9 (line 890)
                      ; - org.lwjgl.system.libffi.LibFFI::ffi_call@17 (line 555)
  0x000002430024b61c: 07e9 8bfa 

  0x000002430024b620: ;   {metadata({method} {0x0000024317ba6b38} 'getLong' '(Ljava/lang/Object;J)J' in 'sun/misc/Unsafe')}
  0x000002430024b620: ffff 49ba | 306b ba17 | 4302 0000 | 4c89 5424 | 0848 c704 | 24ff ffff 

  0x000002430024b638: ;   {runtime_call C1 Runtime counter_overflow_blob}
  0x000002430024b638: ffe8 a228 

  0x000002430024b63c: ; ImmutableOopMap {rdi=Oop r9=Oop [256]=Oop [264]=Oop }
                      ;*synchronization entry
                      ; - sun.misc.Unsafe::getLong@-1 (line 356)
                      ; - org.lwjgl.system.MemoryUtil::memAddress0@7 (line 774)
                      ; - org.lwjgl.system.MemoryUtil::memAddressSafe@9 (line 890)
                      ; - org.lwjgl.system.libffi.LibFFI::ffi_call@17 (line 555)
  0x000002430024b63c: 3207 e96f 

  0x000002430024b640: ;   {metadata({method} {0x0000024317bab428} 'beforeMemoryAccess' '()V' in 'sun/misc/Unsafe')}
  0x000002430024b640: fbff ff49 | ba20 b4ba | 1743 0200 | 004c 8954 | 2408 48c7 | 0424 ffff 

  0x000002430024b658: ;   {runtime_call C1 Runtime counter_overflow_blob}
  0x000002430024b658: ffff e881 

  0x000002430024b65c: ; ImmutableOopMap {rdi=Oop r9=Oop [256]=Oop [264]=Oop }
                      ;*synchronization entry
                      ; - sun.misc.Unsafe::beforeMemoryAccess@-1 (line 1777)
                      ; - sun.misc.Unsafe::getLong@0 (line 356)
                      ; - org.lwjgl.system.MemoryUtil::memAddress0@7 (line 774)
                      ; - org.lwjgl.system.MemoryUtil::memAddressSafe@9 (line 890)
                      ; - org.lwjgl.system.libffi.LibFFI::ffi_call@17 (line 555)
  0x000002430024b65c: 2832 07e9 | 86fb ffff 

  0x000002430024b664: ;   {metadata({method} {0x0000024317bab2c0} 'isMemoryAccessWarned' '()Z' in 'sun/misc/Unsafe')}
  0x000002430024b664: 49ba b8b2 | ba17 4302 | 0000 4c89 | 5424 0848 | c704 24ff 

  0x000002430024b678: ;   {runtime_call C1 Runtime counter_overflow_blob}
  0x000002430024b678: ffff ffe8 

  0x000002430024b67c: ; ImmutableOopMap {rdi=Oop r9=Oop [256]=Oop [264]=Oop }
                      ;*synchronization entry
                      ; - sun.misc.Unsafe::isMemoryAccessWarned@-1 (line 1763)
                      ; - sun.misc.Unsafe::beforeMemoryAccess@19 (line 1781)
                      ; - sun.misc.Unsafe::getLong@0 (line 356)
                      ; - org.lwjgl.system.MemoryUtil::memAddress0@7 (line 774)
                      ; - org.lwjgl.system.MemoryUtil::memAddressSafe@9 (line 890)
                      ; - org.lwjgl.system.libffi.LibFFI::ffi_call@17 (line 555)
  0x000002430024b67c: 6028 3207 | e9bd fbff 

  0x000002430024b684: ;   {runtime_call C1 Runtime throw_null_pointer_exception_blob}
  0x000002430024b684: ffe8 56cc 

  0x000002430024b688: ; ImmutableOopMap {r9=Oop [256]=Oop [264]=Oop }
                      ;*invokevirtual position {reexecute=0 rethrow=0 return_oop=0}
                      ; - org.lwjgl.system.MemoryUtil::memAddressSafe@13 (line 890)
                      ; - org.lwjgl.system.libffi.LibFFI::ffi_call@17 (line 555)
                      ;   {metadata({method} {0x00000243289b9110} 'memAddressSafe' '(Lorg/lwjgl/system/Pointer;)J' in 'org/lwjgl/system/MemoryUtil')}
  0x000002430024b688: 3107 49ba | 0891 9b28 | 4302 0000 | 4c89 5424 | 0848 c704 | 24ff ffff 

  0x000002430024b6a0: ;   {runtime_call C1 Runtime counter_overflow_blob}
  0x000002430024b6a0: ffe8 3a28 

  0x000002430024b6a4: ; ImmutableOopMap {rdi=Oop [264]=Oop }
                      ;*synchronization entry
                      ; - org.lwjgl.system.MemoryUtil::memAddressSafe@-1 (line 911)
                      ; - org.lwjgl.system.libffi.LibFFI::ffi_call@22 (line 555)
  0x000002430024b6a4: 3207 e902 

  0x000002430024b6a8: ;   {runtime_call C1 Runtime throw_null_pointer_exception_blob}
  0x000002430024b6a8: fdff ffe8 

  0x000002430024b6ac: ; ImmutableOopMap {rdi=Oop [264]=Oop }
                      ;*invokeinterface address {reexecute=0 rethrow=0 return_oop=0}
                      ; - org.lwjgl.system.MemoryUtil::memAddressSafe@9 (line 911)
                      ; - org.lwjgl.system.libffi.LibFFI::ffi_call@22 (line 555)
  0x000002430024b6ac: 30cc 3107 

  0x000002430024b6b0: ;   {internal_word}
  0x000002430024b6b0: 49ba ecb4 | 2400 4302 | 0000 4d89 | 97e0 0400 

  0x000002430024b6c0: ;   {runtime_call SafepointBlob}
  0x000002430024b6c0: 00e9 9a58 

  0x000002430024b6c4: ;   {metadata(nullptr)}
  0x000002430024b6c4: 2507 48ba | 0000 0000 | 0000 0000 | b800 0f05 

  0x000002430024b6d4: ;   {runtime_call C1 Runtime load_klass_patching_blob}
  0x000002430024b6d4: 0ae8 0613 

  0x000002430024b6d8: ; ImmutableOopMap {[256]=Oop [264]=Oop [304]=Oop }
                      ;*new {reexecute=1 rethrow=0 return_oop=0}
                      ; - (reexecute) org.lwjgl.system.Checks::check@6 (line 188)
                      ; - org.lwjgl.system.libffi.LibFFI::ffi_call@7 (line 553)
  0x000002430024b6d8: 3207 e921 | feff ff48 

  0x000002430024b6e0: ;   {runtime_call C1 Runtime fast_new_instance_blob}
  0x000002430024b6e0: 8bd2 e8f9 

  0x000002430024b6e4: ; ImmutableOopMap {[256]=Oop [264]=Oop [304]=Oop }
                      ;*new {reexecute=0 rethrow=0 return_oop=0}
                      ; - org.lwjgl.system.Checks::check@6 (line 188)
                      ; - org.lwjgl.system.libffi.LibFFI::ffi_call@7 (line 553)
  0x000002430024b6e4: d431 07e9 | 6cfe ffff | 498b 8788 | 0500 0049 | c787 8805 | 0000 0000 | 0000 49c7 | 8790 0500 
  0x000002430024b704: 0000 0000 | 0048 81c4 | 4001 0000 

  0x000002430024b710: ;   {runtime_call C1 Runtime unwind_exception_blob}
  0x000002430024b710: 5de9 cab5 | 3107 f4f4 
[Stub Code]
  0x000002430024b718: ;   {other}
  0x000002430024b718: 0f1f 4400 

  0x000002430024b71c: ;   {static_stub}
  0x000002430024b71c: 0048 bb00 | 0000 0000 

  0x000002430024b724: ;   {runtime_call nmethod}
  0x000002430024b724: 0000 00e9 | fbff ffff 

  0x000002430024b72c: ;   {static_stub}
  0x000002430024b72c: 48bb 0000 | 0000 0000 

  0x000002430024b734: ;   {runtime_call nmethod}
  0x000002430024b734: 0000 e9fb 

  0x000002430024b738: ;   {static_stub}
  0x000002430024b738: ffff ff48 | bb00 0000 | 0000 0000 

  0x000002430024b744: ;   {runtime_call nmethod}
  0x000002430024b744: 00e9 fbff 

  0x000002430024b748: ;   {static_stub}
  0x000002430024b748: ffff 48bb | 0000 0000 | 0000 0000 

  0x000002430024b754: ;   {runtime_call nmethod}
  0x000002430024b754: e9fb ffff 

  0x000002430024b758: ;   {runtime_call C1 Runtime handle_exception_from_callee_blob}
  0x000002430024b758: ffe8 82e9 

  0x000002430024b75c: ;   {external_word}
  0x000002430024b75c: 3107 48b9 | 7000 7d50 | fb7f 0000 | 4883 e4f0 

  0x000002430024b76c: ;   {runtime_call}
  0x000002430024b76c: 48b8 7090 | 3750 fb7f | 0000 ffd0 

  0x000002430024b778: ;   {section_word}
  0x000002430024b778: f449 ba79 | b724 0043 | 0200 0041 

  0x000002430024b784: ;   {runtime_call DeoptimizationBlob}
  0x000002430024b784: 52e9 d65a | 2507 f4f4 | f4f4 f4f4 
[/MachCode]


Compiled method (c1) 32535 19153   !   3       org.vivecraft.client.utils.JNIUtils::callI (93 bytes)
 total in heap  [0x000002430060cb88,0x000002430060d970] = 3560
 main code      [0x000002430060cc80,0x000002430060d880] = 3072
 stub code      [0x000002430060d880,0x000002430060d960] = 224
 oops           [0x000002430060d960,0x000002430060d970] = 16
 mutable data [0x000002431f7e0ee0,0x000002431f7e1060] = 384
 relocation     [0x000002431f7e0ee0,0x000002431f7e1008] = 296
 metadata       [0x000002431f7e1008,0x000002431f7e1060] = 88
 immutable data [0x000002432352df40,0x000002432352e420] = 1248
 dependencies   [0x000002432352df40,0x000002432352df68] = 40
 nul chk table  [0x000002432352df68,0x000002432352df98] = 48
 handler table  [0x000002432352df98,0x000002432352e0a0] = 264
 scopes pcs     [0x000002432352e0a0,0x000002432352e240] = 416
 scopes data    [0x000002432352e240,0x000002432352e420] = 480

[Constant Pool (empty)]

[MachCode]
[Verified Entry Point]
  # {method} {0x0000024329eaa7a8} 'callI' '(Ljava/lang/String;J[Ljava/lang/Object;)I' in 'org/vivecraft/client/utils/JNIUtils'
  # parm0:    rdx:rdx   = 'java/lang/String'
  # parm1:    r8:r8     = long
  # parm2:    r9:r9     = '[Ljava/lang/Object;'
  #           [sp+0xd0]  (sp of caller)
  0x000002430060cc80: 8984 2400 | 80ff ff55 | 4881 ecc0 | 0000 0090 | 4181 7f20 | 0f00 0000 

  0x000002430060cc98: ;   {runtime_call Stub::method_entry_barrier}
  0x000002430060cc98: 7405 e8a1 | 75e7 064c | 8944 2478 | 4c89 4c24 

  0x000002430060cca8: ;   {metadata(method data for {method} {0x0000024329eaa7a8} 'callI' '(Ljava/lang/String;J[Ljava/lang/Object;)I' in 'org/vivecraft/client/utils/JNIUtils')}
  0x000002430060cca8: 7048 be48 | b82a 2a43 | 0200 008b | be90 0000 | 0083 c702 | 89be 9000 | 0000 81e7 | fe07 0000 
  0x000002430060ccc8: 85ff 0f84 | 610a 0000 | 4889 5424 

  0x000002430060ccd4: ;   {metadata(method data for {method} {0x0000024329eaa7a8} 'callI' '(Ljava/lang/String;J[Ljava/lang/Object;)I' in 'org/vivecraft/client/utils/JNIUtils')}
  0x000002430060ccd4: 6848 be48 | b82a 2a43 | 0200 0048 | 8386 d800 

  0x000002430060cce4: ;   {metadata(method data for {method} {0x00000243289a9ec0} 'stackPush' '()Lorg/lwjgl/system/MemoryStack;' in 'org/lwjgl/system/MemoryStack')}
  0x000002430060cce4: 0000 0148 | be48 fecd | 2843 0200 | 008b be90 | 0000 0083 | c702 89be | 9000 0000 | 81e7 feff 
  0x000002430060cd04: 1f00 85ff | 0f84 440a 

  0x000002430060cd0c: ;   {metadata(method data for {method} {0x00000243289a9ec0} 'stackPush' '()Lorg/lwjgl/system/MemoryStack;' in 'org/lwjgl/system/MemoryStack')}
  0x000002430060cd0c: 0000 48be | 48fe cd28 | 4302 0000 | 4883 86d8 | 0000 0001 

  0x000002430060cd20: ;   {metadata(method data for {method} {0x00000243289a9e20} 'stackGet' '()Lorg/lwjgl/system/MemoryStack;' in 'org/lwjgl/system/MemoryStack')}
  0x000002430060cd20: 48be d8fc | cd28 4302 | 0000 8bbe | 9000 0000 | 83c7 0289 | be90 0000 | 0081 e7fe | ff1f 0085 
  0x000002430060cd40: ff0f 842c 

  0x000002430060cd44: ;   {oop(a 'java/lang/ThreadLocal$SuppliedThreadLocal'{0x000000060fc93ed8})}
  0x000002430060cd44: 0a00 0048 | bed8 3ec9 | 0f06 0000 | 0048 8bfe 

  0x000002430060cd54: ;   {metadata(method data for {method} {0x00000243289a9e20} 'stackGet' '()Lorg/lwjgl/system/MemoryStack;' in 'org/lwjgl/system/MemoryStack')}
  0x000002430060cd54: 48bb d8fc | cd28 4302 | 0000 8b7f | 0841 ba00 | 0000 9349 | 03fa 483b | bbe0 0000 | 0075 0d48 
  0x000002430060cd74: 8383 e800 | 0000 01e9 | 6000 0000 | 483b bbf0 | 0000 0075 | 0d48 8383 | f800 0000 | 01e9 4a00 
  0x000002430060cd94: 0000 4883 | bbe0 0000 | 0000 7517 | 4889 bbe0 | 0000 0048 | c783 e800 | 0000 0100 | 0000 e929 
  0x000002430060cdb4: 0000 0048 | 83bb f000 | 0000 0075 | 1748 89bb | f000 0000 | 48c7 83f8 | 0000 0001 | 0000 00e9 
  0x000002430060cdd4: 0800 0000 | 4883 83d8 | 0000 0001 

  0x000002430060cde0: ;   {metadata(method data for {method} {0x000000009325cca0} 'get' '()Ljava/lang/Object;' in 'java/lang/ThreadLocal')}
  0x000002430060cde0: 48bf d0d8 | 3217 4302 | 0000 8b9f | 9000 0000 | 83c3 0289 | 9f90 0000 | 0081 e3fe | ff1f 0085 
  0x000002430060ce00: db0f 848d 

  0x000002430060ce04: ;   {metadata(method data for {method} {0x000000009325cca0} 'get' '()Ljava/lang/Object;' in 'java/lang/ThreadLocal')}
  0x000002430060ce04: 0900 0048 | bfd0 d832 | 1743 0200 | 0048 8387 | d800 0000 | 0148 8bfe 

  0x000002430060ce1c: ;   {metadata(method data for {method} {0x000000009325cca0} 'get' '()Ljava/lang/Object;' in 'java/lang/ThreadLocal')}
  0x000002430060ce1c: 48bb d0d8 | 3217 4302 | 0000 4883 | 83e8 0000 | 0001 498b | bf10 0400 | 0048 8b3f | 4c8b c748 
  0x000002430060ce3c: ;   {optimized virtual_call}
  0x000002430060ce3c: 8bd6 90e8 

  0x000002430060ce40: ; ImmutableOopMap {[104]=Oop [112]=Oop }
                      ;*invokevirtual get {reexecute=0 rethrow=0 return_oop=0}
                      ; - java.lang.ThreadLocal::get@4 (line 171)
                      ; - org.lwjgl.system.MemoryStack::stackGet@3 (line 899)
                      ; - org.lwjgl.system.MemoryStack::stackPush@0 (line 908)
                      ; - org.vivecraft.client.utils.JNIUtils::callI@0 (line 60)
  0x000002430060ce40: 4cf9 6d07 

  0x000002430060ce44: ;   {post_call_nop}
  0x000002430060ce44: 0f1f 8400 | bc02 0000 

  0x000002430060ce4c: ;   {metadata(method data for {method} {0x00000243289a9e20} 'stackGet' '()Lorg/lwjgl/system/MemoryStack;' in 'org/lwjgl/system/MemoryStack')}
  0x000002430060ce4c: 4885 c048 | bfd8 fccd | 2843 0200 | 0075 0c80 | 8f01 0100 | 0001 e9a7 | 0000 008b | 5808 41ba 
  0x000002430060ce6c: 0000 0093 | 4903 da48 | 3b9f 1001 | 0000 750d | 4883 8718 | 0100 0001 | e960 0000 | 0048 3b9f 
  0x000002430060ce8c: 2001 0000 | 750d 4883 | 8728 0100 | 0001 e94a | 0000 0048 | 83bf 1001 | 0000 0075 | 1748 899f 
  0x000002430060ceac: 1001 0000 | 48c7 8718 | 0100 0001 | 0000 00e9 | 2900 0000 | 4883 bf20 | 0100 0000 | 7517 4889 
  0x000002430060cecc: 9f20 0100 | 0048 c787 | 2801 0000 | 0100 0000 | e908 0000 | 0048 8387 | 0801 0000 

  0x000002430060cee8: ;   {metadata('org/lwjgl/system/MemoryStack')}
  0x000002430060cee8: 0148 bb80 | 14f4 9400 | 0000 008b | 7808 41ba | 0000 0093 | 4903 fa48 | 3b5f 400f | 85ac 0800 
  0x000002430060cf08: 00e9 0000 | 0000 488b | d048 3b02 

  0x000002430060cf14: ;   {metadata(method data for {method} {0x00000243289a9ec0} 'stackPush' '()Lorg/lwjgl/system/MemoryStack;' in 'org/lwjgl/system/MemoryStack')}
  0x000002430060cf14: 488b f248 | bf48 fecd | 2843 0200 | 008b 7608 | 41ba 0000 | 0093 4903 | f248 3bb7 | f000 0000 
  0x000002430060cf34: 750d 4883 | 87f8 0000 | 0001 e960 | 0000 0048 | 3bb7 0001 | 0000 750d | 4883 8708 | 0100 0001 
  0x000002430060cf54: e94a 0000 | 0048 83bf | f000 0000 | 0075 1748 | 89b7 f000 | 0000 48c7 | 87f8 0000 | 0001 0000 
  0x000002430060cf74: 00e9 2900 | 0000 4883 | bf00 0100 | 0000 7517 | 4889 b700 | 0100 0048 | c787 0801 | 0000 0100 
  0x000002430060cf94: 0000 e908 | 0000 0048 | 8387 e800 | 0000 010f 

  0x000002430060cfa4: ;   {optimized virtual_call}
  0x000002430060cfa4: 1f40 00e8 

  0x000002430060cfa8: ; ImmutableOopMap {[104]=Oop [112]=Oop }
                      ;*invokevirtual push {reexecute=0 rethrow=0 return_oop=0}
                      ; - org.lwjgl.system.MemoryStack::stackPush@3 (line 908)
                      ; - org.vivecraft.client.utils.JNIUtils::callI@0 (line 60)
  0x000002430060cfa8: 6420 ab07 

  0x000002430060cfac: ;   {post_call_nop}
  0x000002430060cfac: 0f1f 8400 | 2404 0001 | 4889 8424 | 8000 0000 | 488b 5424 

  0x000002430060cfc0: ;   {metadata(method data for {method} {0x0000024329eaa7a8} 'callI' '(Ljava/lang/String;J[Ljava/lang/Object;)I' in 'org/vivecraft/client/utils/JNIUtils')}
  0x000002430060cfc0: 6848 be48 | b82a 2a43 | 0200 0048 | 8386 e800 | 0000 010f 

  0x000002430060cfd4: ;   {static_call}
  0x000002430060cfd4: 1f40 00e8 

  0x000002430060cfd8: ; ImmutableOopMap {[112]=Oop [128]=Oop }
                      ;*invokestatic get {reexecute=0 rethrow=0 return_oop=0}
                      ; - org.vivecraft.client.utils.JNIUtils::callI@6 (line 61)
  0x000002430060cfd8: a470 ca00 

  0x000002430060cfdc: ;   {post_call_nop}
  0x000002430060cfdc: 0f1f 8400 | 5404 0002 

  0x000002430060cfe4: ; implicit exception: dispatches to 0x000002430060d7c3
  0x000002430060cfe4: 448b 4010 | 49c1 e003 

  0x000002430060cfec: ;   {metadata(method data for {method} {0x0000024329eaa7a8} 'callI' '(Ljava/lang/String;J[Ljava/lang/Object;)I' in 'org/vivecraft/client/utils/JNIUtils')}
  0x000002430060cfec: 48ba 48b8 | 2a2a 4302 | 0000 4883 | 82f8 0000 | 0001 488b | 9424 8000 | 0000 4c8b | 4c24 7048 
  0x000002430060d00c: 8984 2488 | 0000 000f 

  0x000002430060d014: ;   {static_call}
  0x000002430060d014: 1f40 00e8 

  0x000002430060d018: ; ImmutableOopMap {[128]=Oop [136]=Oop }
                      ;*invokestatic getPointers {reexecute=0 rethrow=0 return_oop=0}
                      ; - org.vivecraft.client.utils.JNIUtils::callI@19 (line 63)
  0x000002430060d018: 64db 2300 

  0x000002430060d01c: ;   {post_call_nop}
  0x000002430060d01c: 0f1f 8400 | 9404 0003 | 488b b424 | 8000 0000 

  0x000002430060d02c: ; implicit exception: dispatches to 0x000002430060d7c8
  0x000002430060d02c: 483b 064c 

  0x000002430060d030: ;   {metadata(method data for {method} {0x0000024329eaa7a8} 'callI' '(Ljava/lang/String;J[Ljava/lang/Object;)I' in 'org/vivecraft/client/utils/JNIUtils')}
  0x000002430060d030: 8bc6 49b9 | 48b8 2a2a | 4302 0000 | 458b 4008 | 41ba 0000 | 0093 4d03 | c24d 3b81 | 1001 0000 
  0x000002430060d050: 750d 4983 | 8118 0100 | 0001 e960 | 0000 004d | 3b81 2001 | 0000 750d | 4983 8128 | 0100 0001 
  0x000002430060d070: e94a 0000 | 0049 83b9 | 1001 0000 | 0075 174d | 8981 1001 | 0000 49c7 | 8118 0100 | 0001 0000 
  0x000002430060d090: 00e9 2900 | 0000 4983 | b920 0100 | 0000 7517 | 4d89 8120 | 0100 0049 | c781 2801 | 0000 0100 
  0x000002430060d0b0: 0000 e908 | 0000 0049 | 8381 0801 

  0x000002430060d0bc: ;   {metadata(method data for {method} {0x00000243289a4d00} 'malloc' '(I)Ljava/nio/ByteBuffer;' in 'org/lwjgl/system/MemoryStack')}
  0x000002430060d0bc: 0000 0149 | b820 7194 | 2943 0200 | 0045 8b88 | 9000 0000 | 4183 c102 | 4589 8890 | 0000 0041 
  0x000002430060d0dc: 81e1 feff | 1f00 4585 | c90f 84e2 | 0600 004c 

  0x000002430060d0ec: ;   {metadata(method data for {method} {0x00000243289a4d00} 'malloc' '(I)Ljava/nio/ByteBuffer;' in 'org/lwjgl/system/MemoryStack')}
  0x000002430060d0ec: 8bc6 49b9 | 2071 9429 | 4302 0000 | 458b 4008 | 41ba 0000 | 0093 4d03 | c24d 3b81 | e000 0000 
  0x000002430060d10c: 750d 4983 | 81e8 0000 | 0001 e960 | 0000 004d | 3b81 f000 | 0000 750d | 4983 81f8 | 0000 0001 
  0x000002430060d12c: e94a 0000 | 0049 83b9 | e000 0000 | 0075 174d | 8981 e000 | 0000 49c7 | 81e8 0000 | 0001 0000 
  0x000002430060d14c: 00e9 2900 | 0000 4983 | b9f0 0000 | 0000 7517 | 4d89 81f0 | 0000 0049 | c781 f800 | 0000 0100 
  0x000002430060d16c: 0000 e908 | 0000 0049 | 8381 d800 | 0000 0141 | b808 0000 | 0041 b904 | 0000 0048 | 8bd6 4889 
  0x000002430060d18c: 8424 9000 | 0000 0f1f 

  0x000002430060d194: ;   {optimized virtual_call}
  0x000002430060d194: 4400 00e8 

  0x000002430060d198: ; ImmutableOopMap {[128]=Oop [136]=Oop [144]=Oop }
                      ;*invokevirtual nmalloc {reexecute=0 rethrow=0 return_oop=0}
                      ; - org.lwjgl.system.MemoryStack::malloc@5 (line 376)
                      ; - org.vivecraft.client.utils.JNIUtils::callI@27 (line 65)
  0x000002430060d198: 74bd d707 

  0x000002430060d19c: ;   {post_call_nop}
  0x000002430060d19c: 0f1f 8400 | 1406 0004 

  0x000002430060d1a4: ;   {metadata(method data for {method} {0x00000243289a4d00} 'malloc' '(I)Ljava/nio/ByteBuffer;' in 'org/lwjgl/system/MemoryStack')}
  0x000002430060d1a4: 48ba 2071 | 9429 4302 | 0000 4883 | 8208 0100 | 0001 488b | d041 b804 

  0x000002430060d1bc: ;   {static_call}
  0x000002430060d1bc: 0000 00e8 

  0x000002430060d1c0: ; ImmutableOopMap {[128]=Oop [136]=Oop [144]=Oop }
                      ;*invokestatic wrapBufferByte {reexecute=0 rethrow=0 return_oop=0}
                      ; - org.lwjgl.system.MemoryStack::malloc@9 (line 376)
                      ; - org.vivecraft.client.utils.JNIUtils::callI@27 (line 65)
  0x000002430060d1c0: 3cd1 d707 

  0x000002430060d1c4: ;   {post_call_nop}
  0x000002430060d1c4: 0f1f 8400 | 3c06 0005 | 488b 9424 | 8800 0000 | 8b52 0c48 

  0x000002430060d1d8: ;   {metadata(method data for {method} {0x0000024329eaa7a8} 'callI' '(Ljava/lang/String;J[Ljava/lang/Object;)I' in 'org/vivecraft/client/utils/JNIUtils')}
  0x000002430060d1d8: c1e2 0349 | b848 b82a | 2a43 0200 | 0049 8380 | 3801 0000 | 014c 8b44 | 2478 4c8b | c848 8bbc 
  0x000002430060d1f8: 2490 0000 | 0048 8984 | 2498 0000 

  0x000002430060d204: ;   {static_call}
  0x000002430060d204: 0066 90e8 

  0x000002430060d208: ; ImmutableOopMap {[128]=Oop [152]=Oop }
                      ;*invokestatic ffi_call {reexecute=0 rethrow=0 return_oop=0}
                      ; - org.vivecraft.client.utils.JNIUtils::callI@42 (line 67)
  0x000002430060d208: 74dc c3ff 

  0x000002430060d20c: ;   {post_call_nop}
  0x000002430060d20c: 0f1f 8400 | 8406 0006 | 488b 8424 | 9800 0000 

  0x000002430060d21c: ; implicit exception: dispatches to 0x000002430060d7ee
  0x000002430060d21c: 483b 004c 

  0x000002430060d220: ;   {metadata(method data for {method} {0x0000024329eaa7a8} 'callI' '(Ljava/lang/String;J[Ljava/lang/Object;)I' in 'org/vivecraft/client/utils/JNIUtils')}
  0x000002430060d220: 8bc0 48ba | 48b8 2a2a | 4302 0000 | 458b 4008 | 41ba 0000 | 0093 4d03 | c24c 3b82 | 5001 0000 
  0x000002430060d240: 750d 4883 | 8258 0100 | 0001 e960 | 0000 004c | 3b82 6001 | 0000 750d | 4883 8268 | 0100 0001 
  0x000002430060d260: e94a 0000 | 0048 83ba | 5001 0000 | 0075 174c | 8982 5001 | 0000 48c7 | 8258 0100 | 0001 0000 
  0x000002430060d280: 00e9 2900 | 0000 4883 | ba60 0100 | 0000 7517 | 4c89 8260 | 0100 0048 | c782 6801 | 0000 0100 
  0x000002430060d2a0: 0000 e908 | 0000 0048 | 8382 4801 | 0000 0141 | b800 0000 | 0048 8bd0 | 0f1f 4400 | 0048 b8e0 
  0x000002430060d2c0: ca56 2443 

  0x000002430060d2c4: ;   {virtual_call}
  0x000002430060d2c4: 0200 00e8 

  0x000002430060d2c8: ; ImmutableOopMap {[128]=Oop }
                      ;*invokevirtual getInt {reexecute=0 rethrow=0 return_oop=0}
                      ; - org.vivecraft.client.utils.JNIUtils::callI@48 (line 69)
  0x000002430060d2c8: b60e d407 

  0x000002430060d2cc: ;   {post_call_nop}
  0x000002430060d2cc: 0f1f 8400 | 4407 0007 | 488b b424 | 8000 0000 

  0x000002430060d2dc: ;   {metadata(method data for {method} {0x0000024329eaa7a8} 'callI' '(Ljava/lang/String;J[Ljava/lang/Object;)I' in 'org/vivecraft/client/utils/JNIUtils')}
  0x000002430060d2dc: 4885 f648 | ba48 b82a | 2a43 0200 | 00bf 7801 | 0000 7405 | bf88 0100 | 0048 8b1c | 3a48 8d5b 
  0x000002430060d2fc: 0148 891c | 3a0f 8424 | 0300 00e9 | b501 0000 | 488b b424 | 8000 0000 | 498b 8788 | 0500 004d 
  0x000002430060d31c: 33d2 4d89 | 9788 0500 | 004d 33d2 | 4d89 9790 | 0500 0048 

  0x000002430060d330: ;   {metadata(method data for {method} {0x0000024329eaa7a8} 'callI' '(Ljava/lang/String;J[Ljava/lang/Object;)I' in 'org/vivecraft/client/utils/JNIUtils')}
  0x000002430060d330: 85f6 48ba | 48b8 2a2a | 4302 0000 | bfc8 0100 | 0074 05bf | d801 0000 | 488b 1c3a | 488d 5b01 
  0x000002430060d350: 4889 1c3a | 0f84 d203 | 0000 4889 | 8424 a000 | 0000 483b | 0648 8bd6 

  0x000002430060d368: ;   {metadata(method data for {method} {0x0000024329eaa7a8} 'callI' '(Ljava/lang/String;J[Ljava/lang/Object;)I' in 'org/vivecraft/client/utils/JNIUtils')}
  0x000002430060d368: 48bf 48b8 | 2a2a 4302 | 0000 8b52 | 0841 ba00 | 0000 9349 | 03d2 483b | 97f0 0100 | 0075 0d48 
  0x000002430060d388: 8387 f801 | 0000 01e9 | 6000 0000 | 483b 9700 | 0200 0075 | 0d48 8387 | 0802 0000 | 01e9 4a00 
  0x000002430060d3a8: 0000 4883 | bff0 0100 | 0000 7517 | 4889 97f0 | 0100 0048 | c787 f801 | 0000 0100 | 0000 e929 
  0x000002430060d3c8: 0000 0048 | 83bf 0002 | 0000 0075 | 1748 8997 | 0002 0000 | 48c7 8708 | 0200 0001 | 0000 00e9 
  0x000002430060d3e8: 0800 0000 | 4883 87e8 | 0100 0001 

  0x000002430060d3f4: ;   {metadata(method data for {method} {0x00000243289a41d0} 'close' '()V' in 'org/lwjgl/system/MemoryStack')}
  0x000002430060d3f4: 48ba d0f7 | c928 4302 | 0000 8bba | 9000 0000 | 83c7 0289 | ba90 0000 | 0081 e7fe | ff1f 0085 
  0x000002430060d414: ff0f 84dd | 0300 0048 

  0x000002430060d41c: ;   {metadata(method data for {method} {0x00000243289a41d0} 'close' '()V' in 'org/lwjgl/system/MemoryStack')}
  0x000002430060d41c: 8bd6 48bf | d0f7 c928 | 4302 0000 | 8b52 0841 | ba00 0000 | 9349 03d2 | 483b 97e0 | 0000 0075 
  0x000002430060d43c: 0d48 8387 | e800 0000 | 01e9 6000 | 0000 483b | 97f0 0000 | 0075 0d48 | 8387 f800 | 0000 01e9 
  0x000002430060d45c: 4a00 0000 | 4883 bfe0 | 0000 0000 | 7517 4889 | 97e0 0000 | 0048 c787 | e800 0000 | 0100 0000 
  0x000002430060d47c: e929 0000 | 0048 83bf | f000 0000 | 0075 1748 | 8997 f000 | 0000 48c7 | 87f8 0000 | 0001 0000 
  0x000002430060d49c: 00e9 0800 | 0000 4883 | 87d8 0000 | 0001 488b 

  0x000002430060d4ac: ;   {optimized virtual_call}
  0x000002430060d4ac: d666 90e8 

  0x000002430060d4b0: ; ImmutableOopMap {[160]=Oop }
                      ;*invokevirtual pop {reexecute=0 rethrow=0 return_oop=0}
                      ; - org.lwjgl.system.MemoryStack::close@1 (line 167)
                      ; - org.vivecraft.client.utils.JNIUtils::callI@75 (line 60)
  0x000002430060d4b0: 2c19 e906 

  0x000002430060d4b4: ;   {post_call_nop}
  0x000002430060d4b4: 0f1f 8400 | 2c09 0008 | e97d 0100 | 0089 8424 | a800 0000 

  0x000002430060d4c8: ;   {metadata(method data for {method} {0x0000024329eaa7a8} 'callI' '(Ljava/lang/String;J[Ljava/lang/Object;)I' in 'org/vivecraft/client/utils/JNIUtils')}
  0x000002430060d4c8: 488b d648 | bf48 b82a | 2a43 0200 | 008b 5208 | 41ba 0000 | 0093 4903 | d248 3b97 | a001 0000 
  0x000002430060d4e8: 750d 4883 | 87a8 0100 | 0001 e960 | 0000 0048 | 3b97 b001 | 0000 750d | 4883 87b8 | 0100 0001 
  0x000002430060d508: e94a 0000 | 0048 83bf | a001 0000 | 0075 1748 | 8997 a001 | 0000 48c7 | 87a8 0100 | 0001 0000 
  0x000002430060d528: 00e9 2900 | 0000 4883 | bfb0 0100 | 0000 7517 | 4889 97b0 | 0100 0048 | c787 b801 | 0000 0100 
  0x000002430060d548: 0000 e908 | 0000 0048 | 8387 9801 

  0x000002430060d554: ;   {metadata(method data for {method} {0x00000243289a41d0} 'close' '()V' in 'org/lwjgl/system/MemoryStack')}
  0x000002430060d554: 0000 0148 | bad0 f7c9 | 2843 0200 | 008b ba90 | 0000 0083 | c702 89ba | 9000 0000 | 81e7 feff 
  0x000002430060d574: 1f00 85ff | 0f84 9b02 | 0000 488b 

  0x000002430060d580: ;   {metadata(method data for {method} {0x00000243289a41d0} 'close' '()V' in 'org/lwjgl/system/MemoryStack')}
  0x000002430060d580: d648 bfd0 | f7c9 2843 | 0200 008b | 5208 41ba | 0000 0093 | 4903 d248 | 3b97 e000 | 0000 750d 
  0x000002430060d5a0: 4883 87e8 | 0000 0001 | e960 0000 | 0048 3b97 | f000 0000 | 750d 4883 | 87f8 0000 | 0001 e94a 
  0x000002430060d5c0: 0000 0048 | 83bf e000 | 0000 0075 | 1748 8997 | e000 0000 | 48c7 87e8 | 0000 0001 | 0000 00e9 
  0x000002430060d5e0: 2900 0000 | 4883 bff0 | 0000 0000 | 7517 4889 | 97f0 0000 | 0048 c787 | f800 0000 | 0100 0000 
  0x000002430060d600: e908 0000 | 0048 8387 | d800 0000 | 0148 8bd6 | 0f1f 8000 

  0x000002430060d614: ;   {optimized virtual_call}
  0x000002430060d614: 0000 00e8 

  0x000002430060d618: ; ImmutableOopMap {}
                      ;*invokevirtual pop {reexecute=0 rethrow=0 return_oop=0}
                      ; - org.lwjgl.system.MemoryStack::close@1 (line 167)
                      ; - org.vivecraft.client.utils.JNIUtils::callI@60 (line 70)
  0x000002430060d618: f463 cc07 

  0x000002430060d61c: ;   {post_call_nop}
  0x000002430060d61c: 0f1f 8400 | 940a 0009 | 8b84 24a8 | 0000 0048 | 81c4 c000 

  0x000002430060d630: ;   {poll_return}
  0x000002430060d630: 0000 5d49 | 3b67 280f | 87fd 0100 

  0x000002430060d63c: ;   {metadata(method data for {method} {0x0000024329eaa7a8} 'callI' '(Ljava/lang/String;J[Ljava/lang/Object;)I' in 'org/vivecraft/client/utils/JNIUtils')}
  0x000002430060d63c: 00c3 48b8 | 48b8 2a2a | 4302 0000 | ff80 1802 | 0000 488b | 8424 a000 | 0000 e9d1 | 0000 0049 
  0x000002430060d65c: 8b87 8805 | 0000 4d33 | d24d 8997 | 8805 0000 | 4d33 d24d | 8997 9005 | 0000 4c8b | 8424 a000 
  0x000002430060d67c: ;   {metadata(method data for {method} {0x0000024329eaa7a8} 'callI' '(Ljava/lang/String;J[Ljava/lang/Object;)I' in 'org/vivecraft/client/utils/JNIUtils')}
  0x000002430060d67c: 0000 48ba | 48b8 2a2a | 4302 0000 | 458b 4008 | 41ba 0000 | 0093 4d03 | c24c 3b82 | 3802 0000 
  0x000002430060d69c: 750d 4883 | 8240 0200 | 0001 e960 | 0000 004c | 3b82 4802 | 0000 750d | 4883 8250 | 0200 0001 
  0x000002430060d6bc: e94a 0000 | 0048 83ba | 3802 0000 | 0075 174c | 8982 3802 | 0000 48c7 | 8240 0200 | 0001 0000 
  0x000002430060d6dc: 00e9 2900 | 0000 4883 | ba48 0200 | 0000 7517 | 4c89 8248 | 0200 0048 | c782 5002 | 0000 0100 
  0x000002430060d6fc: 0000 e908 | 0000 0048 | 8382 3002 | 0000 014c | 8bc0 488b | 9424 a000 

  0x000002430060d714: ;   {optimized virtual_call}
  0x000002430060d714: 0000 90e8 

  0x000002430060d718: ; ImmutableOopMap {[160]=Oop }
                      ;*invokevirtual addSuppressed {reexecute=0 rethrow=0 return_oop=0}
                      ; - org.vivecraft.client.utils.JNIUtils::callI@87 (line 60)
  0x000002430060d718: c416 e906 

  0x000002430060d71c: ;   {post_call_nop}
  0x000002430060d71c: 0f1f 8400 | 940b 000a | 488b 8424 | a000 0000 | e93c 0100 

  0x000002430060d730: ;   {metadata({method} {0x0000024329eaa7a8} 'callI' '(Ljava/lang/String;J[Ljava/lang/Object;)I' in 'org/vivecraft/client/utils/JNIUtils')}
  0x000002430060d730: 0049 baa0 | a7ea 2943 | 0200 004c | 8954 2408 | 48c7 0424 | ffff ffff 

  0x000002430060d748: ;   {runtime_call C1 Runtime counter_overflow_blob}
  0x000002430060d748: e893 07f6 

  0x000002430060d74c: ; ImmutableOopMap {rdx=Oop r9=Oop [112]=Oop }
                      ;*synchronization entry
                      ; - org.vivecraft.client.utils.JNIUtils::callI@-1 (line 60)
  0x000002430060d74c: 06e9 7ef5 

  0x000002430060d750: ;   {metadata({method} {0x00000243289a9ec0} 'stackPush' '()Lorg/lwjgl/system/MemoryStack;' in 'org/lwjgl/system/MemoryStack')}
  0x000002430060d750: ffff 49ba | b89e 9a28 | 4302 0000 | 4c89 5424 | 0848 c704 | 24ff ffff 

  0x000002430060d768: ;   {runtime_call C1 Runtime counter_overflow_blob}
  0x000002430060d768: ffe8 7207 

  0x000002430060d76c: ; ImmutableOopMap {[104]=Oop [112]=Oop }
                      ;*synchronization entry
                      ; - org.lwjgl.system.MemoryStack::stackPush@-1 (line 908)
                      ; - org.vivecraft.client.utils.JNIUtils::callI@0 (line 60)
  0x000002430060d76c: f606 e99b 

  0x000002430060d770: ;   {metadata({method} {0x00000243289a9e20} 'stackGet' '()Lorg/lwjgl/system/MemoryStack;' in 'org/lwjgl/system/MemoryStack')}
  0x000002430060d770: f5ff ff49 | ba18 9e9a | 2843 0200 | 004c 8954 | 2408 48c7 | 0424 ffff 

  0x000002430060d788: ;   {runtime_call C1 Runtime counter_overflow_blob}
  0x000002430060d788: ffff e851 

  0x000002430060d78c: ; ImmutableOopMap {[104]=Oop [112]=Oop }
                      ;*synchronization entry
                      ; - org.lwjgl.system.MemoryStack::stackGet@-1 (line 899)
                      ; - org.lwjgl.system.MemoryStack::stackPush@0 (line 908)
                      ; - org.vivecraft.client.utils.JNIUtils::callI@0 (line 60)
  0x000002430060d78c: 07f6 06e9 | b3f5 ffff 

  0x000002430060d794: ;   {metadata({method} {0x000000009325cca0} 'get' '()Ljava/lang/Object;' in 'java/lang/ThreadLocal')}
  0x000002430060d794: 49ba 98cc | 2593 0000 | 0000 4c89 | 5424 0848 | c704 24ff 

  0x000002430060d7a8: ;   {runtime_call C1 Runtime counter_overflow_blob}
  0x000002430060d7a8: ffff ffe8 

  0x000002430060d7ac: ; ImmutableOopMap {rsi=Oop [104]=Oop [112]=Oop }
                      ;*synchronization entry
                      ; - java.lang.ThreadLocal::get@-1 (line 171)
                      ; - org.lwjgl.system.MemoryStack::stackGet@3 (line 899)
                      ; - org.lwjgl.system.MemoryStack::stackPush@0 (line 908)
                      ; - org.vivecraft.client.utils.JNIUtils::callI@0 (line 60)
  0x000002430060d7ac: 3007 f606 | e952 f6ff | ff48 8904 

  0x000002430060d7b8: ;   {runtime_call C1 Runtime throw_class_cast_exception_blob}
  0x000002430060d7b8: 24e8 22cf 

  0x000002430060d7bc: ; ImmutableOopMap {[104]=Oop [112]=Oop }
                      ;*checkcast {reexecute=0 rethrow=0 return_oop=0}
                      ; - org.lwjgl.system.MemoryStack::stackGet@6 (line 899)
                      ; - org.lwjgl.system.MemoryStack::stackPush@0 (line 908)
                      ; - org.vivecraft.client.utils.JNIUtils::callI@0 (line 60)
                      ;   {runtime_call C1 Runtime throw_null_pointer_exception_blob}
  0x000002430060d7bc: f506 e81d 

  0x000002430060d7c0: ; ImmutableOopMap {rdx=Oop [104]=Oop [112]=Oop }
                      ;*invokevirtual push {reexecute=0 rethrow=0 return_oop=0}
                      ; - org.lwjgl.system.MemoryStack::stackPush@3 (line 908)
                      ; - org.vivecraft.client.utils.JNIUtils::callI@0 (line 60)
                      ;   {runtime_call C1 Runtime throw_null_pointer_exception_blob}
  0x000002430060d7c0: abf5 06e8 

  0x000002430060d7c4: ; ImmutableOopMap {rax=Oop [112]=Oop [128]=Oop }
                      ;*getfield args {reexecute=1 rethrow=0 return_oop=0}
                      ; - (reexecute) org.vivecraft.client.utils.JNIUtils::callI@15 (line 63)
  0x000002430060d7c4: 18ab f506 

  0x000002430060d7c8: ;   {runtime_call C1 Runtime throw_null_pointer_exception_blob}
  0x000002430060d7c8: e813 abf5 

  0x000002430060d7cc: ; ImmutableOopMap {rax=Oop rsi=Oop [128]=Oop [136]=Oop }
                      ;*invokevirtual malloc {reexecute=0 rethrow=0 return_oop=0}
                      ; - org.vivecraft.client.utils.JNIUtils::callI@27 (line 65)
                      ;   {metadata({method} {0x00000243289a4d00} 'malloc' '(I)Ljava/nio/ByteBuffer;' in 'org/lwjgl/system/MemoryStack')}
  0x000002430060d7cc: 0649 baf8 | 4c9a 2843 | 0200 004c | 8954 2408 | 48c7 0424 | ffff ffff 

  0x000002430060d7e4: ;   {runtime_call C1 Runtime counter_overflow_blob}
  0x000002430060d7e4: e8f7 06f6 

  0x000002430060d7e8: ; ImmutableOopMap {rax=Oop rsi=Oop [128]=Oop [136]=Oop }
                      ;*synchronization entry
                      ; - org.lwjgl.system.MemoryStack::malloc@-1 (line 376)
                      ; - org.vivecraft.client.utils.JNIUtils::callI@27 (line 65)
  0x000002430060d7e8: 06e9 fdf8 

  0x000002430060d7ec: ;   {runtime_call C1 Runtime throw_null_pointer_exception_blob}
  0x000002430060d7ec: ffff e8ed 

  0x000002430060d7f0: ; ImmutableOopMap {rax=Oop [128]=Oop }
                      ;*invokevirtual getInt {reexecute=0 rethrow=0 return_oop=0}
                      ; - org.vivecraft.client.utils.JNIUtils::callI@48 (line 69)
                      ;   {runtime_call C1 Runtime throw_null_pointer_exception_blob}
  0x000002430060d7f0: aaf5 06e8 

  0x000002430060d7f4: ; ImmutableOopMap {rsi=Oop [128]=Oop [160]=Oop }
                      ;*invokevirtual close {reexecute=0 rethrow=0 return_oop=0}
                      ; - org.vivecraft.client.utils.JNIUtils::callI@75 (line 60)
  0x000002430060d7f4: e8aa f506 

  0x000002430060d7f8: ;   {metadata({method} {0x00000243289a41d0} 'close' '()V' in 'org/lwjgl/system/MemoryStack')}
  0x000002430060d7f8: 49ba c841 | 9a28 4302 | 0000 4c89 | 5424 0848 | c704 24ff 

  0x000002430060d80c: ;   {runtime_call C1 Runtime counter_overflow_blob}
  0x000002430060d80c: ffff ffe8 

  0x000002430060d810: ; ImmutableOopMap {rsi=Oop [128]=Oop [160]=Oop }
                      ;*synchronization entry
                      ; - org.lwjgl.system.MemoryStack::close@-1 (line 167)
                      ; - org.vivecraft.client.utils.JNIUtils::callI@75 (line 60)
  0x000002430060d810: cc06 f606 | e902 fcff 

  0x000002430060d818: ;   {metadata({method} {0x00000243289a41d0} 'close' '()V' in 'org/lwjgl/system/MemoryStack')}
  0x000002430060d818: ff49 bac8 | 419a 2843 | 0200 004c | 8954 2408 | 48c7 0424 | ffff ffff 

  0x000002430060d830: ;   {runtime_call C1 Runtime counter_overflow_blob}
  0x000002430060d830: e8ab 06f6 

  0x000002430060d834: ; ImmutableOopMap {rsi=Oop [128]=Oop }
                      ;*synchronization entry
                      ; - org.lwjgl.system.MemoryStack::close@-1 (line 167)
                      ; - org.vivecraft.client.utils.JNIUtils::callI@60 (line 70)
  0x000002430060d834: 06e9 44fd 

  0x000002430060d838: ;   {internal_word}
  0x000002430060d838: ffff 49ba | 33d6 6000 | 4302 0000 | 4d89 97e0 

  0x000002430060d848: ;   {runtime_call SafepointBlob}
  0x000002430060d848: 0400 00e9 | 1037 e906 | 498b 8788 | 0500 0049 | c787 8805 | 0000 0000 | 0000 49c7 | 8790 0500 
  0x000002430060d868: 0000 0000 | 0048 81c4 | c000 0000 

  0x000002430060d874: ;   {runtime_call C1 Runtime unwind_exception_blob}
  0x000002430060d874: 5de9 6694 | f506 f4f4 | f4f4 f4f4 
[Stub Code]
  0x000002430060d880: ;   {other}
  0x000002430060d880: 0f1f 4400 

  0x000002430060d884: ;   {static_stub}
  0x000002430060d884: 0048 bb00 | 0000 0000 

  0x000002430060d88c: ;   {runtime_call nmethod}
  0x000002430060d88c: 0000 00e9 | fbff ffff 

  0x000002430060d894: ;   {static_stub}
  0x000002430060d894: 9048 bb00 | 0000 0000 

  0x000002430060d89c: ;   {runtime_call nmethod}
  0x000002430060d89c: 0000 00e9 | fbff ffff 

  0x000002430060d8a4: ;   {static_stub}
  0x000002430060d8a4: 9048 bb00 | 0000 0000 

  0x000002430060d8ac: ;   {runtime_call nmethod}
  0x000002430060d8ac: 0000 00e9 | fbff ffff 

  0x000002430060d8b4: ;   {static_stub}
  0x000002430060d8b4: 9048 bb00 | 0000 0000 

  0x000002430060d8bc: ;   {runtime_call nmethod}
  0x000002430060d8bc: 0000 00e9 | fbff ffff 

  0x000002430060d8c4: ;   {static_stub}
  0x000002430060d8c4: 9048 bb00 | 0000 0000 

  0x000002430060d8cc: ;   {runtime_call nmethod}
  0x000002430060d8cc: 0000 00e9 | fbff ffff 

  0x000002430060d8d4: ;   {static_stub}
  0x000002430060d8d4: 48bb 0000 | 0000 0000 

  0x000002430060d8dc: ;   {runtime_call nmethod}
  0x000002430060d8dc: 0000 e9fb 

  0x000002430060d8e0: ;   {static_stub}
  0x000002430060d8e0: ffff ff48 | bb00 0000 | 0000 0000 

  0x000002430060d8ec: ;   {runtime_call nmethod}
  0x000002430060d8ec: 00e9 fbff 

  0x000002430060d8f0: ;   {static_stub}
  0x000002430060d8f0: ffff 48bb | 0000 0000 | 0000 0000 

  0x000002430060d8fc: ;   {runtime_call nmethod}
  0x000002430060d8fc: e9fb ffff 

  0x000002430060d900: ;   {static_stub}
  0x000002430060d900: ff48 bb00 | 0000 0000 

  0x000002430060d908: ;   {runtime_call nmethod}
  0x000002430060d908: 0000 00e9 | fbff ffff 

  0x000002430060d910: ;   {static_stub}
  0x000002430060d910: 48bb 0000 | 0000 0000 

  0x000002430060d918: ;   {runtime_call nmethod}
  0x000002430060d918: 0000 e9fb 

  0x000002430060d91c: ;   {static_stub}
  0x000002430060d91c: ffff ff48 | bb00 0000 | 0000 0000 

  0x000002430060d928: ;   {runtime_call nmethod}
  0x000002430060d928: 00e9 fbff 

  0x000002430060d92c: ;   {runtime_call C1 Runtime handle_exception_from_callee_blob}
  0x000002430060d92c: ffff e8ad 

  0x000002430060d930: ;   {external_word}
  0x000002430060d930: c7f5 0648 | b970 007d | 50fb 7f00 | 0048 83e4 

  0x000002430060d940: ;   {runtime_call}
  0x000002430060d940: f048 b870 | 9037 50fb | 7f00 00ff 

  0x000002430060d94c: ;   {section_word}
  0x000002430060d94c: d0f4 49ba | 4ed9 6000 | 4302 0000 

  0x000002430060d958: ;   {runtime_call DeoptimizationBlob}
  0x000002430060d958: 4152 e901 | 39e9 06f4 
[/MachCode]


---------------  P R O C E S S  ---------------

Threads class SMR info:
_java_thread_list=0x000002431f133450, length=48, elements={
0x000002436f364280, 0x000002437a98e7a0, 0x000002437a98fad0, 0x000002437a991ae0,
0x000002437a992a50, 0x000002437a996190, 0x000002437a9979f0, 0x000002437a99b820,
0x000002437a99e450, 0x000002431b217c00, 0x000002431b220640, 0x000002431e6ab550,
0x000002431e6adc60, 0x0000024321165f70, 0x000002431f364510, 0x00000243245a6a80,
0x00000243210d6660, 0x0000024321164fd0, 0x000002431c6d9a20, 0x000002431c6da9c0,
0x000002431c6db960, 0x000002431c6dc130, 0x000002431c6d9250, 0x000002431c6dd0d0,
0x000002431c6dd8a0, 0x000002431c6de070, 0x000002431f542410, 0x000002431f543b80,
0x000002431f544350, 0x000002431f541c40, 0x000002431f544b20, 0x000002431c78fef0,
0x000002431c50e110, 0x000002431c50f0b0, 0x0000024320f06fd0, 0x000002431ca106c0,
0x000002431c244860, 0x000002431c796480, 0x000002431c797420, 0x000002432c1cfa80,
0x000002432c1d5330, 0x000002432c1d3b00, 0x000002432c1d93b0, 0x000002431ca0b620,
0x000002432c48dcb0, 0x000002432c48ec50, 0x000002431c5165e0, 0x000002431c515e10
}

Java Threads: ( => current thread )
=>0x000002436f364280 JavaThread "Render thread"                     [_thread_in_native, id=12500, stack(0x000000e53ee00000,0x000000e53ef00000) (1024K)]
  0x000002437a98e7a0 JavaThread "Reference Handler"          daemon [_thread_blocked, id=13860, stack(0x000000e53f600000,0x000000e53f700000) (1024K)]
  0x000002437a98fad0 JavaThread "Finalizer"                  daemon [_thread_blocked, id=29536, stack(0x000000e53f700000,0x000000e53f800000) (1024K)]
  0x000002437a991ae0 JavaThread "Signal Dispatcher"          daemon [_thread_blocked, id=27860, stack(0x000000e53f800000,0x000000e53f900000) (1024K)]
  0x000002437a992a50 JavaThread "Attach Listener"            daemon [_thread_blocked, id=27156, stack(0x000000e53f900000,0x000000e53fa00000) (1024K)]
  0x000002437a996190 JavaThread "Service Thread"             daemon [_thread_blocked, id=1252, stack(0x000000e53fa00000,0x000000e53fb00000) (1024K)]
  0x000002437a9979f0 JavaThread "Monitor Deflation Thread"   daemon [_thread_blocked, id=2992, stack(0x000000e53fb00000,0x000000e53fc00000) (1024K)]
  0x000002437a99b820 JavaThread "C2 CompilerThread0"         daemon [_thread_in_native, id=27296, stack(0x000000e53fc00000,0x000000e53fd00000) (1024K)]
  0x000002437a99e450 JavaThread "C1 CompilerThread0"         daemon [_thread_blocked, id=2416, stack(0x000000e53fd00000,0x000000e53fe00000) (1024K)]
  0x000002431b217c00 JavaThread "Notification Thread"        daemon [_thread_blocked, id=17692, stack(0x000000e53ff00000,0x000000e540000000) (1024K)]
  0x000002431b220640 JavaThread "Common-Cleaner"             daemon [_thread_blocked, id=16388, stack(0x000000e540000000,0x000000e540100000) (1024K)]
  0x000002431e6ab550 JavaThread "JNA Cleaner"                daemon [_thread_blocked, id=27344, stack(0x000000e541700000,0x000000e541800000) (1024K)]
  0x000002431e6adc60 JavaThread "Timer hack thread"          daemon [_thread_blocked, id=12972, stack(0x000000e540500000,0x000000e540600000) (1024K)]
  0x0000024321165f70 JavaThread "Yggdrasil Key Fetcher"      daemon [_thread_blocked, id=28060, stack(0x000000e540800000,0x000000e540900000) (1024K)]
  0x000002431f364510 JavaThread "Download-1"                 daemon [_thread_blocked, id=9792, stack(0x000000e541600000,0x000000e541700000) (1024K)]
  0x00000243245a6a80 JavaThread "Download-2"                 daemon [_thread_blocked, id=2020, stack(0x000000e541c00000,0x000000e541d00000) (1024K)]
  0x00000243210d6660 JavaThread "Worker-Main-1"              daemon [_thread_blocked, id=19280, stack(0x000000e540400000,0x000000e540500000) (1024K)]
  0x0000024321164fd0 JavaThread "Worker-Main-2"              daemon [_thread_blocked, id=26208, stack(0x000000e542500000,0x000000e542600000) (1024K)]
  0x000002431c6d9a20 JavaThread "Worker-Main-3"              daemon [_thread_blocked, id=21520, stack(0x000000e542600000,0x000000e542700000) (1024K)]
  0x000002431c6da9c0 JavaThread "Worker-Main-4"              daemon [_thread_blocked, id=12328, stack(0x000000e542700000,0x000000e542800000) (1024K)]
  0x000002431c6db960 JavaThread "Worker-Main-5"              daemon [_thread_blocked, id=14900, stack(0x000000e542800000,0x000000e542900000) (1024K)]
  0x000002431c6dc130 JavaThread "Worker-Main-6"              daemon [_thread_blocked, id=8832, stack(0x000000e542900000,0x000000e542a00000) (1024K)]
  0x000002431c6d9250 JavaThread "Worker-Main-7"              daemon [_thread_blocked, id=25240, stack(0x000000e542a00000,0x000000e542b00000) (1024K)]
  0x000002431c6dd0d0 JavaThread "Worker-Main-8"              daemon [_thread_blocked, id=3348, stack(0x000000e542b00000,0x000000e542c00000) (1024K)]
  0x000002431c6dd8a0 JavaThread "Worker-Main-9"              daemon [_thread_blocked, id=13976, stack(0x000000e542c00000,0x000000e542d00000) (1024K)]
  0x000002431c6de070 JavaThread "Worker-Main-10"             daemon [_thread_blocked, id=17648, stack(0x000000e542d00000,0x000000e542e00000) (1024K)]
  0x000002431f542410 JavaThread "Worker-Main-11"             daemon [_thread_blocked, id=1328, stack(0x000000e542e00000,0x000000e542f00000) (1024K)]
  0x000002431f543b80 JavaThread "Worker-Main-12"             daemon [_thread_blocked, id=7012, stack(0x000000e542f00000,0x000000e543000000) (1024K)]
  0x000002431f544350 JavaThread "Worker-Main-13"             daemon [_thread_in_Java, id=9260, stack(0x000000e543000000,0x000000e543100000) (1024K)]
  0x000002431f541c40 JavaThread "Worker-Main-14"             daemon [_thread_blocked, id=10372, stack(0x000000e543100000,0x000000e543200000) (1024K)]
  0x000002431f544b20 JavaThread "Worker-Main-15"             daemon [_thread_blocked, id=27200, stack(0x000000e543200000,0x000000e543300000) (1024K)]
  0x000002431c78fef0 JavaThread "IO-Worker-1"                       [_thread_blocked, id=11524, stack(0x000000e543800000,0x000000e543900000) (1024K)]
  0x000002431c50e110 JavaThread "IO-Worker-2"                       [_thread_blocked, id=2952, stack(0x000000e543700000,0x000000e543800000) (1024K)]
  0x000002431c50f0b0 JavaThread "Thread-6"                   daemon [_thread_in_native, id=21208, stack(0x000000e543b00000,0x000000e543c00000) (1024K)]
  0x0000024320f06fd0 JavaThread "C1 CompilerThread1"         daemon [_thread_blocked, id=2908, stack(0x000000e540100000,0x000000e540200000) (1024K)]
  0x000002431ca106c0 JavaThread "C1 CompilerThread2"         daemon [_thread_blocked, id=28692, stack(0x000000e543ee0000,0x000000e543fe0000) (1024K)]
  0x000002431c244860 JavaThread "C1 CompilerThread3"         daemon [_thread_blocked, id=13208, stack(0x000000e543fe0000,0x000000e5440e0000) (1024K)]
  0x000002431c796480 JavaThread "Sound engine"               daemon [_thread_blocked, id=1928, stack(0x000000e53fe00000,0x000000e53ff00000) (1024K)]
  0x000002431c797420 JavaThread "Server thread"                     [_thread_blocked, id=20252, stack(0x000000e540300000,0x000000e540400000) (1024K)]
  0x000002432c1cfa80 JavaThread "C2 CompilerThread1"         daemon [_thread_in_native, id=28256, stack(0x000000e540600000,0x000000e540700000) (1024K)]
  0x000002432c1d5330 JavaThread "C2 CompilerThread2"         daemon [_thread_in_native, id=9452, stack(0x000000e541e00000,0x000000e541f00000) (1024K)]
  0x000002432c1d3b00 JavaThread "C2 CompilerThread3"         daemon [_thread_blocked, id=26076, stack(0x000000e543300000,0x000000e543400000) (1024K)]
  0x000002432c1d93b0 JavaThread "C2 CompilerThread4"         daemon [_thread_in_native, id=24144, stack(0x000000e543de0000,0x000000e543ee0000) (1024K)]
  0x000002431ca0b620 JavaThread "C2 CompilerThread5"         daemon [_thread_blocked, id=3888, stack(0x000000e5440e0000,0x000000e5441e0000) (1024K)]
  0x000002432c48dcb0 JavaThread "IO-Worker-3"                       [_thread_blocked, id=26924, stack(0x000000e5441e0000,0x000000e5442e0000) (1024K)]
  0x000002432c48ec50 JavaThread "IO-Worker-4"                       [_thread_blocked, id=24076, stack(0x000000e5442e0000,0x000000e5443e0000) (1024K)]
  0x000002431c5165e0 JavaThread "Thread-31"                         [_thread_blocked, id=1884, stack(0x000000e540200000,0x000000e540300000) (1024K)]
  0x000002431c515e10 JavaThread "IO-Worker-5"                       [_thread_blocked, id=27992, stack(0x000000e5444e0000,0x000000e5445e0000) (1024K)]
Total: 48

Other Threads:
  0x000002437a977540 VMThread "VM Thread"                           [id=4956, stack(0x000000e53f500000,0x000000e53f600000) (1024K)]
  0x000002437a843da0 WatcherThread "VM Periodic Task Thread"        [id=1440, stack(0x000000e53f400000,0x000000e53f500000) (1024K)]
  0x000002437a7a2910 WorkerThread "GC Thread#0"                     [id=5144, stack(0x000000e53ef00000,0x000000e53f000000) (1024K)]
  0x000002431c2747e0 WorkerThread "GC Thread#1"                     [id=5784, stack(0x000000e540900000,0x000000e540a00000) (1024K)]
  0x000002431c46ae60 WorkerThread "GC Thread#2"                     [id=16028, stack(0x000000e540a00000,0x000000e540b00000) (1024K)]
  0x000002431c30c710 WorkerThread "GC Thread#3"                     [id=9912, stack(0x000000e540b00000,0x000000e540c00000) (1024K)]
  0x000002431c30cb40 WorkerThread "GC Thread#4"                     [id=2380, stack(0x000000e540c00000,0x000000e540d00000) (1024K)]
  0x000002431c30d370 WorkerThread "GC Thread#5"                     [id=28636, stack(0x000000e540d00000,0x000000e540e00000) (1024K)]
  0x000002431c9d06e0 WorkerThread "GC Thread#6"                     [id=4808, stack(0x000000e540e00000,0x000000e540f00000) (1024K)]
  0x000002431c9d0b10 WorkerThread "GC Thread#7"                     [id=14800, stack(0x000000e540f00000,0x000000e541000000) (1024K)]
  0x000002431c9d0f40 WorkerThread "GC Thread#8"                     [id=2500, stack(0x000000e541000000,0x000000e541100000) (1024K)]
  0x000002431c9d1370 WorkerThread "GC Thread#9"                     [id=29600, stack(0x000000e541100000,0x000000e541200000) (1024K)]
  0x000002431cec17b0 WorkerThread "GC Thread#10"                    [id=4260, stack(0x000000e541200000,0x000000e541300000) (1024K)]
  0x000002431cec0220 WorkerThread "GC Thread#11"                    [id=24068, stack(0x000000e541300000,0x000000e541400000) (1024K)]
  0x00000243200a3fb0 WorkerThread "GC Thread#12"                    [id=28680, stack(0x000000e541b00000,0x000000e541c00000) (1024K)]
  0x000002437a7bbe50 ConcurrentGCThread "G1 Main Marker"            [id=17560, stack(0x000000e53f000000,0x000000e53f100000) (1024K)]
  0x000002437a7bd190 WorkerThread "G1 Conc#0"                       [id=7796, stack(0x000000e53f100000,0x000000e53f200000) (1024K)]
  0x000002431dcf86d0 WorkerThread "G1 Conc#1"                       [id=12604, stack(0x000000e541400000,0x000000e541500000) (1024K)]
  0x000002431dcf68a0 WorkerThread "G1 Conc#2"                       [id=18320, stack(0x000000e541500000,0x000000e541600000) (1024K)]
  0x000002437a82bd90 ConcurrentGCThread "G1 Refine#0"               [id=18732, stack(0x000000e53f200000,0x000000e53f300000) (1024K)]
  0x000002437a82d860 ConcurrentGCThread "G1 Service"                [id=17588, stack(0x000000e53f300000,0x000000e53f400000) (1024K)]
Total: 21

Threads with active compile tasks:
C2 CompilerThread0  32570 25745       4       net.minecraft.util.Mth::randomBetweenInclusive (14 bytes)
C2 CompilerThread1  32570 25685 %     4       net.minecraft.world.level.levelgen.Heightmap::primeHeightmaps @ 124 (267 bytes)
C2 CompilerThread2  32570 25669 % !   4       net.minecraft.world.level.levelgen.feature.OreFeature::doPlace @ 648 (982 bytes)
C2 CompilerThread4  32570 25748       4       net.minecraft.world.level.levelgen.heightproviders.UniformHeight::sample (71 bytes)
Total: 4

VM state: not at safepoint (normal execution)

VM Mutex/Monitor currently owned by a thread: None

Heap address: 0x0000000601400000, size: 8172 MB, Compressed Oops mode: Zero based, Oop shift amount: 3

CDS archive(s) mapped at: [0x0000000093000000-0x0000000093dd0000-0x0000000093dd0000), size 14483456, SharedBaseAddress: 0x0000000093000000, ArchiveRelocationMode: 1.
Compressed class space mapped at: 0x0000000094000000-0x00000000d4000000, reserved size: 1073741824
UseCompressedClassPointers 1, UseCompactObjectHeaders 0
Narrow klass pointer bits 32, Max shift 3
Narrow klass base: 0x0000000093000000, Narrow klass shift: 0
Encoding Range: [0x0000000093000000 - 0x0000000193000000), (4294967296 bytes)
Klass Range:    [0x0000000093010000 - 0x00000000d4000000), (1090453504 bytes)
Klass ID Range:  [65536 - 1090519033) (1090453497)
Protection zone: [0x0000000093000000 - 0x0000000093010000), (65536 bytes)

GC Precious Log:
 CardTable entry size: 512
 Card Set container configuration: InlinePtr #cards 4 size 8 Array Of Cards #cards 32 size 80 Howl #buckets 8 coarsen threshold 7372 Howl Bitmap #cards 1024 size 144 coarsen threshold 921 Card regions per heap region 1 cards per card region 8192
 CPUs: 16 total, 16 available
 Memory: 32687M
 Large Page Support: Disabled
 NUMA Support: Disabled
 Compressed Oops: Enabled (Zero based)
 Heap Region Size: 4M
 Heap Min Capacity: 8M
 Heap Initial Capacity: 512M
 Heap Max Capacity: 8172M
 Pre-touch: Disabled
 Parallel Workers: 13
 Concurrent Workers: 3
 Concurrent Refinement Workers: 13
 Periodic GC: Disabled

Heap:
 garbage-first heap   total reserved 8368128K, committed 1732608K, used 625219K [0x0000000601400000, 0x0000000800000000)
  region size 4096K, 26 young (106496K), 12 survivors (49152K)

Heap Regions: E=young(eden), S=young(survivor), O=old, HS=humongous(starts), HC=humongous(continues), CS=collection set, F=free, TAMS=top-at-mark-start, PB=parsable bottom
|   0|0x0000000601400000, 0x0000000601800000, 0x0000000601800000|100%|HS|  |TAMS 0x0000000601400000| PB 0x0000000601400000| Complete |  0
|   1|0x0000000601800000, 0x0000000601c00000, 0x0000000601c00000|100%| O|  |TAMS 0x0000000601800000| PB 0x0000000601800000| Untracked |  0
|   2|0x0000000601c00000, 0x0000000602000000, 0x0000000602000000|100%| O|  |TAMS 0x0000000601c00000| PB 0x0000000601c00000| Untracked |  0
|   3|0x0000000602000000, 0x0000000602400000, 0x0000000602400000|100%| O|  |TAMS 0x0000000602000000| PB 0x0000000602000000| Untracked |  0
|   4|0x0000000602400000, 0x0000000602800000, 0x0000000602800000|100%| O|  |TAMS 0x0000000602400000| PB 0x0000000602400000| Untracked |  0
|   5|0x0000000602800000, 0x0000000602c00000, 0x0000000602c00000|100%| O|  |TAMS 0x0000000602800000| PB 0x0000000602800000| Untracked |  0
|   6|0x0000000602c00000, 0x0000000603000000, 0x0000000603000000|100%| O|  |TAMS 0x0000000602c00000| PB 0x0000000602c00000| Untracked |  0
|   7|0x0000000603000000, 0x0000000603400000, 0x0000000603400000|100%| O|  |TAMS 0x0000000603000000| PB 0x0000000603000000| Untracked |  0
|   8|0x0000000603400000, 0x0000000603800000, 0x0000000603800000|100%| O|  |TAMS 0x0000000603400000| PB 0x0000000603400000| Untracked |  0
|   9|0x0000000603800000, 0x0000000603c00000, 0x0000000603c00000|100%| O|  |TAMS 0x0000000603800000| PB 0x0000000603800000| Untracked |  0
|  10|0x0000000603c00000, 0x0000000604000000, 0x0000000604000000|100%| O|  |TAMS 0x0000000603c00000| PB 0x0000000603c00000| Untracked |  0
|  11|0x0000000604000000, 0x0000000604400000, 0x0000000604400000|100%| O|  |TAMS 0x0000000604000000| PB 0x0000000604000000| Untracked |  0
|  12|0x0000000604400000, 0x0000000604800000, 0x0000000604800000|100%| O|  |TAMS 0x0000000604400000| PB 0x0000000604400000| Untracked |  0
|  13|0x0000000604800000, 0x0000000604c00000, 0x0000000604c00000|100%| O|  |TAMS 0x0000000604800000| PB 0x0000000604800000| Untracked |  0
|  14|0x0000000604c00000, 0x0000000605000000, 0x0000000605000000|100%| O|  |TAMS 0x0000000604c00000| PB 0x0000000604c00000| Untracked |  0
|  15|0x0000000605000000, 0x0000000605000000, 0x0000000605400000|  0%| F|  |TAMS 0x0000000605000000| PB 0x0000000605000000| Untracked |  0
|  16|0x0000000605400000, 0x0000000605800000, 0x0000000605800000|100%| O|  |TAMS 0x0000000605400000| PB 0x0000000605400000| Untracked |  0
|  17|0x0000000605800000, 0x0000000605c00000, 0x0000000605c00000|100%| O|  |TAMS 0x0000000605800000| PB 0x0000000605800000| Untracked |  0
|  18|0x0000000605c00000, 0x0000000606000000, 0x0000000606000000|100%| O|  |TAMS 0x0000000605c00000| PB 0x0000000605c00000| Untracked |  0
|  19|0x0000000606000000, 0x0000000606400000, 0x0000000606400000|100%| O|  |TAMS 0x0000000606000000| PB 0x0000000606000000| Untracked |  0
|  20|0x0000000606400000, 0x0000000606800000, 0x0000000606800000|100%| O|Cm|TAMS 0x0000000606400000| PB 0x0000000606400000| Complete |  0
|  21|0x0000000606800000, 0x0000000606c00000, 0x0000000606c00000|100%| O|  |TAMS 0x0000000606800000| PB 0x0000000606800000| Untracked |  0
|  22|0x0000000606c00000, 0x0000000607000000, 0x0000000607000000|100%|HS|  |TAMS 0x0000000606c00000| PB 0x0000000606c00000| Complete |  0
|  23|0x0000000607000000, 0x0000000607400000, 0x0000000607400000|100%|HC|  |TAMS 0x0000000607000000| PB 0x0000000607000000| Complete |  0
|  24|0x0000000607400000, 0x0000000607800000, 0x0000000607800000|100%|HC|  |TAMS 0x0000000607400000| PB 0x0000000607400000| Complete |  0
|  25|0x0000000607800000, 0x0000000607c00000, 0x0000000607c00000|100%| O|  |TAMS 0x0000000607800000| PB 0x0000000607800000| Untracked |  0
|  26|0x0000000607c00000, 0x0000000608000000, 0x0000000608000000|100%| O|  |TAMS 0x0000000607c00000| PB 0x0000000607c00000| Untracked |  0
|  27|0x0000000608000000, 0x0000000608400000, 0x0000000608400000|100%| O|  |TAMS 0x0000000608000000| PB 0x0000000608000000| Untracked |  0
|  28|0x0000000608400000, 0x0000000608800000, 0x0000000608800000|100%| O|  |TAMS 0x0000000608400000| PB 0x0000000608400000| Untracked |  0
|  29|0x0000000608800000, 0x0000000608c00000, 0x0000000608c00000|100%| O|  |TAMS 0x0000000608800000| PB 0x0000000608800000| Untracked |  0
|  30|0x0000000608c00000, 0x0000000609000000, 0x0000000609000000|100%| O|  |TAMS 0x0000000608c00000| PB 0x0000000608c00000| Untracked |  0
|  31|0x0000000609000000, 0x0000000609400000, 0x0000000609400000|100%| O|  |TAMS 0x0000000609000000| PB 0x0000000609000000| Untracked |  0
|  32|0x0000000609400000, 0x0000000609800000, 0x0000000609800000|100%| O|  |TAMS 0x0000000609400000| PB 0x0000000609400000| Untracked |  0
|  33|0x0000000609800000, 0x0000000609c00000, 0x0000000609c00000|100%| O|  |TAMS 0x0000000609800000| PB 0x0000000609800000| Untracked |  0
|  34|0x0000000609c00000, 0x000000060a000000, 0x000000060a000000|100%| O|  |TAMS 0x0000000609c00000| PB 0x0000000609c00000| Untracked |  0
|  35|0x000000060a000000, 0x000000060a400000, 0x000000060a400000|100%| O|  |TAMS 0x000000060a000000| PB 0x000000060a000000| Untracked |  0
|  36|0x000000060a400000, 0x000000060a800000, 0x000000060a800000|100%|HS|  |TAMS 0x000000060a400000| PB 0x000000060a400000| Complete |  0
|  37|0x000000060a800000, 0x000000060ac00000, 0x000000060ac00000|100%| O|  |TAMS 0x000000060a800000| PB 0x000000060a800000| Untracked |  0
|  38|0x000000060ac00000, 0x000000060b000000, 0x000000060b000000|100%| O|  |TAMS 0x000000060ac00000| PB 0x000000060ac00000| Untracked |  0
|  39|0x000000060b000000, 0x000000060b400000, 0x000000060b400000|100%| O|  |TAMS 0x000000060b000000| PB 0x000000060b000000| Untracked |  0
|  40|0x000000060b400000, 0x000000060b800000, 0x000000060b800000|100%| O|  |TAMS 0x000000060b400000| PB 0x000000060b400000| Untracked |  0
|  41|0x000000060b800000, 0x000000060bc00000, 0x000000060bc00000|100%| O|  |TAMS 0x000000060b800000| PB 0x000000060b800000| Untracked |  0
|  42|0x000000060bc00000, 0x000000060c000000, 0x000000060c000000|100%| O|  |TAMS 0x000000060bc00000| PB 0x000000060bc00000| Untracked |  0
|  43|0x000000060c000000, 0x000000060c400000, 0x000000060c400000|100%|HS|  |TAMS 0x000000060c000000| PB 0x000000060c000000| Complete |  0
|  44|0x000000060c400000, 0x000000060c800000, 0x000000060c800000|100%| O|  |TAMS 0x000000060c400000| PB 0x000000060c400000| Untracked |  0
|  45|0x000000060c800000, 0x000000060cc00000, 0x000000060cc00000|100%| O|  |TAMS 0x000000060c800000| PB 0x000000060c800000| Untracked |  0
|  46|0x000000060cc00000, 0x000000060d000000, 0x000000060d000000|100%| O|  |TAMS 0x000000060cc00000| PB 0x000000060cc00000| Untracked |  0
|  47|0x000000060d000000, 0x000000060d400000, 0x000000060d400000|100%| O|  |TAMS 0x000000060d000000| PB 0x000000060d000000| Untracked |  0
|  48|0x000000060d400000, 0x000000060d800000, 0x000000060d800000|100%| O|  |TAMS 0x000000060d400000| PB 0x000000060d400000| Untracked |  0
|  49|0x000000060d800000, 0x000000060dc00000, 0x000000060dc00000|100%| O|  |TAMS 0x000000060d800000| PB 0x000000060d800000| Untracked |  0
|  50|0x000000060dc00000, 0x000000060e000000, 0x000000060e000000|100%| O|  |TAMS 0x000000060dc00000| PB 0x000000060dc00000| Untracked |  0
|  51|0x000000060e000000, 0x000000060e400000, 0x000000060e400000|100%| O|  |TAMS 0x000000060e000000| PB 0x000000060e000000| Untracked |  0
|  52|0x000000060e400000, 0x000000060e800000, 0x000000060e800000|100%| O|  |TAMS 0x000000060e400000| PB 0x000000060e400000| Untracked |  0
|  53|0x000000060e800000, 0x000000060e8ffe70, 0x000000060ec00000| 24%| O|  |TAMS 0x000000060e800000| PB 0x000000060e800000| Untracked |  0
|  54|0x000000060ec00000, 0x000000060ec00000, 0x000000060f000000|  0%| F|  |TAMS 0x000000060ec00000| PB 0x000000060ec00000| Untracked |  0
|  55|0x000000060f000000, 0x000000060f000000, 0x000000060f400000|  0%| F|  |TAMS 0x000000060f000000| PB 0x000000060f000000| Untracked |  0
|  56|0x000000060f400000, 0x000000060f800000, 0x000000060f800000|100%| O|  |TAMS 0x000000060f400000| PB 0x000000060f400000| Untracked |  0
|  57|0x000000060f800000, 0x000000060fc00000, 0x000000060fc00000|100%| O|  |TAMS 0x000000060f800000| PB 0x000000060f800000| Untracked |  0
|  58|0x000000060fc00000, 0x0000000610000000, 0x0000000610000000|100%| O|  |TAMS 0x000000060fc00000| PB 0x000000060fc00000| Untracked |  0
|  59|0x0000000610000000, 0x0000000610000000, 0x0000000610400000|  0%| F|  |TAMS 0x0000000610000000| PB 0x0000000610000000| Untracked |  0
|  60|0x0000000610400000, 0x0000000610800000, 0x0000000610800000|100%| O|Cm|TAMS 0x0000000610400000| PB 0x0000000610400000| Complete |  0
|  61|0x0000000610800000, 0x0000000610c00000, 0x0000000610c00000|100%| O|  |TAMS 0x0000000610800000| PB 0x0000000610800000| Untracked |  0
|  62|0x0000000610c00000, 0x0000000611000000, 0x0000000611000000|100%| O|  |TAMS 0x0000000610c00000| PB 0x0000000610c00000| Untracked |  0
|  63|0x0000000611000000, 0x0000000611400000, 0x0000000611400000|100%| O|  |TAMS 0x0000000611000000| PB 0x0000000611000000| Untracked |  0
|  64|0x0000000611400000, 0x0000000611400000, 0x0000000611800000|  0%| F|  |TAMS 0x0000000611400000| PB 0x0000000611400000| Untracked |  0
|  65|0x0000000611800000, 0x0000000611800000, 0x0000000611c00000|  0%| F|  |TAMS 0x0000000611800000| PB 0x0000000611800000| Untracked |  0
|  66|0x0000000611c00000, 0x0000000612000000, 0x0000000612000000|100%| O|  |TAMS 0x0000000611c00000| PB 0x0000000611c00000| Untracked |  0
|  67|0x0000000612000000, 0x0000000612400000, 0x0000000612400000|100%| O|  |TAMS 0x0000000612000000| PB 0x0000000612000000| Untracked |  0
|  68|0x0000000612400000, 0x0000000612800000, 0x0000000612800000|100%| O|  |TAMS 0x0000000612400000| PB 0x0000000612400000| Untracked |  0
|  69|0x0000000612800000, 0x0000000612800000, 0x0000000612c00000|  0%| F|  |TAMS 0x0000000612800000| PB 0x0000000612800000| Untracked |  0
|  70|0x0000000612c00000, 0x0000000612c00000, 0x0000000613000000|  0%| F|  |TAMS 0x0000000612c00000| PB 0x0000000612c00000| Untracked |  0
|  71|0x0000000613000000, 0x0000000613000000, 0x0000000613400000|  0%| F|  |TAMS 0x0000000613000000| PB 0x0000000613000000| Untracked |  0
|  72|0x0000000613400000, 0x0000000613400000, 0x0000000613800000|  0%| F|  |TAMS 0x0000000613400000| PB 0x0000000613400000| Untracked |  0
|  73|0x0000000613800000, 0x0000000613800000, 0x0000000613c00000|  0%| F|  |TAMS 0x0000000613800000| PB 0x0000000613800000| Untracked |  0
|  74|0x0000000613c00000, 0x0000000613c00000, 0x0000000614000000|  0%| F|  |TAMS 0x0000000613c00000| PB 0x0000000613c00000| Untracked |  0
|  75|0x0000000614000000, 0x0000000614000000, 0x0000000614400000|  0%| F|  |TAMS 0x0000000614000000| PB 0x0000000614000000| Untracked |  0
|  76|0x0000000614400000, 0x0000000614800000, 0x0000000614800000|100%| O|  |TAMS 0x0000000614400000| PB 0x0000000614400000| Untracked |  0
|  77|0x0000000614800000, 0x0000000614c00000, 0x0000000614c00000|100%| O|  |TAMS 0x0000000614800000| PB 0x0000000614800000| Untracked |  0
|  78|0x0000000614c00000, 0x0000000615000000, 0x0000000615000000|100%| O|Cm|TAMS 0x0000000614c00000| PB 0x0000000614c00000| Complete |  0
|  79|0x0000000615000000, 0x0000000615000000, 0x0000000615400000|  0%| F|  |TAMS 0x0000000615000000| PB 0x0000000615000000| Untracked |  0
|  80|0x0000000615400000, 0x0000000615800000, 0x0000000615800000|100%| O|  |TAMS 0x0000000615400000| PB 0x0000000615400000| Untracked |  0
|  81|0x0000000615800000, 0x0000000615c00000, 0x0000000615c00000|100%| O|  |TAMS 0x0000000615800000| PB 0x0000000615800000| Untracked |  0
|  82|0x0000000615c00000, 0x0000000616000000, 0x0000000616000000|100%| O|  |TAMS 0x0000000615c00000| PB 0x0000000615c00000| Untracked |  0
|  83|0x0000000616000000, 0x0000000616400000, 0x0000000616400000|100%|HS|  |TAMS 0x0000000616000000| PB 0x0000000616000000| Complete |  0
|  84|0x0000000616400000, 0x0000000616800000, 0x0000000616800000|100%|HC|  |TAMS 0x0000000616400000| PB 0x0000000616400000| Complete |  0
|  85|0x0000000616800000, 0x0000000616c00000, 0x0000000616c00000|100%|HC|  |TAMS 0x0000000616800000| PB 0x0000000616800000| Complete |  0
|  86|0x0000000616c00000, 0x0000000617000000, 0x0000000617000000|100%|HC|  |TAMS 0x0000000616c00000| PB 0x0000000616c00000| Complete |  0
|  87|0x0000000617000000, 0x0000000617400000, 0x0000000617400000|100%|HC|  |TAMS 0x0000000617000000| PB 0x0000000617000000| Complete |  0
|  88|0x0000000617400000, 0x0000000617800000, 0x0000000617800000|100%|HC|  |TAMS 0x0000000617400000| PB 0x0000000617400000| Complete |  0
|  89|0x0000000617800000, 0x0000000617c00000, 0x0000000617c00000|100%|HC|  |TAMS 0x0000000617800000| PB 0x0000000617800000| Complete |  0
|  90|0x0000000617c00000, 0x0000000618000000, 0x0000000618000000|100%|HC|  |TAMS 0x0000000617c00000| PB 0x0000000617c00000| Complete |  0
|  91|0x0000000618000000, 0x0000000618400000, 0x0000000618400000|100%|HC|  |TAMS 0x0000000618000000| PB 0x0000000618000000| Complete |  0
|  92|0x0000000618400000, 0x0000000618800000, 0x0000000618800000|100%|HC|  |TAMS 0x0000000618400000| PB 0x0000000618400000| Complete |  0
|  93|0x0000000618800000, 0x0000000618c00000, 0x0000000618c00000|100%|HC|  |TAMS 0x0000000618800000| PB 0x0000000618800000| Complete |  0
|  94|0x0000000618c00000, 0x0000000619000000, 0x0000000619000000|100%|HC|  |TAMS 0x0000000618c00000| PB 0x0000000618c00000| Complete |  0
|  95|0x0000000619000000, 0x0000000619400000, 0x0000000619400000|100%|HC|  |TAMS 0x0000000619000000| PB 0x0000000619000000| Complete |  0
|  96|0x0000000619400000, 0x0000000619800000, 0x0000000619800000|100%|HC|  |TAMS 0x0000000619400000| PB 0x0000000619400000| Complete |  0
|  97|0x0000000619800000, 0x0000000619c00000, 0x0000000619c00000|100%|HC|  |TAMS 0x0000000619800000| PB 0x0000000619800000| Complete |  0
|  98|0x0000000619c00000, 0x000000061a000000, 0x000000061a000000|100%|HC|  |TAMS 0x0000000619c00000| PB 0x0000000619c00000| Complete |  0
|  99|0x000000061a000000, 0x000000061a400000, 0x000000061a400000|100%|HC|  |TAMS 0x000000061a000000| PB 0x000000061a000000| Complete |  0
| 100|0x000000061a400000, 0x000000061a800000, 0x000000061a800000|100%|HC|  |TAMS 0x000000061a400000| PB 0x000000061a400000| Complete |  0
| 101|0x000000061a800000, 0x000000061ac00000, 0x000000061ac00000|100%|HC|  |TAMS 0x000000061a800000| PB 0x000000061a800000| Complete |  0
| 102|0x000000061ac00000, 0x000000061b000000, 0x000000061b000000|100%|HC|  |TAMS 0x000000061ac00000| PB 0x000000061ac00000| Complete |  0
| 103|0x000000061b000000, 0x000000061b400000, 0x000000061b400000|100%|HC|  |TAMS 0x000000061b000000| PB 0x000000061b000000| Complete |  0
| 104|0x000000061b400000, 0x000000061b800000, 0x000000061b800000|100%|HC|  |TAMS 0x000000061b400000| PB 0x000000061b400000| Complete |  0
| 105|0x000000061b800000, 0x000000061bc00000, 0x000000061bc00000|100%|HC|  |TAMS 0x000000061b800000| PB 0x000000061b800000| Complete |  0
| 106|0x000000061bc00000, 0x000000061c000000, 0x000000061c000000|100%|HC|  |TAMS 0x000000061bc00000| PB 0x000000061bc00000| Complete |  0
| 107|0x000000061c000000, 0x000000061c400000, 0x000000061c400000|100%|HC|  |TAMS 0x000000061c000000| PB 0x000000061c000000| Complete |  0
| 108|0x000000061c400000, 0x000000061c800000, 0x000000061c800000|100%|HC|  |TAMS 0x000000061c400000| PB 0x000000061c400000| Complete |  0
| 109|0x000000061c800000, 0x000000061cc00000, 0x000000061cc00000|100%|HC|  |TAMS 0x000000061c800000| PB 0x000000061c800000| Complete |  0
| 110|0x000000061cc00000, 0x000000061d000000, 0x000000061d000000|100%|HC|  |TAMS 0x000000061cc00000| PB 0x000000061cc00000| Complete |  0
| 111|0x000000061d000000, 0x000000061d400000, 0x000000061d400000|100%|HC|  |TAMS 0x000000061d000000| PB 0x000000061d000000| Complete |  0
| 112|0x000000061d400000, 0x000000061d800000, 0x000000061d800000|100%|HC|  |TAMS 0x000000061d400000| PB 0x000000061d400000| Complete |  0
| 113|0x000000061d800000, 0x000000061dc00000, 0x000000061dc00000|100%|HC|  |TAMS 0x000000061d800000| PB 0x000000061d800000| Complete |  0
| 114|0x000000061dc00000, 0x000000061e000000, 0x000000061e000000|100%|HC|  |TAMS 0x000000061dc00000| PB 0x000000061dc00000| Complete |  0
| 115|0x000000061e000000, 0x000000061e400000, 0x000000061e400000|100%|HC|  |TAMS 0x000000061e000000| PB 0x000000061e000000| Complete |  0
| 116|0x000000061e400000, 0x000000061e800000, 0x000000061e800000|100%|HC|  |TAMS 0x000000061e400000| PB 0x000000061e400000| Complete |  0
| 117|0x000000061e800000, 0x000000061ec00000, 0x000000061ec00000|100%|HC|  |TAMS 0x000000061e800000| PB 0x000000061e800000| Complete |  0
| 118|0x000000061ec00000, 0x000000061f000000, 0x000000061f000000|100%|HC|  |TAMS 0x000000061ec00000| PB 0x000000061ec00000| Complete |  0
| 119|0x000000061f000000, 0x000000061f400000, 0x000000061f400000|100%|HC|  |TAMS 0x000000061f000000| PB 0x000000061f000000| Complete |  0
| 120|0x000000061f400000, 0x000000061f800000, 0x000000061f800000|100%|HC|  |TAMS 0x000000061f400000| PB 0x000000061f400000| Complete |  0
| 121|0x000000061f800000, 0x000000061fc00000, 0x000000061fc00000|100%|HS|  |TAMS 0x000000061f800000| PB 0x000000061f800000| Complete |  0
| 122|0x000000061fc00000, 0x0000000620000000, 0x0000000620000000|100%|HC|  |TAMS 0x000000061fc00000| PB 0x000000061fc00000| Complete |  0
| 123|0x0000000620000000, 0x0000000620400000, 0x0000000620400000|100%|HC|  |TAMS 0x0000000620000000| PB 0x0000000620000000| Complete |  0
| 124|0x0000000620400000, 0x0000000620800000, 0x0000000620800000|100%|HC|  |TAMS 0x0000000620400000| PB 0x0000000620400000| Complete |  0
| 125|0x0000000620800000, 0x0000000620c00000, 0x0000000620c00000|100%|HC|  |TAMS 0x0000000620800000| PB 0x0000000620800000| Complete |  0
| 126|0x0000000620c00000, 0x0000000621000000, 0x0000000621000000|100%|HC|  |TAMS 0x0000000620c00000| PB 0x0000000620c00000| Complete |  0
| 127|0x0000000621000000, 0x0000000621400000, 0x0000000621400000|100%|HC|  |TAMS 0x0000000621000000| PB 0x0000000621000000| Complete |  0
| 128|0x0000000621400000, 0x0000000621800000, 0x0000000621800000|100%|HC|  |TAMS 0x0000000621400000| PB 0x0000000621400000| Complete |  0
| 129|0x0000000621800000, 0x0000000621c00000, 0x0000000621c00000|100%|HC|  |TAMS 0x0000000621800000| PB 0x0000000621800000| Complete |  0
| 130|0x0000000621c00000, 0x0000000622000000, 0x0000000622000000|100%|HC|  |TAMS 0x0000000621c00000| PB 0x0000000621c00000| Complete |  0
| 131|0x0000000622000000, 0x0000000622000000, 0x0000000622400000|  0%| F|  |TAMS 0x0000000622000000| PB 0x0000000622000000| Untracked |  0
| 132|0x0000000622400000, 0x0000000622400000, 0x0000000622800000|  0%| F|  |TAMS 0x0000000622400000| PB 0x0000000622400000| Untracked |  0
| 133|0x0000000622800000, 0x0000000622800000, 0x0000000622c00000|  0%| F|  |TAMS 0x0000000622800000| PB 0x0000000622800000| Untracked |  0
| 134|0x0000000622c00000, 0x0000000622c00000, 0x0000000623000000|  0%| F|  |TAMS 0x0000000622c00000| PB 0x0000000622c00000| Untracked |  0
| 135|0x0000000623000000, 0x0000000623000000, 0x0000000623400000|  0%| F|  |TAMS 0x0000000623000000| PB 0x0000000623000000| Untracked |  0
| 136|0x0000000623400000, 0x0000000623400000, 0x0000000623800000|  0%| F|  |TAMS 0x0000000623400000| PB 0x0000000623400000| Untracked |  0
| 137|0x0000000623800000, 0x0000000623800000, 0x0000000623c00000|  0%| F|  |TAMS 0x0000000623800000| PB 0x0000000623800000| Untracked |  0
| 138|0x0000000623c00000, 0x0000000623c00000, 0x0000000624000000|  0%| F|  |TAMS 0x0000000623c00000| PB 0x0000000623c00000| Untracked |  0
| 139|0x0000000624000000, 0x0000000624000000, 0x0000000624400000|  0%| F|  |TAMS 0x0000000624000000| PB 0x0000000624000000| Untracked |  0
| 140|0x0000000624400000, 0x0000000624400000, 0x0000000624800000|  0%| F|  |TAMS 0x0000000624400000| PB 0x0000000624400000| Untracked |  0
| 141|0x0000000624800000, 0x0000000624800000, 0x0000000624c00000|  0%| F|  |TAMS 0x0000000624800000| PB 0x0000000624800000| Untracked |  0
| 142|0x0000000624c00000, 0x0000000624c00000, 0x0000000625000000|  0%| F|  |TAMS 0x0000000624c00000| PB 0x0000000624c00000| Untracked |  0
| 143|0x0000000625000000, 0x0000000625000000, 0x0000000625400000|  0%| F|  |TAMS 0x0000000625000000| PB 0x0000000625000000| Untracked |  0
| 144|0x0000000625400000, 0x0000000625400000, 0x0000000625800000|  0%| F|  |TAMS 0x0000000625400000| PB 0x0000000625400000| Untracked |  0
| 145|0x0000000625800000, 0x0000000625800000, 0x0000000625c00000|  0%| F|  |TAMS 0x0000000625800000| PB 0x0000000625800000| Untracked |  0
| 146|0x0000000625c00000, 0x0000000625d90dc0, 0x0000000626000000| 39%| S|CS|TAMS 0x0000000625c00000| PB 0x0000000625c00000| Complete |  0
| 147|0x0000000626000000, 0x0000000626400000, 0x0000000626400000|100%| S|CS|TAMS 0x0000000626000000| PB 0x0000000626000000| Complete |  0
| 148|0x0000000626400000, 0x0000000626800000, 0x0000000626800000|100%| S|CS|TAMS 0x0000000626400000| PB 0x0000000626400000| Complete |  0
| 149|0x0000000626800000, 0x0000000626c00000, 0x0000000626c00000|100%| S|CS|TAMS 0x0000000626800000| PB 0x0000000626800000| Complete |  0
| 150|0x0000000626c00000, 0x0000000627000000, 0x0000000627000000|100%| S|CS|TAMS 0x0000000626c00000| PB 0x0000000626c00000| Complete |  0
| 151|0x0000000627000000, 0x0000000627400000, 0x0000000627400000|100%| S|CS|TAMS 0x0000000627000000| PB 0x0000000627000000| Complete |  0
| 152|0x0000000627400000, 0x0000000627800000, 0x0000000627800000|100%| S|CS|TAMS 0x0000000627400000| PB 0x0000000627400000| Complete |  0
| 153|0x0000000627800000, 0x0000000627c00000, 0x0000000627c00000|100%| S|CS|TAMS 0x0000000627800000| PB 0x0000000627800000| Complete |  0
| 154|0x0000000627c00000, 0x0000000628000000, 0x0000000628000000|100%| S|CS|TAMS 0x0000000627c00000| PB 0x0000000627c00000| Complete |  0
| 155|0x0000000628000000, 0x0000000628400000, 0x0000000628400000|100%| S|CS|TAMS 0x0000000628000000| PB 0x0000000628000000| Complete |  0
| 156|0x0000000628400000, 0x0000000628800000, 0x0000000628800000|100%| S|CS|TAMS 0x0000000628400000| PB 0x0000000628400000| Complete |  0
| 157|0x0000000628800000, 0x0000000628c00000, 0x0000000628c00000|100%| S|CS|TAMS 0x0000000628800000| PB 0x0000000628800000| Complete |  0
| 158|0x0000000628c00000, 0x0000000628c00000, 0x0000000629000000|  0%| F|  |TAMS 0x0000000628c00000| PB 0x0000000628c00000| Untracked |  0
| 159|0x0000000629000000, 0x0000000629000000, 0x0000000629400000|  0%| F|  |TAMS 0x0000000629000000| PB 0x0000000629000000| Untracked |  0
| 160|0x0000000629400000, 0x0000000629400000, 0x0000000629800000|  0%| F|  |TAMS 0x0000000629400000| PB 0x0000000629400000| Untracked |  0
| 161|0x0000000629800000, 0x0000000629800000, 0x0000000629c00000|  0%| F|  |TAMS 0x0000000629800000| PB 0x0000000629800000| Untracked |  0
| 162|0x0000000629c00000, 0x0000000629c00000, 0x000000062a000000|  0%| F|  |TAMS 0x0000000629c00000| PB 0x0000000629c00000| Untracked |  0
| 163|0x000000062a000000, 0x000000062a000000, 0x000000062a400000|  0%| F|  |TAMS 0x000000062a000000| PB 0x000000062a000000| Untracked |  0
| 164|0x000000062a400000, 0x000000062a400000, 0x000000062a800000|  0%| F|  |TAMS 0x000000062a400000| PB 0x000000062a400000| Untracked |  0
| 165|0x000000062a800000, 0x000000062a800000, 0x000000062ac00000|  0%| F|  |TAMS 0x000000062a800000| PB 0x000000062a800000| Untracked |  0
| 166|0x000000062ac00000, 0x000000062ac00000, 0x000000062b000000|  0%| F|  |TAMS 0x000000062ac00000| PB 0x000000062ac00000| Untracked |  0
| 167|0x000000062b000000, 0x000000062b000000, 0x000000062b400000|  0%| F|  |TAMS 0x000000062b000000| PB 0x000000062b000000| Untracked |  0
| 168|0x000000062b400000, 0x000000062b400000, 0x000000062b800000|  0%| F|  |TAMS 0x000000062b400000| PB 0x000000062b400000| Untracked |  0
| 169|0x000000062b800000, 0x000000062b800000, 0x000000062bc00000|  0%| F|  |TAMS 0x000000062b800000| PB 0x000000062b800000| Untracked |  0
| 170|0x000000062bc00000, 0x000000062bc00000, 0x000000062c000000|  0%| F|  |TAMS 0x000000062bc00000| PB 0x000000062bc00000| Untracked |  0
| 171|0x000000062c000000, 0x000000062c000000, 0x000000062c400000|  0%| F|  |TAMS 0x000000062c000000| PB 0x000000062c000000| Untracked |  0
| 172|0x000000062c400000, 0x000000062c400000, 0x000000062c800000|  0%| F|  |TAMS 0x000000062c400000| PB 0x000000062c400000| Untracked |  0
| 173|0x000000062c800000, 0x000000062c800000, 0x000000062cc00000|  0%| F|  |TAMS 0x000000062c800000| PB 0x000000062c800000| Untracked |  0
| 174|0x000000062cc00000, 0x000000062cc00000, 0x000000062d000000|  0%| F|  |TAMS 0x000000062cc00000| PB 0x000000062cc00000| Untracked |  0
| 175|0x000000062d000000, 0x000000062d000000, 0x000000062d400000|  0%| F|  |TAMS 0x000000062d000000| PB 0x000000062d000000| Untracked |  0
| 176|0x000000062d400000, 0x000000062d400000, 0x000000062d800000|  0%| F|  |TAMS 0x000000062d400000| PB 0x000000062d400000| Untracked |  0
| 177|0x000000062d800000, 0x000000062d800000, 0x000000062dc00000|  0%| F|  |TAMS 0x000000062d800000| PB 0x000000062d800000| Untracked |  0
| 178|0x000000062dc00000, 0x000000062dc00000, 0x000000062e000000|  0%| F|  |TAMS 0x000000062dc00000| PB 0x000000062dc00000| Untracked |  0
| 179|0x000000062e000000, 0x000000062e000000, 0x000000062e400000|  0%| F|  |TAMS 0x000000062e000000| PB 0x000000062e000000| Untracked |  0
| 180|0x000000062e400000, 0x000000062e400000, 0x000000062e800000|  0%| F|  |TAMS 0x000000062e400000| PB 0x000000062e400000| Untracked |  0
| 181|0x000000062e800000, 0x000000062e800000, 0x000000062ec00000|  0%| F|  |TAMS 0x000000062e800000| PB 0x000000062e800000| Untracked |  0
| 182|0x000000062ec00000, 0x000000062ec00000, 0x000000062f000000|  0%| F|  |TAMS 0x000000062ec00000| PB 0x000000062ec00000| Untracked |  0
| 183|0x000000062f000000, 0x000000062f000000, 0x000000062f400000|  0%| F|  |TAMS 0x000000062f000000| PB 0x000000062f000000| Untracked |  0
| 184|0x000000062f400000, 0x000000062f400000, 0x000000062f800000|  0%| F|  |TAMS 0x000000062f400000| PB 0x000000062f400000| Untracked |  0
| 185|0x000000062f800000, 0x000000062f800000, 0x000000062fc00000|  0%| F|  |TAMS 0x000000062f800000| PB 0x000000062f800000| Untracked |  0
| 186|0x000000062fc00000, 0x000000062fc00000, 0x0000000630000000|  0%| F|  |TAMS 0x000000062fc00000| PB 0x000000062fc00000| Untracked |  0
| 187|0x0000000630000000, 0x0000000630000000, 0x0000000630400000|  0%| F|  |TAMS 0x0000000630000000| PB 0x0000000630000000| Untracked |  0
| 188|0x0000000630400000, 0x0000000630400000, 0x0000000630800000|  0%| F|  |TAMS 0x0000000630400000| PB 0x0000000630400000| Untracked |  0
| 189|0x0000000630800000, 0x0000000630800000, 0x0000000630c00000|  0%| F|  |TAMS 0x0000000630800000| PB 0x0000000630800000| Untracked |  0
| 190|0x0000000630c00000, 0x0000000630c00000, 0x0000000631000000|  0%| F|  |TAMS 0x0000000630c00000| PB 0x0000000630c00000| Untracked |  0
| 191|0x0000000631000000, 0x0000000631000000, 0x0000000631400000|  0%| F|  |TAMS 0x0000000631000000| PB 0x0000000631000000| Untracked |  0
| 192|0x0000000631400000, 0x0000000631400000, 0x0000000631800000|  0%| F|  |TAMS 0x0000000631400000| PB 0x0000000631400000| Untracked |  0
| 193|0x0000000631800000, 0x0000000631800000, 0x0000000631c00000|  0%| F|  |TAMS 0x0000000631800000| PB 0x0000000631800000| Untracked |  0
| 194|0x0000000631c00000, 0x0000000631c00000, 0x0000000632000000|  0%| F|  |TAMS 0x0000000631c00000| PB 0x0000000631c00000| Untracked |  0
| 195|0x0000000632000000, 0x0000000632000000, 0x0000000632400000|  0%| F|  |TAMS 0x0000000632000000| PB 0x0000000632000000| Untracked |  0
| 196|0x0000000632400000, 0x0000000632400000, 0x0000000632800000|  0%| F|  |TAMS 0x0000000632400000| PB 0x0000000632400000| Untracked |  0
| 197|0x0000000632800000, 0x0000000632800000, 0x0000000632c00000|  0%| F|  |TAMS 0x0000000632800000| PB 0x0000000632800000| Untracked |  0
| 198|0x0000000632c00000, 0x0000000632c00000, 0x0000000633000000|  0%| F|  |TAMS 0x0000000632c00000| PB 0x0000000632c00000| Untracked |  0
| 199|0x0000000633000000, 0x0000000633000000, 0x0000000633400000|  0%| F|  |TAMS 0x0000000633000000| PB 0x0000000633000000| Untracked |  0
| 200|0x0000000633400000, 0x0000000633400000, 0x0000000633800000|  0%| F|  |TAMS 0x0000000633400000| PB 0x0000000633400000| Untracked |  0
| 201|0x0000000633800000, 0x0000000633800000, 0x0000000633c00000|  0%| F|  |TAMS 0x0000000633800000| PB 0x0000000633800000| Untracked |  0
| 202|0x0000000633c00000, 0x0000000633c00000, 0x0000000634000000|  0%| F|  |TAMS 0x0000000633c00000| PB 0x0000000633c00000| Untracked |  0
| 203|0x0000000634000000, 0x0000000634000000, 0x0000000634400000|  0%| F|  |TAMS 0x0000000634000000| PB 0x0000000634000000| Untracked |  0
| 204|0x0000000634400000, 0x0000000634400000, 0x0000000634800000|  0%| F|  |TAMS 0x0000000634400000| PB 0x0000000634400000| Untracked |  0
| 205|0x0000000634800000, 0x0000000634800000, 0x0000000634c00000|  0%| F|  |TAMS 0x0000000634800000| PB 0x0000000634800000| Untracked |  0
| 206|0x0000000634c00000, 0x0000000634c00000, 0x0000000635000000|  0%| F|  |TAMS 0x0000000634c00000| PB 0x0000000634c00000| Untracked |  0
| 207|0x0000000635000000, 0x0000000635000000, 0x0000000635400000|  0%| F|  |TAMS 0x0000000635000000| PB 0x0000000635000000| Untracked |  0
| 208|0x0000000635400000, 0x0000000635400000, 0x0000000635800000|  0%| F|  |TAMS 0x0000000635400000| PB 0x0000000635400000| Untracked |  0
| 209|0x0000000635800000, 0x0000000635800000, 0x0000000635c00000|  0%| F|  |TAMS 0x0000000635800000| PB 0x0000000635800000| Untracked |  0
| 210|0x0000000635c00000, 0x0000000635c00000, 0x0000000636000000|  0%| F|  |TAMS 0x0000000635c00000| PB 0x0000000635c00000| Untracked |  0
| 211|0x0000000636000000, 0x0000000636000000, 0x0000000636400000|  0%| F|  |TAMS 0x0000000636000000| PB 0x0000000636000000| Untracked |  0
| 212|0x0000000636400000, 0x0000000636400000, 0x0000000636800000|  0%| F|  |TAMS 0x0000000636400000| PB 0x0000000636400000| Untracked |  0
| 213|0x0000000636800000, 0x0000000636800000, 0x0000000636c00000|  0%| F|  |TAMS 0x0000000636800000| PB 0x0000000636800000| Untracked |  0
| 214|0x0000000636c00000, 0x0000000636c00000, 0x0000000637000000|  0%| F|  |TAMS 0x0000000636c00000| PB 0x0000000636c00000| Untracked |  0
| 215|0x0000000637000000, 0x0000000637000000, 0x0000000637400000|  0%| F|  |TAMS 0x0000000637000000| PB 0x0000000637000000| Untracked |  0
| 216|0x0000000637400000, 0x0000000637400000, 0x0000000637800000|  0%| F|  |TAMS 0x0000000637400000| PB 0x0000000637400000| Untracked |  0
| 217|0x0000000637800000, 0x0000000637800000, 0x0000000637c00000|  0%| F|  |TAMS 0x0000000637800000| PB 0x0000000637800000| Untracked |  0
| 218|0x0000000637c00000, 0x0000000637c00000, 0x0000000638000000|  0%| F|  |TAMS 0x0000000637c00000| PB 0x0000000637c00000| Untracked |  0
| 219|0x0000000638000000, 0x0000000638000000, 0x0000000638400000|  0%| F|  |TAMS 0x0000000638000000| PB 0x0000000638000000| Untracked |  0
| 220|0x0000000638400000, 0x0000000638400000, 0x0000000638800000|  0%| F|  |TAMS 0x0000000638400000| PB 0x0000000638400000| Untracked |  0
| 221|0x0000000638800000, 0x0000000638800000, 0x0000000638c00000|  0%| F|  |TAMS 0x0000000638800000| PB 0x0000000638800000| Untracked |  0
| 222|0x0000000638c00000, 0x0000000638c00000, 0x0000000639000000|  0%| F|  |TAMS 0x0000000638c00000| PB 0x0000000638c00000| Untracked |  0
| 223|0x0000000639000000, 0x0000000639000000, 0x0000000639400000|  0%| F|  |TAMS 0x0000000639000000| PB 0x0000000639000000| Untracked |  0
| 224|0x0000000639400000, 0x0000000639400000, 0x0000000639800000|  0%| F|  |TAMS 0x0000000639400000| PB 0x0000000639400000| Untracked |  0
| 225|0x0000000639800000, 0x0000000639800000, 0x0000000639c00000|  0%| F|  |TAMS 0x0000000639800000| PB 0x0000000639800000| Untracked |  0
| 226|0x0000000639c00000, 0x0000000639c00000, 0x000000063a000000|  0%| F|  |TAMS 0x0000000639c00000| PB 0x0000000639c00000| Untracked |  0
| 227|0x000000063a000000, 0x000000063a000000, 0x000000063a400000|  0%| F|  |TAMS 0x000000063a000000| PB 0x000000063a000000| Untracked |  0
| 228|0x000000063a400000, 0x000000063a400000, 0x000000063a800000|  0%| F|  |TAMS 0x000000063a400000| PB 0x000000063a400000| Untracked |  0
| 229|0x000000063a800000, 0x000000063a800000, 0x000000063ac00000|  0%| F|  |TAMS 0x000000063a800000| PB 0x000000063a800000| Untracked |  0
| 230|0x000000063ac00000, 0x000000063ac00000, 0x000000063b000000|  0%| F|  |TAMS 0x000000063ac00000| PB 0x000000063ac00000| Untracked |  0
| 231|0x000000063b000000, 0x000000063b000000, 0x000000063b400000|  0%| F|  |TAMS 0x000000063b000000| PB 0x000000063b000000| Untracked |  0
| 232|0x000000063b400000, 0x000000063b400000, 0x000000063b800000|  0%| F|  |TAMS 0x000000063b400000| PB 0x000000063b400000| Untracked |  0
| 233|0x000000063b800000, 0x000000063b800000, 0x000000063bc00000|  0%| F|  |TAMS 0x000000063b800000| PB 0x000000063b800000| Untracked |  0
| 234|0x000000063bc00000, 0x000000063bc00000, 0x000000063c000000|  0%| F|  |TAMS 0x000000063bc00000| PB 0x000000063bc00000| Untracked |  0
| 235|0x000000063c000000, 0x000000063c000000, 0x000000063c400000|  0%| F|  |TAMS 0x000000063c000000| PB 0x000000063c000000| Untracked |  0
| 236|0x000000063c400000, 0x000000063c400000, 0x000000063c800000|  0%| F|  |TAMS 0x000000063c400000| PB 0x000000063c400000| Untracked |  0
| 237|0x000000063c800000, 0x000000063c800000, 0x000000063cc00000|  0%| F|  |TAMS 0x000000063c800000| PB 0x000000063c800000| Untracked |  0
| 238|0x000000063cc00000, 0x000000063d000000, 0x000000063d000000|100%|HS|  |TAMS 0x000000063cc00000| PB 0x000000063cc00000| Complete |  0
| 239|0x000000063d000000, 0x000000063d400000, 0x000000063d400000|100%|HC|  |TAMS 0x000000063d000000| PB 0x000000063d000000| Complete |  0
| 240|0x000000063d400000, 0x000000063d800000, 0x000000063d800000|100%|HC|  |TAMS 0x000000063d400000| PB 0x000000063d400000| Complete |  0
| 241|0x000000063d800000, 0x000000063dc00000, 0x000000063dc00000|100%|HC|  |TAMS 0x000000063d800000| PB 0x000000063d800000| Complete |  0
| 242|0x000000063dc00000, 0x000000063e000000, 0x000000063e000000|100%|HC|  |TAMS 0x000000063dc00000| PB 0x000000063dc00000| Complete |  0
| 243|0x000000063e000000, 0x000000063e400000, 0x000000063e400000|100%|HC|  |TAMS 0x000000063e000000| PB 0x000000063e000000| Complete |  0
| 244|0x000000063e400000, 0x000000063e800000, 0x000000063e800000|100%|HC|  |TAMS 0x000000063e400000| PB 0x000000063e400000| Complete |  0
| 245|0x000000063e800000, 0x000000063ec00000, 0x000000063ec00000|100%|HC|  |TAMS 0x000000063e800000| PB 0x000000063e800000| Complete |  0
| 246|0x000000063ec00000, 0x000000063f000000, 0x000000063f000000|100%|HC|  |TAMS 0x000000063ec00000| PB 0x000000063ec00000| Complete |  0
| 247|0x000000063f000000, 0x000000063f400000, 0x000000063f400000|100%|HC|  |TAMS 0x000000063f000000| PB 0x000000063f000000| Complete |  0
| 248|0x000000063f400000, 0x000000063f400000, 0x000000063f800000|  0%| F|  |TAMS 0x000000063f400000| PB 0x000000063f400000| Untracked |  0
| 249|0x000000063f800000, 0x000000063f800000, 0x000000063fc00000|  0%| F|  |TAMS 0x000000063f800000| PB 0x000000063f800000| Untracked |  0
| 250|0x000000063fc00000, 0x000000063fc00000, 0x0000000640000000|  0%| F|  |TAMS 0x000000063fc00000| PB 0x000000063fc00000| Untracked |  0
| 251|0x0000000640000000, 0x0000000640000000, 0x0000000640400000|  0%| F|  |TAMS 0x0000000640000000| PB 0x0000000640000000| Untracked |  0
| 252|0x0000000640400000, 0x0000000640400000, 0x0000000640800000|  0%| F|  |TAMS 0x0000000640400000| PB 0x0000000640400000| Untracked |  0
| 253|0x0000000640800000, 0x0000000640800000, 0x0000000640c00000|  0%| F|  |TAMS 0x0000000640800000| PB 0x0000000640800000| Untracked |  0
| 254|0x0000000640c00000, 0x0000000640c00000, 0x0000000641000000|  0%| F|  |TAMS 0x0000000640c00000| PB 0x0000000640c00000| Untracked |  0
| 255|0x0000000641000000, 0x0000000641000000, 0x0000000641400000|  0%| F|  |TAMS 0x0000000641000000| PB 0x0000000641000000| Untracked |  0
| 256|0x0000000641400000, 0x0000000641400000, 0x0000000641800000|  0%| F|  |TAMS 0x0000000641400000| PB 0x0000000641400000| Untracked |  0
| 257|0x0000000641800000, 0x0000000641800000, 0x0000000641c00000|  0%| F|  |TAMS 0x0000000641800000| PB 0x0000000641800000| Untracked |  0
| 258|0x0000000641c00000, 0x0000000641c00000, 0x0000000642000000|  0%| F|  |TAMS 0x0000000641c00000| PB 0x0000000641c00000| Untracked |  0
| 259|0x0000000642000000, 0x0000000642000000, 0x0000000642400000|  0%| F|  |TAMS 0x0000000642000000| PB 0x0000000642000000| Untracked |  0
| 260|0x0000000642400000, 0x0000000642400000, 0x0000000642800000|  0%| F|  |TAMS 0x0000000642400000| PB 0x0000000642400000| Untracked |  0
| 261|0x0000000642800000, 0x0000000642800000, 0x0000000642c00000|  0%| F|  |TAMS 0x0000000642800000| PB 0x0000000642800000| Untracked |  0
| 262|0x0000000642c00000, 0x0000000642c00000, 0x0000000643000000|  0%| F|  |TAMS 0x0000000642c00000| PB 0x0000000642c00000| Untracked |  0
| 263|0x0000000643000000, 0x0000000643000000, 0x0000000643400000|  0%| F|  |TAMS 0x0000000643000000| PB 0x0000000643000000| Untracked |  0
| 264|0x0000000643400000, 0x0000000643400000, 0x0000000643800000|  0%| F|  |TAMS 0x0000000643400000| PB 0x0000000643400000| Untracked |  0
| 265|0x0000000643800000, 0x0000000643800000, 0x0000000643c00000|  0%| F|  |TAMS 0x0000000643800000| PB 0x0000000643800000| Untracked |  0
| 266|0x0000000643c00000, 0x0000000643c00000, 0x0000000644000000|  0%| F|  |TAMS 0x0000000643c00000| PB 0x0000000643c00000| Untracked |  0
| 267|0x0000000644000000, 0x0000000644000000, 0x0000000644400000|  0%| F|  |TAMS 0x0000000644000000| PB 0x0000000644000000| Untracked |  0
| 268|0x0000000644400000, 0x0000000644400000, 0x0000000644800000|  0%| F|  |TAMS 0x0000000644400000| PB 0x0000000644400000| Untracked |  0
| 269|0x0000000644800000, 0x0000000644800000, 0x0000000644c00000|  0%| F|  |TAMS 0x0000000644800000| PB 0x0000000644800000| Untracked |  0
| 270|0x0000000644c00000, 0x0000000644c00000, 0x0000000645000000|  0%| F|  |TAMS 0x0000000644c00000| PB 0x0000000644c00000| Untracked |  0
| 271|0x0000000645000000, 0x0000000645000000, 0x0000000645400000|  0%| F|  |TAMS 0x0000000645000000| PB 0x0000000645000000| Untracked |  0
| 272|0x0000000645400000, 0x0000000645400000, 0x0000000645800000|  0%| F|  |TAMS 0x0000000645400000| PB 0x0000000645400000| Untracked |  0
| 273|0x0000000645800000, 0x0000000645800000, 0x0000000645c00000|  0%| F|  |TAMS 0x0000000645800000| PB 0x0000000645800000| Untracked |  0
| 274|0x0000000645c00000, 0x0000000645c00000, 0x0000000646000000|  0%| F|  |TAMS 0x0000000645c00000| PB 0x0000000645c00000| Untracked |  0
| 275|0x0000000646000000, 0x0000000646000000, 0x0000000646400000|  0%| F|  |TAMS 0x0000000646000000| PB 0x0000000646000000| Untracked |  0
| 276|0x0000000646400000, 0x0000000646400000, 0x0000000646800000|  0%| F|  |TAMS 0x0000000646400000| PB 0x0000000646400000| Untracked |  0
| 277|0x0000000646800000, 0x0000000646800000, 0x0000000646c00000|  0%| F|  |TAMS 0x0000000646800000| PB 0x0000000646800000| Untracked |  0
| 278|0x0000000646c00000, 0x0000000646c00000, 0x0000000647000000|  0%| F|  |TAMS 0x0000000646c00000| PB 0x0000000646c00000| Untracked |  0
| 279|0x0000000647000000, 0x0000000647000000, 0x0000000647400000|  0%| F|  |TAMS 0x0000000647000000| PB 0x0000000647000000| Untracked |  0
| 280|0x0000000647400000, 0x0000000647400000, 0x0000000647800000|  0%| F|  |TAMS 0x0000000647400000| PB 0x0000000647400000| Untracked |  0
| 281|0x0000000647800000, 0x0000000647800000, 0x0000000647c00000|  0%| F|  |TAMS 0x0000000647800000| PB 0x0000000647800000| Untracked |  0
| 282|0x0000000647c00000, 0x0000000647c00000, 0x0000000648000000|  0%| F|  |TAMS 0x0000000647c00000| PB 0x0000000647c00000| Untracked |  0
| 283|0x0000000648000000, 0x0000000648000000, 0x0000000648400000|  0%| F|  |TAMS 0x0000000648000000| PB 0x0000000648000000| Untracked |  0
| 284|0x0000000648400000, 0x0000000648400000, 0x0000000648800000|  0%| F|  |TAMS 0x0000000648400000| PB 0x0000000648400000| Untracked |  0
| 285|0x0000000648800000, 0x0000000648800000, 0x0000000648c00000|  0%| F|  |TAMS 0x0000000648800000| PB 0x0000000648800000| Untracked |  0
| 286|0x0000000648c00000, 0x0000000648c00000, 0x0000000649000000|  0%| F|  |TAMS 0x0000000648c00000| PB 0x0000000648c00000| Untracked |  0
| 287|0x0000000649000000, 0x0000000649000000, 0x0000000649400000|  0%| F|  |TAMS 0x0000000649000000| PB 0x0000000649000000| Untracked |  0
| 288|0x0000000649400000, 0x0000000649400000, 0x0000000649800000|  0%| F|  |TAMS 0x0000000649400000| PB 0x0000000649400000| Untracked |  0
| 289|0x0000000649800000, 0x0000000649800000, 0x0000000649c00000|  0%| F|  |TAMS 0x0000000649800000| PB 0x0000000649800000| Untracked |  0
| 290|0x0000000649c00000, 0x0000000649c00000, 0x000000064a000000|  0%| F|  |TAMS 0x0000000649c00000| PB 0x0000000649c00000| Untracked |  0
| 291|0x000000064a000000, 0x000000064a000000, 0x000000064a400000|  0%| F|  |TAMS 0x000000064a000000| PB 0x000000064a000000| Untracked |  0
| 292|0x000000064a400000, 0x000000064a400000, 0x000000064a800000|  0%| F|  |TAMS 0x000000064a400000| PB 0x000000064a400000| Untracked |  0
| 293|0x000000064a800000, 0x000000064a800000, 0x000000064ac00000|  0%| F|  |TAMS 0x000000064a800000| PB 0x000000064a800000| Untracked |  0
| 294|0x000000064ac00000, 0x000000064ac00000, 0x000000064b000000|  0%| F|  |TAMS 0x000000064ac00000| PB 0x000000064ac00000| Untracked |  0
| 295|0x000000064b000000, 0x000000064b000000, 0x000000064b400000|  0%| F|  |TAMS 0x000000064b000000| PB 0x000000064b000000| Untracked |  0
| 296|0x000000064b400000, 0x000000064b400000, 0x000000064b800000|  0%| F|  |TAMS 0x000000064b400000| PB 0x000000064b400000| Untracked |  0
| 297|0x000000064b800000, 0x000000064b800000, 0x000000064bc00000|  0%| F|  |TAMS 0x000000064b800000| PB 0x000000064b800000| Untracked |  0
| 298|0x000000064bc00000, 0x000000064bc00000, 0x000000064c000000|  0%| F|  |TAMS 0x000000064bc00000| PB 0x000000064bc00000| Untracked |  0
| 299|0x000000064c000000, 0x000000064c000000, 0x000000064c400000|  0%| F|  |TAMS 0x000000064c000000| PB 0x000000064c000000| Untracked |  0
| 300|0x000000064c400000, 0x000000064c400000, 0x000000064c800000|  0%| F|  |TAMS 0x000000064c400000| PB 0x000000064c400000| Untracked |  0
| 301|0x000000064c800000, 0x000000064c800000, 0x000000064cc00000|  0%| F|  |TAMS 0x000000064c800000| PB 0x000000064c800000| Untracked |  0
| 302|0x000000064cc00000, 0x000000064cc00000, 0x000000064d000000|  0%| F|  |TAMS 0x000000064cc00000| PB 0x000000064cc00000| Untracked |  0
| 303|0x000000064d000000, 0x000000064d000000, 0x000000064d400000|  0%| F|  |TAMS 0x000000064d000000| PB 0x000000064d000000| Untracked |  0
| 304|0x000000064d400000, 0x000000064d400000, 0x000000064d800000|  0%| F|  |TAMS 0x000000064d400000| PB 0x000000064d400000| Untracked |  0
| 305|0x000000064d800000, 0x000000064d800000, 0x000000064dc00000|  0%| F|  |TAMS 0x000000064d800000| PB 0x000000064d800000| Untracked |  0
| 306|0x000000064dc00000, 0x000000064dc00000, 0x000000064e000000|  0%| F|  |TAMS 0x000000064dc00000| PB 0x000000064dc00000| Untracked |  0
| 307|0x000000064e000000, 0x000000064e000000, 0x000000064e400000|  0%| F|  |TAMS 0x000000064e000000| PB 0x000000064e000000| Untracked |  0
| 308|0x000000064e400000, 0x000000064e400000, 0x000000064e800000|  0%| F|  |TAMS 0x000000064e400000| PB 0x000000064e400000| Untracked |  0
| 309|0x000000064e800000, 0x000000064e800000, 0x000000064ec00000|  0%| F|  |TAMS 0x000000064e800000| PB 0x000000064e800000| Untracked |  0
| 310|0x000000064ec00000, 0x000000064ec00000, 0x000000064f000000|  0%| F|  |TAMS 0x000000064ec00000| PB 0x000000064ec00000| Untracked |  0
| 311|0x000000064f000000, 0x000000064f000000, 0x000000064f400000|  0%| F|  |TAMS 0x000000064f000000| PB 0x000000064f000000| Untracked |  0
| 312|0x000000064f400000, 0x000000064f400000, 0x000000064f800000|  0%| F|  |TAMS 0x000000064f400000| PB 0x000000064f400000| Untracked |  0
| 313|0x000000064f800000, 0x000000064f800000, 0x000000064fc00000|  0%| F|  |TAMS 0x000000064f800000| PB 0x000000064f800000| Untracked |  0
| 314|0x000000064fc00000, 0x000000064fc00000, 0x0000000650000000|  0%| F|  |TAMS 0x000000064fc00000| PB 0x000000064fc00000| Untracked |  0
| 315|0x0000000650000000, 0x0000000650000000, 0x0000000650400000|  0%| F|  |TAMS 0x0000000650000000| PB 0x0000000650000000| Untracked |  0
| 316|0x0000000650400000, 0x0000000650400000, 0x0000000650800000|  0%| F|  |TAMS 0x0000000650400000| PB 0x0000000650400000| Untracked |  0
| 317|0x0000000650800000, 0x0000000650800000, 0x0000000650c00000|  0%| F|  |TAMS 0x0000000650800000| PB 0x0000000650800000| Untracked |  0
| 318|0x0000000650c00000, 0x0000000650c00000, 0x0000000651000000|  0%| F|  |TAMS 0x0000000650c00000| PB 0x0000000650c00000| Untracked |  0
| 319|0x0000000651000000, 0x0000000651000000, 0x0000000651400000|  0%| F|  |TAMS 0x0000000651000000| PB 0x0000000651000000| Untracked |  0
| 320|0x0000000651400000, 0x0000000651400000, 0x0000000651800000|  0%| F|  |TAMS 0x0000000651400000| PB 0x0000000651400000| Untracked |  0
| 321|0x0000000651800000, 0x0000000651800000, 0x0000000651c00000|  0%| F|  |TAMS 0x0000000651800000| PB 0x0000000651800000| Untracked |  0
| 322|0x0000000651c00000, 0x0000000651c00000, 0x0000000652000000|  0%| F|  |TAMS 0x0000000651c00000| PB 0x0000000651c00000| Untracked |  0
| 323|0x0000000652000000, 0x0000000652000000, 0x0000000652400000|  0%| F|  |TAMS 0x0000000652000000| PB 0x0000000652000000| Untracked |  0
| 324|0x0000000652400000, 0x0000000652400000, 0x0000000652800000|  0%| F|  |TAMS 0x0000000652400000| PB 0x0000000652400000| Untracked |  0
| 325|0x0000000652800000, 0x0000000652800000, 0x0000000652c00000|  0%| F|  |TAMS 0x0000000652800000| PB 0x0000000652800000| Untracked |  0
| 326|0x0000000652c00000, 0x0000000652c00000, 0x0000000653000000|  0%| F|  |TAMS 0x0000000652c00000| PB 0x0000000652c00000| Untracked |  0
| 327|0x0000000653000000, 0x0000000653000000, 0x0000000653400000|  0%| F|  |TAMS 0x0000000653000000| PB 0x0000000653000000| Untracked |  0
| 328|0x0000000653400000, 0x0000000653400000, 0x0000000653800000|  0%| F|  |TAMS 0x0000000653400000| PB 0x0000000653400000| Untracked |  0
| 329|0x0000000653800000, 0x0000000653800000, 0x0000000653c00000|  0%| F|  |TAMS 0x0000000653800000| PB 0x0000000653800000| Untracked |  0
| 330|0x0000000653c00000, 0x0000000653c00000, 0x0000000654000000|  0%| F|  |TAMS 0x0000000653c00000| PB 0x0000000653c00000| Untracked |  0
| 331|0x0000000654000000, 0x0000000654000000, 0x0000000654400000|  0%| F|  |TAMS 0x0000000654000000| PB 0x0000000654000000| Untracked |  0
| 332|0x0000000654400000, 0x0000000654400000, 0x0000000654800000|  0%| F|  |TAMS 0x0000000654400000| PB 0x0000000654400000| Untracked |  0
| 333|0x0000000654800000, 0x0000000654800000, 0x0000000654c00000|  0%| F|  |TAMS 0x0000000654800000| PB 0x0000000654800000| Untracked |  0
| 334|0x0000000654c00000, 0x0000000654c00000, 0x0000000655000000|  0%| F|  |TAMS 0x0000000654c00000| PB 0x0000000654c00000| Untracked |  0
| 335|0x0000000655000000, 0x0000000655000000, 0x0000000655400000|  0%| F|  |TAMS 0x0000000655000000| PB 0x0000000655000000| Untracked |  0
| 336|0x0000000655400000, 0x0000000655400000, 0x0000000655800000|  0%| F|  |TAMS 0x0000000655400000| PB 0x0000000655400000| Untracked |  0
| 337|0x0000000655800000, 0x0000000655800000, 0x0000000655c00000|  0%| F|  |TAMS 0x0000000655800000| PB 0x0000000655800000| Untracked |  0
| 338|0x0000000655c00000, 0x0000000655c00000, 0x0000000656000000|  0%| F|  |TAMS 0x0000000655c00000| PB 0x0000000655c00000| Untracked |  0
| 339|0x0000000656000000, 0x0000000656000000, 0x0000000656400000|  0%| F|  |TAMS 0x0000000656000000| PB 0x0000000656000000| Untracked |  0
| 340|0x0000000656400000, 0x0000000656400000, 0x0000000656800000|  0%| F|  |TAMS 0x0000000656400000| PB 0x0000000656400000| Untracked |  0
| 341|0x0000000656800000, 0x0000000656800000, 0x0000000656c00000|  0%| F|  |TAMS 0x0000000656800000| PB 0x0000000656800000| Untracked |  0
| 342|0x0000000656c00000, 0x0000000656c00000, 0x0000000657000000|  0%| F|  |TAMS 0x0000000656c00000| PB 0x0000000656c00000| Untracked |  0
| 343|0x0000000657000000, 0x0000000657000000, 0x0000000657400000|  0%| F|  |TAMS 0x0000000657000000| PB 0x0000000657000000| Untracked |  0
| 344|0x0000000657400000, 0x0000000657400000, 0x0000000657800000|  0%| F|  |TAMS 0x0000000657400000| PB 0x0000000657400000| Untracked |  0
| 345|0x0000000657800000, 0x0000000657800000, 0x0000000657c00000|  0%| F|  |TAMS 0x0000000657800000| PB 0x0000000657800000| Untracked |  0
| 346|0x0000000657c00000, 0x0000000657c00000, 0x0000000658000000|  0%| F|  |TAMS 0x0000000657c00000| PB 0x0000000657c00000| Untracked |  0
| 347|0x0000000658000000, 0x0000000658000000, 0x0000000658400000|  0%| F|  |TAMS 0x0000000658000000| PB 0x0000000658000000| Untracked |  0
| 348|0x0000000658400000, 0x0000000658400000, 0x0000000658800000|  0%| F|  |TAMS 0x0000000658400000| PB 0x0000000658400000| Untracked |  0
| 349|0x0000000658800000, 0x0000000658800000, 0x0000000658c00000|  0%| F|  |TAMS 0x0000000658800000| PB 0x0000000658800000| Untracked |  0
| 350|0x0000000658c00000, 0x0000000658c00000, 0x0000000659000000|  0%| F|  |TAMS 0x0000000658c00000| PB 0x0000000658c00000| Untracked |  0
| 351|0x0000000659000000, 0x0000000659000000, 0x0000000659400000|  0%| F|  |TAMS 0x0000000659000000| PB 0x0000000659000000| Untracked |  0
| 352|0x0000000659400000, 0x0000000659400000, 0x0000000659800000|  0%| F|  |TAMS 0x0000000659400000| PB 0x0000000659400000| Untracked |  0
| 353|0x0000000659800000, 0x0000000659800000, 0x0000000659c00000|  0%| F|  |TAMS 0x0000000659800000| PB 0x0000000659800000| Untracked |  0
| 354|0x0000000659c00000, 0x0000000659c00000, 0x000000065a000000|  0%| F|  |TAMS 0x0000000659c00000| PB 0x0000000659c00000| Untracked |  0
| 355|0x000000065a000000, 0x000000065a000000, 0x000000065a400000|  0%| F|  |TAMS 0x000000065a000000| PB 0x000000065a000000| Untracked |  0
| 356|0x000000065a400000, 0x000000065a400000, 0x000000065a800000|  0%| F|  |TAMS 0x000000065a400000| PB 0x000000065a400000| Untracked |  0
| 357|0x000000065a800000, 0x000000065a800000, 0x000000065ac00000|  0%| F|  |TAMS 0x000000065a800000| PB 0x000000065a800000| Untracked |  0
| 358|0x000000065ac00000, 0x000000065ac00000, 0x000000065b000000|  0%| F|  |TAMS 0x000000065ac00000| PB 0x000000065ac00000| Untracked |  0
| 359|0x000000065b000000, 0x000000065b000000, 0x000000065b400000|  0%| F|  |TAMS 0x000000065b000000| PB 0x000000065b000000| Untracked |  0
| 360|0x000000065b400000, 0x000000065b400000, 0x000000065b800000|  0%| F|  |TAMS 0x000000065b400000| PB 0x000000065b400000| Untracked |  0
| 361|0x000000065b800000, 0x000000065b800000, 0x000000065bc00000|  0%| F|  |TAMS 0x000000065b800000| PB 0x000000065b800000| Untracked |  0
| 362|0x000000065bc00000, 0x000000065bc00000, 0x000000065c000000|  0%| F|  |TAMS 0x000000065bc00000| PB 0x000000065bc00000| Untracked |  0
| 363|0x000000065c000000, 0x000000065c000000, 0x000000065c400000|  0%| F|  |TAMS 0x000000065c000000| PB 0x000000065c000000| Untracked |  0
| 364|0x000000065c400000, 0x000000065c400000, 0x000000065c800000|  0%| F|  |TAMS 0x000000065c400000| PB 0x000000065c400000| Untracked |  0
| 365|0x000000065c800000, 0x000000065c800000, 0x000000065cc00000|  0%| F|  |TAMS 0x000000065c800000| PB 0x000000065c800000| Untracked |  0
| 366|0x000000065cc00000, 0x000000065cc00000, 0x000000065d000000|  0%| F|  |TAMS 0x000000065cc00000| PB 0x000000065cc00000| Untracked |  0
| 367|0x000000065d000000, 0x000000065d000000, 0x000000065d400000|  0%| F|  |TAMS 0x000000065d000000| PB 0x000000065d000000| Untracked |  0
| 368|0x000000065d400000, 0x000000065d400000, 0x000000065d800000|  0%| F|  |TAMS 0x000000065d400000| PB 0x000000065d400000| Untracked |  0
| 369|0x000000065d800000, 0x000000065d800000, 0x000000065dc00000|  0%| F|  |TAMS 0x000000065d800000| PB 0x000000065d800000| Untracked |  0
| 370|0x000000065dc00000, 0x000000065dc00000, 0x000000065e000000|  0%| F|  |TAMS 0x000000065dc00000| PB 0x000000065dc00000| Untracked |  0
| 371|0x000000065e000000, 0x000000065e000000, 0x000000065e400000|  0%| F|  |TAMS 0x000000065e000000| PB 0x000000065e000000| Untracked |  0
| 372|0x000000065e400000, 0x000000065e400000, 0x000000065e800000|  0%| F|  |TAMS 0x000000065e400000| PB 0x000000065e400000| Untracked |  0
| 373|0x000000065e800000, 0x000000065e800000, 0x000000065ec00000|  0%| F|  |TAMS 0x000000065e800000| PB 0x000000065e800000| Untracked |  0
| 374|0x000000065ec00000, 0x000000065ec00000, 0x000000065f000000|  0%| F|  |TAMS 0x000000065ec00000| PB 0x000000065ec00000| Untracked |  0
| 375|0x000000065f000000, 0x000000065f000000, 0x000000065f400000|  0%| F|  |TAMS 0x000000065f000000| PB 0x000000065f000000| Untracked |  0
| 376|0x000000065f400000, 0x000000065f400000, 0x000000065f800000|  0%| F|  |TAMS 0x000000065f400000| PB 0x000000065f400000| Untracked |  0
| 377|0x000000065f800000, 0x000000065f800000, 0x000000065fc00000|  0%| F|  |TAMS 0x000000065f800000| PB 0x000000065f800000| Untracked |  0
| 378|0x000000065fc00000, 0x000000065fc00000, 0x0000000660000000|  0%| F|  |TAMS 0x000000065fc00000| PB 0x000000065fc00000| Untracked |  0
| 379|0x0000000660000000, 0x0000000660000000, 0x0000000660400000|  0%| F|  |TAMS 0x0000000660000000| PB 0x0000000660000000| Untracked |  0
| 380|0x0000000660400000, 0x0000000660400000, 0x0000000660800000|  0%| F|  |TAMS 0x0000000660400000| PB 0x0000000660400000| Untracked |  0
| 381|0x0000000660800000, 0x0000000660800000, 0x0000000660c00000|  0%| F|  |TAMS 0x0000000660800000| PB 0x0000000660800000| Untracked |  0
| 382|0x0000000660c00000, 0x0000000660c00000, 0x0000000661000000|  0%| F|  |TAMS 0x0000000660c00000| PB 0x0000000660c00000| Untracked |  0
| 383|0x0000000661000000, 0x0000000661000000, 0x0000000661400000|  0%| F|  |TAMS 0x0000000661000000| PB 0x0000000661000000| Untracked |  0
| 384|0x0000000661400000, 0x0000000661400000, 0x0000000661800000|  0%| F|  |TAMS 0x0000000661400000| PB 0x0000000661400000| Untracked |  0
| 385|0x0000000661800000, 0x0000000661800000, 0x0000000661c00000|  0%| F|  |TAMS 0x0000000661800000| PB 0x0000000661800000| Untracked |  0
| 386|0x0000000661c00000, 0x0000000661c00000, 0x0000000662000000|  0%| F|  |TAMS 0x0000000661c00000| PB 0x0000000661c00000| Untracked |  0
| 387|0x0000000662000000, 0x0000000662000000, 0x0000000662400000|  0%| F|  |TAMS 0x0000000662000000| PB 0x0000000662000000| Untracked |  0
| 388|0x0000000662400000, 0x0000000662400000, 0x0000000662800000|  0%| F|  |TAMS 0x0000000662400000| PB 0x0000000662400000| Untracked |  0
| 389|0x0000000662800000, 0x0000000662800000, 0x0000000662c00000|  0%| F|  |TAMS 0x0000000662800000| PB 0x0000000662800000| Untracked |  0
| 390|0x0000000662c00000, 0x0000000662c00000, 0x0000000663000000|  0%| F|  |TAMS 0x0000000662c00000| PB 0x0000000662c00000| Untracked |  0
| 391|0x0000000663000000, 0x0000000663000000, 0x0000000663400000|  0%| F|  |TAMS 0x0000000663000000| PB 0x0000000663000000| Untracked |  0
| 392|0x0000000663400000, 0x0000000663400000, 0x0000000663800000|  0%| F|  |TAMS 0x0000000663400000| PB 0x0000000663400000| Untracked |  0
| 393|0x0000000663800000, 0x0000000663800000, 0x0000000663c00000|  0%| F|  |TAMS 0x0000000663800000| PB 0x0000000663800000| Untracked |  0
| 394|0x0000000663c00000, 0x0000000663c00000, 0x0000000664000000|  0%| F|  |TAMS 0x0000000663c00000| PB 0x0000000663c00000| Untracked |  0
| 395|0x0000000664000000, 0x0000000664000000, 0x0000000664400000|  0%| F|  |TAMS 0x0000000664000000| PB 0x0000000664000000| Untracked |  0
| 396|0x0000000664400000, 0x0000000664400000, 0x0000000664800000|  0%| F|  |TAMS 0x0000000664400000| PB 0x0000000664400000| Untracked |  0
| 397|0x0000000664800000, 0x0000000664800000, 0x0000000664c00000|  0%| F|  |TAMS 0x0000000664800000| PB 0x0000000664800000| Untracked |  0
| 398|0x0000000664c00000, 0x0000000664c00000, 0x0000000665000000|  0%| F|  |TAMS 0x0000000664c00000| PB 0x0000000664c00000| Untracked |  0
| 399|0x0000000665000000, 0x0000000665000000, 0x0000000665400000|  0%| F|  |TAMS 0x0000000665000000| PB 0x0000000665000000| Untracked |  0
| 400|0x0000000665400000, 0x0000000665400000, 0x0000000665800000|  0%| F|  |TAMS 0x0000000665400000| PB 0x0000000665400000| Untracked |  0
| 401|0x0000000665800000, 0x0000000665800000, 0x0000000665c00000|  0%| F|  |TAMS 0x0000000665800000| PB 0x0000000665800000| Untracked |  0
| 402|0x0000000665c00000, 0x0000000665c00000, 0x0000000666000000|  0%| F|  |TAMS 0x0000000665c00000| PB 0x0000000665c00000| Untracked |  0
| 403|0x0000000666000000, 0x0000000666000000, 0x0000000666400000|  0%| F|  |TAMS 0x0000000666000000| PB 0x0000000666000000| Untracked |  0
| 404|0x0000000666400000, 0x0000000666400000, 0x0000000666800000|  0%| F|  |TAMS 0x0000000666400000| PB 0x0000000666400000| Untracked |  0
| 405|0x0000000666800000, 0x0000000666800000, 0x0000000666c00000|  0%| F|  |TAMS 0x0000000666800000| PB 0x0000000666800000| Untracked |  0
| 406|0x0000000666c00000, 0x0000000666c00000, 0x0000000667000000|  0%| F|  |TAMS 0x0000000666c00000| PB 0x0000000666c00000| Untracked |  0
| 407|0x0000000667000000, 0x0000000667400000, 0x0000000667400000|100%| E|  |TAMS 0x0000000667000000| PB 0x0000000667000000| Complete |  0
| 408|0x0000000667400000, 0x0000000667800000, 0x0000000667800000|100%| E|CS|TAMS 0x0000000667400000| PB 0x0000000667400000| Complete |  0
| 409|0x0000000667800000, 0x0000000667c00000, 0x0000000667c00000|100%| E|CS|TAMS 0x0000000667800000| PB 0x0000000667800000| Complete |  0
| 410|0x0000000667c00000, 0x0000000668000000, 0x0000000668000000|100%| E|CS|TAMS 0x0000000667c00000| PB 0x0000000667c00000| Complete |  0
| 411|0x0000000668000000, 0x0000000668400000, 0x0000000668400000|100%| E|CS|TAMS 0x0000000668000000| PB 0x0000000668000000| Complete |  0
| 412|0x0000000668400000, 0x0000000668800000, 0x0000000668800000|100%| E|CS|TAMS 0x0000000668400000| PB 0x0000000668400000| Complete |  0
| 413|0x0000000668800000, 0x0000000668c00000, 0x0000000668c00000|100%| E|CS|TAMS 0x0000000668800000| PB 0x0000000668800000| Complete |  0
| 414|0x0000000668c00000, 0x0000000669000000, 0x0000000669000000|100%| E|CS|TAMS 0x0000000668c00000| PB 0x0000000668c00000| Complete |  0
| 415|0x0000000669000000, 0x0000000669400000, 0x0000000669400000|100%| E|CS|TAMS 0x0000000669000000| PB 0x0000000669000000| Complete |  0
| 416|0x0000000669400000, 0x0000000669800000, 0x0000000669800000|100%| E|CS|TAMS 0x0000000669400000| PB 0x0000000669400000| Complete |  0
| 417|0x0000000669800000, 0x0000000669c00000, 0x0000000669c00000|100%| E|CS|TAMS 0x0000000669800000| PB 0x0000000669800000| Complete |  0
|2038|0x00000007fec00000, 0x00000007ff000000, 0x00000007ff000000|100%| E|CS|TAMS 0x00000007fec00000| PB 0x00000007fec00000| Complete |  0
|2039|0x00000007ff000000, 0x00000007ff400000, 0x00000007ff400000|100%| E|CS|TAMS 0x00000007ff000000| PB 0x00000007ff000000| Complete |  0
|2040|0x00000007ff400000, 0x00000007ff800000, 0x00000007ff800000|100%| O|  |TAMS 0x00000007ff400000| PB 0x00000007ff400000| Untracked |  0
|2041|0x00000007ff800000, 0x00000007ffc00000, 0x00000007ffc00000|100%| O|  |TAMS 0x00000007ff800000| PB 0x00000007ff800000| Untracked |  0
|2042|0x00000007ffc00000, 0x0000000800000000, 0x0000000800000000|100%| E|CS|TAMS 0x00000007ffc00000| PB 0x00000007ffc00000| Complete |  0

Card table byte_map: [0x00000243796d0000,0x000002437a6d0000] _byte_map_base: 0x00000243766c6000

Marking Bits: (CMBitMap*) 0x000002436f40e640
 Bits: [0x000002430f000000, 0x0000024316fb0000)

Polling page: 0x000002436d150000

Metaspace:
Metaspace        used 133514K, committed 134848K, reserved 1179648K
 class space     used 21399K, committed 21952K, reserved 1048576K

Usage:
  Non-class:    109.49 MB used.
      Class:     20.90 MB used.
       Both:    130.38 MB used.

Virtual space:
  Non-class space:      128.00 MB reserved,     110.25 MB ( 86%) committed,  2 nodes.
      Class space:        1.00 GB reserved,      21.44 MB (  2%) committed,  1 nodes.
             Both:        1.12 GB reserved,     131.69 MB ( 11%) committed. 

Chunk freelists:
   Non-Class:  1.52 MB
       Class:  10.47 MB
        Both:  11.99 MB

MaxMetaspaceSize: unlimited
CompressedClassSpaceSize: 1.00 GB
Initial GC threshold: 21.00 MB
Current GC threshold: 201.25 MB
CDS: on
 - commit_granule_bytes: 65536.
 - commit_granule_words: 8192.
 - virtual_space_node_default_size: 8388608.
 - enlarge_chunks_in_place: 1.
UseCompressedClassPointers 1, UseCompactObjectHeaders 0
Narrow klass pointer bits 32, Max shift 3
Narrow klass base: 0x0000000093000000, Narrow klass shift: 0
Encoding Range: [0x0000000093000000 - 0x0000000193000000), (4294967296 bytes)
Klass Range:    [0x0000000093010000 - 0x00000000d4000000), (1090453504 bytes)
Klass ID Range:  [65536 - 1090519033) (1090453497)
Protection zone: [0x0000000093000000 - 0x0000000093010000), (65536 bytes)


Internal statistics:

num_allocs_failed_limit: 40.
num_arena_births: 2016.
num_arena_deaths: 20.
num_vsnodes_births: 3.
num_vsnodes_deaths: 0.
num_space_committed: 2101.
num_space_uncommitted: 0.
num_chunks_returned_to_freelist: 68.
num_chunks_taken_from_freelist: 7458.
num_chunk_merges: 50.
num_chunk_splits: 4923.
num_chunks_enlarged: 3699.
num_inconsistent_stats: 0.

CodeHeap 'non-profiled nmethods': size=119232Kb used=14333Kb max_used=14333Kb free=104898Kb
 bounds [0x0000024307b90000, 0x0000024308990000, 0x000002430f000000]
CodeHeap 'profiled nmethods': size=119104Kb used=28165Kb max_used=28165Kb free=90938Kb
 bounds [0x0000024300000000, 0x0000024301b90000, 0x0000024307450000]
CodeHeap 'non-nmethods': size=7424Kb used=4786Kb max_used=4956Kb free=2638Kb
 bounds [0x0000024307450000, 0x0000024307940000, 0x0000024307b90000]
CodeCache: size=245760Kb, used=47284Kb, max_used=47454Kb, free=198474Kb
 total_blobs=22544, nmethods=20310, adapters=2131, full_count=0
Compilation: enabled, stopped_count=0, restarted_count=0

Compilation events (20 events):
Event: 31.766 Thread 0x000002431ca106c0 nmethod 24546 0x00000243019d8288 code [0x00000243019d8380, 0x00000243019d8588]
Event: 31.766 Thread 0x000002431c244860 nmethod 24545 0x00000243019d8608 code [0x00000243019d8700, 0x00000243019d89c0]
Event: 31.766 Thread 0x000002431c244860 24547       3       net.minecraft.core.BlockPos::subtract (20 bytes)
Event: 31.766 Thread 0x000002437a99e450 24548       3       net.minecraft.world.level.levelgen.structure.BoundingBox::moved (44 bytes)
Event: 31.766 Thread 0x000002431ca106c0 24549       3       net.minecraft.world.phys.AABB::deflate (7 bytes)
Event: 31.766 Thread 0x0000024320f06fd0 24550       3       net.minecraft.world.phys.AABB::inflate (8 bytes)
Event: 31.766 Thread 0x000002431c244860 nmethod 24547 0x00000243019d8a08 code [0x00000243019d8b00, 0x00000243019d8e98]
Event: 31.766 Thread 0x000002431c244860 24551       3       net.minecraft.world.phys.AABB::inflate (70 bytes)
Event: 31.766 Thread 0x0000024320f06fd0 nmethod 24550 0x00000243019d8f08 code [0x00000243019d9000, 0x00000243019d9158]
Event: 31.766 Thread 0x000002431ca106c0 nmethod 24549 0x00000243019d9208 code [0x00000243019d9300, 0x00000243019d9458]
Event: 31.766 Thread 0x000002437a99e450 nmethod 24548 0x00000243019d9508 code [0x00000243019d9600, 0x00000243019d97f0]
Event: 31.766 Thread 0x000002431c244860 nmethod 24551 0x00000243019d9808 code [0x00000243019d9900, 0x00000243019d9b10]
Event: 31.766 Thread 0x000002432c1d3b00 nmethod 24540 0x0000024308880108 code [0x0000024308880200, 0x00000243088803b8]
Event: 31.768 Thread 0x000002432c1d3b00 24552       4       net.minecraft.core.BlockPos::offset (40 bytes)
Event: 31.768 Thread 0x000002432c1cfa80 nmethod 24542 0x0000024308880408 code [0x0000024308880500, 0x00000243088808a0]
Event: 31.768 Thread 0x000002432c1cfa80 24553       4       net.minecraft.world.level.levelgen.structure.pools.SinglePoolElement$$Lambda/0x0000000094c08dc0::applyAsInt (8 bytes)
Event: 31.769 Thread 0x000002432c1cfa80 nmethod 24553 0x0000024308880908 code [0x0000024308880a00, 0x0000024308880ab0]
Event: 31.769 Thread 0x000002432c1d3b00 nmethod 24552 0x0000024308880c08 code [0x0000024308880d00, 0x0000024308880e48]
Event: 31.769 Thread 0x000002432c1cfa80 24554       4       net.minecraft.world.level.levelgen.DensityFunctions$Mapped::create (130 bytes)
Event: 31.770 Thread 0x000002432c1d3b00 24555       4       net.minecraft.world.level.levelgen.DensityFunctions$Mapped::mapAll (6 bytes)

GC Heap Usage History (20 events):
Event: 14.414 {heap Before GC invocations=21 (full 0):
 garbage-first heap   total reserved 8368128K, committed 970752K, used 923812K [0x0000000601400000, 0x0000000800000000)
  region size 4096K, 64 young (262144K), 9 survivors (36864K)
}
Event: 14.426 {heap After GC invocations=22 (full 0):
 garbage-first heap   total reserved 8368128K, committed 995328K, used 716022K [0x0000000601400000, 0x0000000800000000)
  region size 4096K, 5 young (20480K), 5 survivors (20480K)
}
Event: 14.528 {heap Before GC invocations=22 (full 0):
 garbage-first heap   total reserved 8368128K, committed 995328K, used 732406K [0x0000000601400000, 0x0000000800000000)
  region size 4096K, 10 young (40960K), 5 survivors (20480K)
}
Event: 14.531 {heap After GC invocations=23 (full 0):
 garbage-first heap   total reserved 8368128K, committed 995328K, used 713193K [0x0000000601400000, 0x0000000800000000)
  region size 4096K, 4 young (16384K), 4 survivors (16384K)
}
Event: 16.313 {heap Before GC invocations=24 (full 0):
 garbage-first heap   total reserved 8368128K, committed 1454080K, used 1155561K [0x0000000601400000, 0x0000000800000000)
  region size 4096K, 53 young (217088K), 4 survivors (16384K)
}
Event: 16.340 {heap After GC invocations=25 (full 0):
 garbage-first heap   total reserved 8368128K, committed 1454080K, used 547904K [0x0000000601400000, 0x0000000800000000)
  region size 4096K, 4 young (16384K), 4 survivors (16384K)
}
Event: 17.154 {heap Before GC invocations=25 (full 0):
 garbage-first heap   total reserved 8368128K, committed 1454080K, used 1322048K [0x0000000601400000, 0x0000000800000000)
  region size 4096K, 193 young (790528K), 4 survivors (16384K)
}
Event: 17.159 {heap After GC invocations=26 (full 0):
 garbage-first heap   total reserved 8368128K, committed 1454080K, used 542617K [0x0000000601400000, 0x0000000800000000)
  region size 4096K, 4 young (16384K), 4 survivors (16384K)
}
Event: 18.211 {heap Before GC invocations=26 (full 0):
 garbage-first heap   total reserved 8368128K, committed 1454080K, used 1296281K [0x0000000601400000, 0x0000000800000000)
  region size 4096K, 189 young (774144K), 4 survivors (16384K)
}
Event: 18.215 {heap After GC invocations=27 (full 0):
 garbage-first heap   total reserved 8368128K, committed 1454080K, used 542661K [0x0000000601400000, 0x0000000800000000)
  region size 4096K, 4 young (16384K), 4 survivors (16384K)
}
Event: 18.848 {heap Before GC invocations=28 (full 0):
 garbage-first heap   total reserved 8368128K, committed 1454080K, used 1345477K [0x0000000601400000, 0x0000000800000000)
  region size 4096K, 200 young (819200K), 4 survivors (16384K)
}
Event: 18.852 {heap After GC invocations=29 (full 0):
 garbage-first heap   total reserved 8368128K, committed 1454080K, used 542514K [0x0000000601400000, 0x0000000800000000)
  region size 4096K, 4 young (16384K), 4 survivors (16384K)
}
Event: 19.193 {heap Before GC invocations=29 (full 0):
 garbage-first heap   total reserved 8368128K, committed 1454080K, used 1369906K [0x0000000601400000, 0x0000000800000000)
  region size 4096K, 207 young (847872K), 4 survivors (16384K)
}
Event: 19.199 {heap After GC invocations=30 (full 0):
 garbage-first heap   total reserved 8368128K, committed 1732608K, used 540213K [0x0000000601400000, 0x0000000800000000)
  region size 4096K, 4 young (16384K), 4 survivors (16384K)
}
Event: 19.477 {heap Before GC invocations=30 (full 0):
 garbage-first heap   total reserved 8368128K, committed 1732608K, used 1556021K [0x0000000601400000, 0x0000000800000000)
  region size 4096K, 253 young (1036288K), 4 survivors (16384K)
}
Event: 19.481 {heap After GC invocations=31 (full 0):
 garbage-first heap   total reserved 8368128K, committed 1732608K, used 539624K [0x0000000601400000, 0x0000000800000000)
  region size 4096K, 4 young (16384K), 4 survivors (16384K)
}
Event: 19.744 {heap Before GC invocations=31 (full 0):
 garbage-first heap   total reserved 8368128K, committed 1732608K, used 1555432K [0x0000000601400000, 0x0000000800000000)
  region size 4096K, 253 young (1036288K), 4 survivors (16384K)
}
Event: 19.748 {heap After GC invocations=32 (full 0):
 garbage-first heap   total reserved 8368128K, committed 1732608K, used 540008K [0x0000000601400000, 0x0000000800000000)
  region size 4096K, 4 young (16384K), 4 survivors (16384K)
}
Event: 27.262 {heap Before GC invocations=32 (full 0):
 garbage-first heap   total reserved 8368128K, committed 1732608K, used 1555816K [0x0000000601400000, 0x0000000800000000)
  region size 4096K, 253 young (1036288K), 4 survivors (16384K)
}
Event: 27.267 {heap After GC invocations=33 (full 0):
 garbage-first heap   total reserved 8368128K, committed 1732608K, used 540948K [0x0000000601400000, 0x0000000800000000)
  region size 4096K, 4 young (16384K), 4 survivors (16384K)
}

Metaspace Usage History (20 events):
Event: 14.414 {metaspace Before GC invocations=21 (full 0):
 Metaspace       used 116962K, committed 118080K, reserved 1179648K
  class space    used 18786K, committed 19264K, reserved 1048576K
}
Event: 14.426 {metaspace After GC invocations=22 (full 0):
 Metaspace       used 116962K, committed 118080K, reserved 1179648K
  class space    used 18786K, committed 19264K, reserved 1048576K
}
Event: 14.528 {metaspace Before GC invocations=22 (full 0):
 Metaspace       used 117889K, committed 119040K, reserved 1179648K
  class space    used 18966K, committed 19456K, reserved 1048576K
}
Event: 14.531 {metaspace After GC invocations=23 (full 0):
 Metaspace       used 117889K, committed 119040K, reserved 1179648K
  class space    used 18966K, committed 19456K, reserved 1048576K
}
Event: 16.313 {metaspace Before GC invocations=24 (full 0):
 Metaspace       used 119307K, committed 120576K, reserved 1179648K
  class space    used 19096K, committed 19648K, reserved 1048576K
}
Event: 16.340 {metaspace After GC invocations=25 (full 0):
 Metaspace       used 119307K, committed 120576K, reserved 1179648K
  class space    used 19096K, committed 19648K, reserved 1048576K
}
Event: 17.154 {metaspace Before GC invocations=25 (full 0):
 Metaspace       used 119453K, committed 120704K, reserved 1179648K
  class space    used 19104K, committed 19648K, reserved 1048576K
}
Event: 17.159 {metaspace After GC invocations=26 (full 0):
 Metaspace       used 119453K, committed 120704K, reserved 1179648K
  class space    used 19104K, committed 19648K, reserved 1048576K
}
Event: 18.211 {metaspace Before GC invocations=26 (full 0):
 Metaspace       used 119547K, committed 120832K, reserved 1179648K
  class space    used 19105K, committed 19648K, reserved 1048576K
}
Event: 18.215 {metaspace After GC invocations=27 (full 0):
 Metaspace       used 119547K, committed 120832K, reserved 1179648K
  class space    used 19105K, committed 19648K, reserved 1048576K
}
Event: 18.848 {metaspace Before GC invocations=28 (full 0):
 Metaspace       used 120140K, committed 121344K, reserved 1179648K
  class space    used 19201K, committed 19712K, reserved 1048576K
}
Event: 18.852 {metaspace After GC invocations=29 (full 0):
 Metaspace       used 120140K, committed 121344K, reserved 1179648K
  class space    used 19201K, committed 19712K, reserved 1048576K
}
Event: 19.193 {metaspace Before GC invocations=29 (full 0):
 Metaspace       used 120171K, committed 121344K, reserved 1179648K
  class space    used 19204K, committed 19712K, reserved 1048576K
}
Event: 19.199 {metaspace After GC invocations=30 (full 0):
 Metaspace       used 120171K, committed 121344K, reserved 1179648K
  class space    used 19204K, committed 19712K, reserved 1048576K
}
Event: 19.477 {metaspace Before GC invocations=30 (full 0):
 Metaspace       used 120172K, committed 121344K, reserved 1179648K
  class space    used 19204K, committed 19712K, reserved 1048576K
}
Event: 19.481 {metaspace After GC invocations=31 (full 0):
 Metaspace       used 120172K, committed 121344K, reserved 1179648K
  class space    used 19204K, committed 19712K, reserved 1048576K
}
Event: 19.744 {metaspace Before GC invocations=31 (full 0):
 Metaspace       used 120185K, committed 121344K, reserved 1179648K
  class space    used 19204K, committed 19712K, reserved 1048576K
}
Event: 19.748 {metaspace After GC invocations=32 (full 0):
 Metaspace       used 120185K, committed 121344K, reserved 1179648K
  class space    used 19204K, committed 19712K, reserved 1048576K
}
Event: 27.262 {metaspace Before GC invocations=32 (full 0):
 Metaspace       used 121719K, committed 122944K, reserved 1179648K
  class space    used 19412K, committed 19904K, reserved 1048576K
}
Event: 27.267 {metaspace After GC invocations=33 (full 0):
 Metaspace       used 121719K, committed 122944K, reserved 1179648K
  class space    used 19412K, committed 19904K, reserved 1048576K
}

Dll operation events (17 events):
Event: 0.010 Loaded shared library C:\Users\ArneL\.jdks\temurin-25.0.2\bin\java.dll
Event: 0.254 Loaded shared library C:\Users\ArneL\.jdks\temurin-25.0.2\bin\net.dll
Event: 0.258 Loaded shared library C:\Users\ArneL\.jdks\temurin-25.0.2\bin\nio.dll
Event: 0.262 Loaded shared library C:\Users\ArneL\.jdks\temurin-25.0.2\bin\zip.dll
Event: 0.430 Loaded shared library C:\Users\ArneL\.jdks\temurin-25.0.2\bin\jimage.dll
Event: 1.118 Loaded shared library C:\Users\ArneL\.jdks\temurin-25.0.2\bin\management.dll
Event: 1.120 Loaded shared library C:\Users\ArneL\.jdks\temurin-25.0.2\bin\management_ext.dll
Event: 1.362 Loaded shared library C:\Users\ArneL\.jdks\temurin-25.0.2\bin\verify.dll
Event: 3.558 Loaded shared library C:\Users\ArneL\AppData\Local\Temp\jna-63533956\jna7713673188617337825.dll
Event: 8.808 Loaded shared library C:\Users\ArneL\.jdks\temurin-25.0.2\bin\sunmscapi.dll
Event: 8.826 Loaded shared library C:\Windows\System32\ucrtbase.dll
Event: 8.828 Loaded shared library C:\Users\ArneL\.jdks\temurin-25.0.2\bin\syslookup.dll
Event: 8.844 Loaded shared library C:\Users\ArneL\.jdks\temurin-25.0.2\bin\extnet.dll
Event: 9.278 Loaded shared library C:\Users\ArneL\AppData\Local\Temp\lwjgl_ArneL\3.3.6-snapshot\x64\lwjgl.dll
Event: 9.904 Loaded shared library C:\Users\ArneL\AppData\Local\Temp\lwjgl_ArneL\3.3.6-snapshot\x64\lwjgl_stb.dll
Event: 9.947 Loaded shared library C:\Users\ArneL\AppData\Local\Temp\lwjgl_ArneL\3.3.6-snapshot\x64\lwjgl_opengl.dll
Event: 13.264 Loaded shared library C:\Users\ArneL\AppData\Local\Temp\lwjgl_ArneL\3.3.6-snapshot\x64\lwjgl_openvr.dll

Deoptimization events (20 events):
Event: 31.725 Thread 0x000002431c6db960 Uncommon trap: trap_request=0xffffffc6 fr.pc=0x0000024307d36f6c relative=0x000000000000016c
Event: 31.725 Thread 0x000002431c6db960 Uncommon trap: reason=bimorphic_or_optimized_type_check action=maybe_recompile pc=0x0000024307d36f6c method=net.minecraft.util.ExtraCodecs$2.decode(Lcom/mojang/serialization/DynamicOps;Ljava/lang/Object;)Lcom/mojang/serialization/DataResult; @ 1 c2
Event: 31.725 Thread 0x000002431c6db960 DEOPT PACKING pc=0x0000024307d36f6c sp=0x000000e5428fd700
Event: 31.725 Thread 0x000002431c6db960 DEOPT UNPACKING pc=0x0000024307570382 sp=0x000000e5428fd628 mode 2
Event: 31.726 Thread 0x000002431c6db960 Uncommon trap: trap_request=0xffffffc6 fr.pc=0x0000024307d36f6c relative=0x000000000000016c
Event: 31.726 Thread 0x000002431c6db960 Uncommon trap: reason=bimorphic_or_optimized_type_check action=maybe_recompile pc=0x0000024307d36f6c method=net.minecraft.util.ExtraCodecs$2.decode(Lcom/mojang/serialization/DynamicOps;Ljava/lang/Object;)Lcom/mojang/serialization/DataResult; @ 1 c2
Event: 31.726 Thread 0x000002431c6db960 DEOPT PACKING pc=0x0000024307d36f6c sp=0x000000e5428fd700
Event: 31.726 Thread 0x000002431c6db960 DEOPT UNPACKING pc=0x0000024307570382 sp=0x000000e5428fd628 mode 2
Event: 31.726 Thread 0x000002431c6db960 Uncommon trap: trap_request=0xffffffc6 fr.pc=0x0000024307d36f6c relative=0x000000000000016c
Event: 31.726 Thread 0x000002431c6db960 Uncommon trap: reason=bimorphic_or_optimized_type_check action=maybe_recompile pc=0x0000024307d36f6c method=net.minecraft.util.ExtraCodecs$2.decode(Lcom/mojang/serialization/DynamicOps;Ljava/lang/Object;)Lcom/mojang/serialization/DataResult; @ 1 c2
Event: 31.726 Thread 0x000002431c6db960 DEOPT PACKING pc=0x0000024307d36f6c sp=0x000000e5428fd700
Event: 31.726 Thread 0x000002431c6db960 DEOPT UNPACKING pc=0x0000024307570382 sp=0x000000e5428fd628 mode 2
Event: 31.726 Thread 0x000002431c6db960 Uncommon trap: trap_request=0xffffffc6 fr.pc=0x0000024307d36f6c relative=0x000000000000016c
Event: 31.726 Thread 0x000002431c6db960 Uncommon trap: reason=bimorphic_or_optimized_type_check action=maybe_recompile pc=0x0000024307d36f6c method=net.minecraft.util.ExtraCodecs$2.decode(Lcom/mojang/serialization/DynamicOps;Ljava/lang/Object;)Lcom/mojang/serialization/DataResult; @ 1 c2
Event: 31.726 Thread 0x000002431c6db960 DEOPT PACKING pc=0x0000024307d36f6c sp=0x000000e5428fd700
Event: 31.726 Thread 0x000002431c6db960 DEOPT UNPACKING pc=0x0000024307570382 sp=0x000000e5428fd628 mode 2
Event: 31.730 Thread 0x000002431c6db960 Uncommon trap: trap_request=0xffffffc6 fr.pc=0x00000243081d444c relative=0x000000000000034c
Event: 31.730 Thread 0x000002431c6db960 Uncommon trap: reason=bimorphic_or_optimized_type_check action=maybe_recompile pc=0x00000243081d444c method=it.unimi.dsi.fastutil.ints.Int2ObjectOpenHashMap.computeIfAbsent(ILit/unimi/dsi/fastutil/ints/Int2ObjectFunction;)Ljava/lang/Object; @ 24 c2
Event: 31.730 Thread 0x000002431c6db960 DEOPT PACKING pc=0x00000243081d444c sp=0x000000e5428fdb90
Event: 31.730 Thread 0x000002431c6db960 DEOPT UNPACKING pc=0x0000024307570382 sp=0x000000e5428fdb38 mode 2

Classes loaded (20 events):
Event: 30.774 Loading class java/io/DataOutputStream
Event: 30.774 Loading class java/io/DataOutputStream done
Event: 30.774 Loading class java/io/UTFDataFormatException
Event: 30.774 Loading class java/io/UTFDataFormatException done
Event: 30.831 Loading class sun/security/rsa/RSAKeyPairGenerator$Legacy
Event: 30.831 Loading class sun/security/rsa/RSAKeyPairGenerator
Event: 30.831 Loading class sun/security/rsa/RSAKeyPairGenerator done
Event: 30.831 Loading class sun/security/rsa/RSAKeyPairGenerator$Legacy done
Event: 30.832 Loading class java/security/spec/RSAKeyGenParameterSpec
Event: 30.832 Loading class java/security/spec/RSAKeyGenParameterSpec done
Event: 30.832 Loading class java/math/BitSieve
Event: 30.832 Loading class java/math/BitSieve done
Event: 30.870 Loading class java/math/SignedMutableBigInteger
Event: 30.870 Loading class java/math/SignedMutableBigInteger done
Event: 31.581 Loading class java/nio/DirectIntBufferS
Event: 31.581 Loading class java/nio/DirectIntBufferS done
Event: 31.713 Loading class java/util/stream/ReferencePipeline$11
Event: 31.713 Loading class java/util/stream/ReferencePipeline$11 done
Event: 31.713 Loading class java/util/stream/ReferencePipeline$11$1
Event: 31.713 Loading class java/util/stream/ReferencePipeline$11$1 done

Classes unloaded (10 events):
Event: 14.678 Thread 0x000002437a977540 Unloading class 0x0000000095191c00 'java/lang/invoke/LambdaForm$DMH+0x0000000095191c00'
Event: 14.678 Thread 0x000002437a977540 Unloading class 0x0000000095191400 'java/lang/invoke/LambdaForm$DMH+0x0000000095191400'
Event: 14.678 Thread 0x000002437a977540 Unloading class 0x0000000095191000 'java/lang/invoke/LambdaForm$DMH+0x0000000095191000'
Event: 14.678 Thread 0x000002437a977540 Unloading class 0x0000000095190c00 'java/lang/invoke/LambdaForm$DMH+0x0000000095190c00'
Event: 14.678 Thread 0x000002437a977540 Unloading class 0x0000000095190800 'java/lang/invoke/LambdaForm$DMH+0x0000000095190800'
Event: 14.678 Thread 0x000002437a977540 Unloading class 0x0000000095190400 'java/lang/invoke/LambdaForm$DMH+0x0000000095190400'
Event: 14.678 Thread 0x000002437a977540 Unloading class 0x0000000095191800 'java/lang/invoke/LambdaForm$DMH+0x0000000095191800'
Event: 14.678 Thread 0x000002437a977540 Unloading class 0x0000000095190000 'java/lang/invoke/LambdaForm$DMH+0x0000000095190000'
Event: 14.678 Thread 0x000002437a977540 Unloading class 0x00000000950f4400 'java/lang/invoke/LambdaForm$DMH+0x00000000950f4400'
Event: 14.678 Thread 0x000002437a977540 Unloading class 0x00000000950b5000 'java/lang/invoke/LambdaForm$MH+0x00000000950b5000'

Classes redefined (0 events):
No events

Internal exceptions (20 events):
Event: 31.756 Thread 0x000002431c6db960 Exception <a 'sun/nio/fs/WindowsException'{0x00000006369ee3f8}> (0x00000006369ee3f8) 
thrown [s\src\hotspot\share\prims\jni.cpp, line 516]
Event: 31.756 Thread 0x000002431c6db960 Exception <a 'sun/nio/fs/WindowsException'{0x0000000636a1a7b0}> (0x0000000636a1a7b0) 
thrown [s\src\hotspot\share\prims\jni.cpp, line 516]
Event: 31.757 Thread 0x000002431c6db960 Exception <a 'sun/nio/fs/WindowsException'{0x0000000636a65b28}> (0x0000000636a65b28) 
thrown [s\src\hotspot\share\prims\jni.cpp, line 516]
Event: 31.757 Thread 0x000002431c6db960 Exception <a 'sun/nio/fs/WindowsException'{0x0000000636a932b0}> (0x0000000636a932b0) 
thrown [s\src\hotspot\share\prims\jni.cpp, line 516]
Event: 31.757 Thread 0x000002431c6db960 Exception <a 'sun/nio/fs/WindowsException'{0x0000000636abb8d8}> (0x0000000636abb8d8) 
thrown [s\src\hotspot\share\prims\jni.cpp, line 516]
Event: 31.758 Thread 0x000002431c6db960 Exception <a 'sun/nio/fs/WindowsException'{0x0000000636affb00}> (0x0000000636affb00) 
thrown [s\src\hotspot\share\prims\jni.cpp, line 516]
Event: 31.758 Thread 0x000002431c6db960 Exception <a 'sun/nio/fs/WindowsException'{0x0000000636b26030}> (0x0000000636b26030) 
thrown [s\src\hotspot\share\prims\jni.cpp, line 516]
Event: 31.758 Thread 0x000002431c6db960 Exception <a 'sun/nio/fs/WindowsException'{0x0000000636b39be8}> (0x0000000636b39be8) 
thrown [s\src\hotspot\share\prims\jni.cpp, line 516]
Event: 31.759 Thread 0x000002431c6db960 Exception <a 'sun/nio/fs/WindowsException'{0x0000000636b7ec88}> (0x0000000636b7ec88) 
thrown [s\src\hotspot\share\prims\jni.cpp, line 516]
Event: 31.759 Thread 0x000002431c6db960 Exception <a 'sun/nio/fs/WindowsException'{0x0000000636b94260}> (0x0000000636b94260) 
thrown [s\src\hotspot\share\prims\jni.cpp, line 516]
Event: 31.759 Thread 0x000002431c6db960 Exception <a 'sun/nio/fs/WindowsException'{0x0000000636bdbd50}> (0x0000000636bdbd50) 
thrown [s\src\hotspot\share\prims\jni.cpp, line 516]
Event: 31.760 Thread 0x000002431c6db960 Exception <a 'sun/nio/fs/WindowsException'{0x0000000636407b68}> (0x0000000636407b68) 
thrown [s\src\hotspot\share\prims\jni.cpp, line 516]
Event: 31.762 Thread 0x000002431c6db960 Exception <a 'sun/nio/fs/WindowsException'{0x000000063648e170}> (0x000000063648e170) 
thrown [s\src\hotspot\share\prims\jni.cpp, line 516]
Event: 31.762 Thread 0x000002431c6db960 Exception <a 'sun/nio/fs/WindowsException'{0x00000006364a21f0}> (0x00000006364a21f0) 
thrown [s\src\hotspot\share\prims\jni.cpp, line 516]
Event: 31.763 Thread 0x000002431c6db960 Exception <a 'sun/nio/fs/WindowsException'{0x00000006364b36a0}> (0x00000006364b36a0) 
thrown [s\src\hotspot\share\prims\jni.cpp, line 516]
Event: 31.763 Thread 0x000002431c6db960 Exception <a 'sun/nio/fs/WindowsException'{0x00000006364c0048}> (0x00000006364c0048) 
thrown [s\src\hotspot\share\prims\jni.cpp, line 516]
Event: 31.763 Thread 0x000002431c6db960 Exception <a 'sun/nio/fs/WindowsException'{0x00000006364cd080}> (0x00000006364cd080) 
thrown [s\src\hotspot\share\prims\jni.cpp, line 516]
Event: 31.763 Thread 0x000002431c6db960 Exception <a 'sun/nio/fs/WindowsException'{0x00000006364e0fa8}> (0x00000006364e0fa8) 
thrown [s\src\hotspot\share\prims\jni.cpp, line 516]
Event: 31.764 Thread 0x000002431c6db960 Exception <a 'sun/nio/fs/WindowsException'{0x00000006364efe08}> (0x00000006364efe08) 
thrown [s\src\hotspot\share\prims\jni.cpp, line 516]
Event: 31.769 Thread 0x000002431c6db960 Exception <a 'sun/nio/fs/WindowsException'{0x0000000636054298}> (0x0000000636054298) 
thrown [s\src\hotspot\share\prims\jni.cpp, line 516]

VM Operations (20 events):
Event: 30.784 Executing non-safepoint VM operation: HandshakeAllThreads (Deoptimize)
Event: 30.784 Executing non-safepoint VM operation: HandshakeAllThreads (Deoptimize) done
Event: 30.872 Executing non-safepoint VM operation: HandshakeAllThreads (Deoptimize)
Event: 30.872 Executing non-safepoint VM operation: HandshakeAllThreads (Deoptimize) done
Event: 30.884 Executing non-safepoint VM operation: HandshakeAllThreads (Deoptimize)
Event: 30.884 Executing non-safepoint VM operation: HandshakeAllThreads (Deoptimize) done
Event: 30.892 Executing non-safepoint VM operation: HandshakeAllThreads (Deoptimize)
Event: 30.893 Executing non-safepoint VM operation: HandshakeAllThreads (Deoptimize) done
Event: 30.977 Executing non-safepoint VM operation: HandshakeAllThreads (Deoptimize)
Event: 30.977 Executing non-safepoint VM operation: HandshakeAllThreads (Deoptimize) done
Event: 30.989 Executing non-safepoint VM operation: HandshakeAllThreads (Deoptimize)
Event: 30.989 Executing non-safepoint VM operation: HandshakeAllThreads (Deoptimize) done
Event: 31.031 Executing non-safepoint VM operation: HandshakeAllThreads (Deoptimize)
Event: 31.050 Executing non-safepoint VM operation: HandshakeAllThreads (Deoptimize) done
Event: 31.053 Executing non-safepoint VM operation: HandshakeAllThreads (Deoptimize)
Event: 31.196 Executing non-safepoint VM operation: HandshakeAllThreads (Deoptimize) done
Event: 31.649 Executing non-safepoint VM operation: HandshakeAllThreads (Deoptimize)
Event: 31.649 Executing non-safepoint VM operation: HandshakeAllThreads (Deoptimize) done
Event: 31.654 Executing non-safepoint VM operation: HandshakeAllThreads (Deoptimize)
Event: 31.654 Executing non-safepoint VM operation: HandshakeAllThreads (Deoptimize) done

Memory protections (0 events):
No events

Nmethod flushes (20 events):
Event: 27.553 Thread 0x000002437a977540 flushing  nmethod 0x0000024301399208
Event: 27.553 Thread 0x000002437a977540 flushing  nmethod 0x000002430139a188
Event: 27.553 Thread 0x000002437a977540 flushing  nmethod 0x000002430139a588
Event: 27.553 Thread 0x000002437a977540 flushing  nmethod 0x00000243013e1188
Event: 27.553 Thread 0x000002437a977540 flushing  nmethod 0x000002430142bc88
Event: 27.553 Thread 0x000002437a977540 flushing  nmethod 0x000002430142f408
Event: 27.553 Thread 0x000002437a977540 flushing  nmethod 0x00000243014a8788
Event: 27.553 Thread 0x000002437a977540 flushing  nmethod 0x00000243014a9a08
Event: 27.553 Thread 0x000002437a977540 flushing  nmethod 0x00000243014ab008
Event: 27.553 Thread 0x000002437a977540 flushing  nmethod 0x00000243014ab488
Event: 27.553 Thread 0x000002437a977540 flushing  nmethod 0x00000243014ac188
Event: 27.553 Thread 0x000002437a977540 flushing  nmethod 0x00000243014acd08
Event: 27.553 Thread 0x000002437a977540 flushing  nmethod 0x00000243014ae408
Event: 27.553 Thread 0x000002437a977540 flushing  nmethod 0x00000243014b0488
Event: 27.553 Thread 0x000002437a977540 flushing  nmethod 0x0000024301586e88
Event: 27.553 Thread 0x000002437a977540 flushing  nmethod 0x0000024301678a08
Event: 27.553 Thread 0x000002437a977540 flushing  nmethod 0x0000024301678d08
Event: 27.553 Thread 0x000002437a977540 flushing  nmethod 0x0000024301679108
Event: 27.553 Thread 0x000002437a977540 flushing  nmethod 0x000002430167a708
Event: 27.553 Thread 0x000002437a977540 flushing osr nmethod 0x0000024301680008

Events (20 events):
Event: 28.637 Thread 0x0000024320f08800 Thread exited: 0x0000024320f08800
Event: 29.599 Thread 0x000002431c7935a0 Thread added: 0x000002431c796480
Event: 29.599 Thread 0x000002431c7935a0 Thread exited: 0x000002431c7935a0
Event: 29.600 Thread 0x000002431c796480 Thread added: 0x000002431c796c50
Event: 29.600 Thread 0x000002431c796480 Thread exited: 0x000002431c796480
Event: 30.759 Thread 0x000002431c515e10 Thread exited: 0x000002431c515e10
Event: 30.759 Thread 0x000002436f364280 Thread added: 0x000002431c796480
Event: 30.829 Thread 0x000002436f364280 Thread added: 0x000002431c797420
Event: 30.833 Thread 0x000002431c244860 Thread added: 0x000002432c1cfa80
Event: 30.841 Thread 0x000002431ca106c0 Thread added: 0x000002432c1d5330
Event: 30.844 Thread 0x000002437a99e450 Thread added: 0x000002432c1d3b00
Event: 30.844 Thread 0x000002437a99e450 Thread added: 0x000002432c1d93b0
Event: 31.034 Thread 0x000002432c1d3b00 Thread added: 0x000002431ca0b620
Event: 31.582 Thread 0x000002431c78fef0 Thread added: 0x000002432c48dcb0
Event: 31.582 Thread 0x000002431c50e110 Thread added: 0x000002432c48ec50
Event: 31.600 Thread 0x000002431c796c50 Thread added: 0x000002432c48b5a0
Event: 31.600 Thread 0x000002431c796c50 Thread exited: 0x000002431c796c50
Event: 31.605 Thread 0x000002432c48b5a0 Thread added: 0x000002431c5165e0
Event: 31.605 Thread 0x000002432c48b5a0 Thread exited: 0x000002432c48b5a0
Event: 31.606 Thread 0x000002432c48dcb0 Thread added: 0x000002431c515e10


Dynamic libraries:
0x00007ff72bd00000 - 0x00007ff72bd0e000 	C:\Users\ArneL\.jdks\temurin-25.0.2\bin\java.exe
0x00007ffc52a00000 - 0x00007ffc52c67000 	C:\WINDOWS\SYSTEM32\ntdll.dll
0x00007ffc24080000 - 0x00007ffc240a0000 	C:\Program Files\Norton\Suite\aswhook.dll
0x00007ffc51bf0000 - 0x00007ffc51cb9000 	C:\WINDOWS\System32\KERNEL32.DLL
0x00007ffc4fb00000 - 0x00007ffc4fef1000 	C:\WINDOWS\System32\KERNELBASE.dll
0x00007ffc4f680000 - 0x00007ffc4f7cb000 	C:\WINDOWS\System32\ucrtbase.dll
0x00007ffc23de0000 - 0x00007ffc23df6000 	C:\Users\ArneL\.jdks\temurin-25.0.2\bin\jli.dll
0x00007ffc23390000 - 0x00007ffc233ae000 	C:\Users\ArneL\.jdks\temurin-25.0.2\bin\VCRUNTIME140.dll
0x00007ffc51150000 - 0x00007ffc51315000 	C:\WINDOWS\System32\USER32.dll
0x00007ffc4ff00000 - 0x00007ffc4ff27000 	C:\WINDOWS\System32\win32u.dll
0x00007ffc29f50000 - 0x00007ffc2a1e3000 	C:\WINDOWS\WinSxS\amd64_microsoft.windows.common-controls_6595b64144ccf1df_6.0.26100.8037_none_3e092faae333b53b\COMCTL32.dll
0x00007ffc526b0000 - 0x00007ffc526db000 	C:\WINDOWS\System32\GDI32.dll
0x00007ffc523d0000 - 0x00007ffc52479000 	C:\WINDOWS\System32\msvcrt.dll
0x00007ffc4f7d0000 - 0x00007ffc4f8fb000 	C:\WINDOWS\System32\gdi32full.dll
0x00007ffc4f9c0000 - 0x00007ffc4fa63000 	C:\WINDOWS\System32\msvcp_win.dll
0x00007ffc51050000 - 0x00007ffc51081000 	C:\WINDOWS\System32\IMM32.DLL
0x00007ffc24d80000 - 0x00007ffc24d8c000 	C:\Users\ArneL\.jdks\temurin-25.0.2\bin\vcruntime140_1.dll
0x00007ffc1b3a0000 - 0x00007ffc1b42d000 	C:\Users\ArneL\.jdks\temurin-25.0.2\bin\msvcp140.dll
0x00007ffb4fc90000 - 0x00007ffb50bb6000 	C:\Users\ArneL\.jdks\temurin-25.0.2\bin\server\jvm.dll
0x00007ffc51090000 - 0x00007ffc5114b000 	C:\WINDOWS\System32\ADVAPI32.dll
0x00007ffc52320000 - 0x00007ffc523c7000 	C:\WINDOWS\System32\sechost.dll
0x00007ffc51a80000 - 0x00007ffc51b98000 	C:\WINDOWS\System32\RPCRT4.dll
0x00007ffc50860000 - 0x00007ffc508d4000 	C:\WINDOWS\System32\WS2_32.dll
0x00007ffc4ef90000 - 0x00007ffc4efee000 	C:\WINDOWS\SYSTEM32\POWRPROF.dll
0x00007ffc420b0000 - 0x00007ffc420e5000 	C:\WINDOWS\SYSTEM32\WINMM.dll
0x00007ffc47ad0000 - 0x00007ffc47adb000 	C:\WINDOWS\SYSTEM32\VERSION.dll
0x00007ffc4ef70000 - 0x00007ffc4ef84000 	C:\WINDOWS\SYSTEM32\UMPDC.dll
0x00007ffc4e070000 - 0x00007ffc4e08b000 	C:\WINDOWS\SYSTEM32\kernel.appcore.dll
0x00007ffc231a0000 - 0x00007ffc231aa000 	C:\Users\ArneL\.jdks\temurin-25.0.2\bin\jimage.dll
0x00007ffc4ca50000 - 0x00007ffc4cc92000 	C:\WINDOWS\SYSTEM32\DBGHELP.DLL
0x00007ffc516f0000 - 0x00007ffc51a72000 	C:\WINDOWS\System32\combase.dll
0x00007ffc52780000 - 0x00007ffc52857000 	C:\WINDOWS\System32\OLEAUT32.dll
0x00007ffc3b4b0000 - 0x00007ffc3b4eb000 	C:\WINDOWS\SYSTEM32\dbgcore.DLL
0x00007ffc4f5d0000 - 0x00007ffc4f675000 	C:\WINDOWS\System32\bcryptPrimitives.dll
0x00007ffc22a50000 - 0x00007ffc22a6e000 	C:\Users\ArneL\.jdks\temurin-25.0.2\bin\java.dll
0x00007ffc51550000 - 0x00007ffc516e5000 	C:\WINDOWS\System32\ole32.dll
0x00007ffc508e0000 - 0x00007ffc5103f000 	C:\WINDOWS\System32\SHELL32.dll
0x00007ffc4f460000 - 0x00007ffc4f5ca000 	C:\WINDOWS\System32\wintypes.dll
0x00007ffc4ff30000 - 0x00007ffc50794000 	C:\WINDOWS\System32\windows.storage.dll
0x00007ffc51450000 - 0x00007ffc51547000 	C:\WINDOWS\System32\SHCORE.dll
0x00007ffc522b0000 - 0x00007ffc52317000 	C:\WINDOWS\System32\shlwapi.dll
0x00007ffc4f200000 - 0x00007ffc4f229000 	C:\WINDOWS\SYSTEM32\profapi.dll
0x00007ffc22a10000 - 0x00007ffc22a21000 	C:\Users\ArneL\.jdks\temurin-25.0.2\bin\net.dll
0x00007ffc4e5e0000 - 0x00007ffc4e64b000 	C:\WINDOWS\system32\mswsock.dll
0x00007ffc1f150000 - 0x00007ffc1f166000 	C:\Users\ArneL\.jdks\temurin-25.0.2\bin\nio.dll
0x00007ffc22a30000 - 0x00007ffc22a47000 	C:\Users\ArneL\.jdks\temurin-25.0.2\bin\zip.dll
0x00007ffc1f110000 - 0x00007ffc1f11a000 	C:\Users\ArneL\.jdks\temurin-25.0.2\bin\management.dll
0x00007ffc1d060000 - 0x00007ffc1d06c000 	C:\Users\ArneL\.jdks\temurin-25.0.2\bin\management_ext.dll
0x00007ffc526e0000 - 0x00007ffc526e8000 	C:\WINDOWS\System32\PSAPI.DLL
0x00007ffc28240000 - 0x00007ffc28258000 	C:\WINDOWS\system32\napinsp.dll
0x00007ffc4db70000 - 0x00007ffc4dc9a000 	C:\WINDOWS\SYSTEM32\DNSAPI.dll
0x00007ffc4d9f0000 - 0x00007ffc4da23000 	C:\WINDOWS\SYSTEM32\IPHLPAPI.DLL
0x00007ffc513b0000 - 0x00007ffc513ba000 	C:\WINDOWS\System32\NSI.dll
0x00007ffc29f00000 - 0x00007ffc29f12000 	C:\WINDOWS\System32\winrnr.dll
0x00007ffc3b680000 - 0x00007ffc3b6a2000 	C:\WINDOWS\system32\nlansp_c.dll
0x00007ffc48ad0000 - 0x00007ffc48ae6000 	C:\WINDOWS\system32\wshbth.dll
0x00007ffc49400000 - 0x00007ffc4940b000 	C:\Windows\System32\rasadhlp.dll
0x00007ffc47570000 - 0x00007ffc475f6000 	C:\WINDOWS\System32\fwpuclnt.dll
0x00007ffc22a00000 - 0x00007ffc22a10000 	C:\Users\ArneL\.jdks\temurin-25.0.2\bin\verify.dll
0x00007ffc4e8d0000 - 0x00007ffc4e8eb000 	C:\WINDOWS\SYSTEM32\CRYPTSP.dll
0x00007ffc4dfd0000 - 0x00007ffc4e009000 	C:\WINDOWS\system32\rsaenh.dll
0x00007ffc4e690000 - 0x00007ffc4e6c2000 	C:\WINDOWS\SYSTEM32\USERENV.dll
0x00007ffc4f1d0000 - 0x00007ffc4f1fa000 	C:\WINDOWS\SYSTEM32\bcrypt.dll
0x00007ffc4e8c0000 - 0x00007ffc4e8cc000 	C:\WINDOWS\SYSTEM32\CRYPTBASE.dll
0x00007ffc00540000 - 0x00007ffc00589000 	C:\Users\ArneL\AppData\Local\Temp\jna-63533956\jna7713673188617337825.dll
0x00007ffc507a0000 - 0x00007ffc5084e000 	C:\WINDOWS\System32\clbcatq.dll
0x00007ffc280b0000 - 0x00007ffc280cd000 	C:\WINDOWS\SYSTEM32\amsi.dll
0x00007ffc26030000 - 0x00007ffc26130000 	C:\Program Files\Norton\Suite\aswAMSI.dll
0x00007ffc2de40000 - 0x00007ffc2de96000 	C:\WINDOWS\SYSTEM32\Pdh.dll
0x00007ffc28220000 - 0x00007ffc28231000 	C:\WINDOWS\System32\perfos.dll
0x00007ffc4a8a0000 - 0x00007ffc4a8b2000 	C:\WINDOWS\SYSTEM32\pfclient.dll
0x00007ffc1d040000 - 0x00007ffc1d04e000 	C:\Users\ArneL\.jdks\temurin-25.0.2\bin\sunmscapi.dll
0x00007ffc4f2e0000 - 0x00007ffc4f457000 	C:\WINDOWS\System32\CRYPT32.dll
0x00007ffc4eae0000 - 0x00007ffc4eb10000 	C:\WINDOWS\SYSTEM32\ncrypt.dll
0x00007ffc4ea90000 - 0x00007ffc4eacf000 	C:\WINDOWS\SYSTEM32\NTASN1.dll
0x00007ffc153f0000 - 0x00007ffc153f9000 	C:\Users\ArneL\.jdks\temurin-25.0.2\bin\syslookup.dll
0x00007ffc1d050000 - 0x00007ffc1d059000 	C:\Users\ArneL\.jdks\temurin-25.0.2\bin\extnet.dll
0x00007ffc34820000 - 0x00007ffc349fd000 	C:\WINDOWS\system32\urlmon.dll
0x00007ffc34550000 - 0x00007ffc34814000 	C:\WINDOWS\SYSTEM32\iertutil.dll
0x00007ffc34520000 - 0x00007ffc34549000 	C:\WINDOWS\SYSTEM32\srvcli.dll
0x00007ffc4d940000 - 0x00007ffc4d94d000 	C:\WINDOWS\SYSTEM32\netutils.dll
0x00007ffb5c690000 - 0x00007ffb5c70e000 	C:\Users\ArneL\AppData\Local\Temp\lwjgl_ArneL\3.3.6-snapshot\x64\lwjgl.dll
0x00007ffb1ea30000 - 0x00007ffb1eab9000 	C:\Users\ArneL\AppData\Local\Temp\lwjgl_ArneL\3.3.6-snapshot\x64\glfw.dll
0x00007ffb1e7b0000 - 0x00007ffb1ea21000 	C:\Users\ArneL\AppData\Local\Temp\lwjgl_ArneL\3.3.6-snapshot\x64\jemalloc.dll
0x00000243224f0000 - 0x000002432253b000 	C:\WINDOWS\SYSTEM32\dinput8.dll
0x00007ffc1a700000 - 0x00007ffc1a71e000 	C:\WINDOWS\SYSTEM32\xinput1_4.dll
0x00007ffc4eec0000 - 0x00007ffc4ef17000 	C:\WINDOWS\SYSTEM32\cfgmgr32.dll
0x00007ffc4ee90000 - 0x00007ffc4eebd000 	C:\WINDOWS\SYSTEM32\DEVOBJ.dll
0x00007ffc4ca00000 - 0x00007ffc4ca2e000 	C:\WINDOWS\SYSTEM32\dwmapi.dll
0x00007ffc30290000 - 0x00007ffc30473000 	C:\WINDOWS\SYSTEM32\inputhost.dll
0x00007ffc4bad0000 - 0x00007ffc4bbf7000 	C:\WINDOWS\SYSTEM32\CoreMessaging.dll
0x00007ffc4beb0000 - 0x00007ffc4bf5a000 	C:\WINDOWS\system32\uxtheme.dll
0x00007ffc51cc0000 - 0x00007ffc51e1d000 	C:\WINDOWS\System32\MSCTF.dll
0x00007ffc12870000 - 0x00007ffc1297e000 	C:\WINDOWS\SYSTEM32\opengl32.dll
0x00007ffc2d370000 - 0x00007ffc2d39d000 	C:\WINDOWS\SYSTEM32\GLU32.dll
0x00007ffc4c8c0000 - 0x00007ffc4c903000 	C:\WINDOWS\SYSTEM32\dxcore.dll
0x00007ffc377e0000 - 0x00007ffc377fa000 	C:\WINDOWS\SYSTEM32\windows.staterepositorycore.dll
0x00007ffb7ee20000 - 0x00007ffb81acf000 	C:\WINDOWS\System32\DriverStore\FileRepository\nvmdi.inf_amd64_57af4a83f0578c02\nvoglv64.dll
0x00007ffc51e20000 - 0x00007ffc522a7000 	C:\WINDOWS\System32\SETUPAPI.dll
0x00007ffc4be50000 - 0x00007ffc4be79000 	C:\WINDOWS\SYSTEM32\WTSAPI32.dll
0x00007ffc4e310000 - 0x00007ffc4e359000 	C:\WINDOWS\SYSTEM32\SspiCli.dll
0x00007ffc4e9f0000 - 0x00007ffc4ea03000 	C:\WINDOWS\SYSTEM32\msasn1.dll
0x00007ffc47a90000 - 0x00007ffc47acb000 	C:\WINDOWS\SYSTEM32\cryptnet.dll
0x00007ffc4e980000 - 0x00007ffc4e9e8000 	C:\WINDOWS\SYSTEM32\wldp.dll
0x00007ffc476c0000 - 0x00007ffc47838000 	C:\WINDOWS\SYSTEM32\drvstore.dll
0x00007ffc4fa70000 - 0x00007ffc4faf1000 	C:\WINDOWS\System32\WINTRUST.dll
0x00007ffc4e190000 - 0x00007ffc4e1c6000 	C:\WINDOWS\SYSTEM32\ntmarta.dll
0x00007ffc524a0000 - 0x00007ffc524c0000 	C:\WINDOWS\System32\imagehlp.dll
0x00007ffc42430000 - 0x00007ffc47387000 	C:\WINDOWS\System32\DriverStore\FileRepository\nvmdi.inf_amd64_57af4a83f0578c02\nvgpucomp64.dll
0x00007ffbd8550000 - 0x00007ffbd8697000 	C:\WINDOWS\system32\nvspcap64.dll
0x00007ffc4eb20000 - 0x00007ffc4eb83000 	C:\WINDOWS\SYSTEM32\WINSTA.dll
0x00007ffc30140000 - 0x00007ffc30288000 	C:\WINDOWS\SYSTEM32\textinputframework.dll
0x00007ffc48050000 - 0x00007ffc48332000 	C:\WINDOWS\SYSTEM32\CoreUIComponents.dll
0x00007ffb1e710000 - 0x00007ffb1e7a9000 	C:\Users\ArneL\AppData\Local\Temp\lwjgl_ArneL\3.3.6-snapshot\x64\lwjgl_stb.dll
0x00007ffc3a580000 - 0x00007ffc3a63f000 	C:\WINDOWS\SYSTEM32\mscms.dll
0x00007ffbf9110000 - 0x00007ffbf9159000 	C:\WINDOWS\SYSTEM32\icm32.dll
0x00007ffbde3d0000 - 0x00007ffbde42d000 	C:\Users\ArneL\AppData\Local\Temp\lwjgl_ArneL\3.3.6-snapshot\x64\lwjgl_opengl.dll
0x00007ffb1dea0000 - 0x00007ffb1e08b000 	C:\Users\ArneL\AppData\Local\Temp\lwjgl_ArneL\3.3.6-snapshot\x64\OpenAL.dll
0x00007ffc4cea0000 - 0x00007ffc4ceab000 	C:\WINDOWS\SYSTEM32\AVRT.dll
0x00007ffc48a30000 - 0x00007ffc48ac8000 	C:\WINDOWS\System32\MMDevApi.dll
0x00007ffb8e1a0000 - 0x00007ffb8e313000 	C:\WINDOWS\System32\Speech\Common\sapi.dll
0x00007ffc37e10000 - 0x00007ffc37fc2000 	C:\WINDOWS\SYSTEM32\AUDIOSES.DLL
0x00007ffc4d3e0000 - 0x00007ffc4d3f4000 	C:\WINDOWS\SYSTEM32\resourcepolicyclient.dll
0x00007ffb1e400000 - 0x00007ffb1e4d0000 	C:\Users\ArneL\AppData\Local\Temp\lwjgl_ArneL\3.3.6-snapshot\x64\openvr_api.dll
0x00007ffb5c070000 - 0x00007ffb5c52a000 	C:\Program Files (x86)\Steam\steamapps\common\SteamVR\bin\vrclient_x64.dll
0x00007ffc4ceb0000 - 0x00007ffc4d113000 	C:\WINDOWS\SYSTEM32\d3d11.dll
0x00007ffc4d120000 - 0x00007ffc4d25e000 	C:\WINDOWS\SYSTEM32\dxgi.dll
0x00007ffc38150000 - 0x00007ffc386bb000 	C:\WINDOWS\SYSTEM32\nvapi64.dll

JVMTI agents: none

dbghelp: loaded successfully - version: 4.0.5 - missing functions: none
symbol engine: initialized successfully - sym options: 0x614 - pdb path: .;C:\Users\ArneL\.jdks\temurin-25.0.2\bin;C:\WINDOWS\SYSTEM32;C:\Program Files\Norton\Suite;C:\WINDOWS\WinSxS\amd64_microsoft.windows.common-controls_6595b64144ccf1df_6.0.26100.8037_none_3e092faae333b53b;C:\Users\ArneL\.jdks\temurin-25.0.2\bin\server;C:\Users\ArneL\AppData\Local\Temp\jna-63533956;C:\Users\ArneL\AppData\Local\Temp\lwjgl_ArneL\3.3.6-snapshot\x64;C:\WINDOWS\System32\DriverStore\FileRepository\nvmdi.inf_amd64_57af4a83f0578c02;C:\WINDOWS\System32\Speech\Common;C:\Program Files (x86)\Steam\steamapps\common\SteamVR\bin

VM Arguments:
jvm_args: -Dfabric.dli.config=D:\git\Vivecraft\fabric\.gradle\loom-cache\launch.cfg -Dfabric.dli.env=client -Dfabric.dli.main=net.fabricmc.loader.impl.launch.knot.KnotClient -Dfile.encoding=UTF-8 -Duser.country=BE -Duser.language=nl -Duser.variant 
java_command: net.fabricmc.devlaunchinjector.Main
java_class_path (initial): D:\git\Vivecraft\fabric\build\classes\java\main;D:\git\Vivecraft\fabric\build\resources\main;C:\Users\ArneL\.gradle\caches\fabric-loom\1.21.11\loom.mappings.1_21_11.layered+hash.1034029007-v2\mappings.jar;C:\Users\ArneL\.gradle\caches\modules-2\files-2.1\com.electronwill.night-config\toml\3.6.6\f300021dfeece6a2907a0e7545574598220e4ef0\toml-3.6.6.jar;C:\Users\ArneL\.gradle\caches\modules-2\files-2.1\com.electronwill.night-config\core\3.6.6\1dccdc2c372ad0846561a2bd40c9db0543e55863\core-3.6.6.jar;C:\Users\ArneL\.gradle\caches\modules-2\files-2.1\org.lwjgl\lwjgl-opengl\3.3.6\ac2532612a4df374e9a9282bcf8ce2573018ebbb\lwjgl-opengl-3.3.6.jar;C:\Users\ArneL\.gradle\caches\modules-2\files-2.1\org.lwjgl\lwjgl-opengl\3.3.6\18dc639ebc94aa5202c2157f7490d28997b697c5\lwjgl-opengl-3.3.6-natives-windows.jar;C:\Users\ArneL\.gradle\caches\modules-2\files-2.1\org.lwjgl\lwjgl-opengl\3.3.6\f504b9005d1a0264ddc756e2331f44a1881ae74c\lwjgl-opengl-3.3.6-natives-windows-arm64.jar;C:\Users\ArneL\.gradle\caches\modules-2\files-2.1\org.lwjgl\lwjgl-opengl\3.3.6\b0ab1d0e315d2fcc50d6cab7e8feaf4688d5d9a0\lwjgl-opengl-3.3.6-natives-windows-x86.jar;C:\Users\ArneL\.gradle\caches\modules-2\files-2.1\org.lwjgl\lwjgl\3.3.6\ce7721d30cfaf47feaed10213e0c43eb55c49d68\lwjgl-3.3.6.jar;C:\Users\ArneL\.gradle\caches\modules-2\files-2.1\org.lwjgl\lwjgl\3.3.6\9a29b6a22fc5184604b8cb434ee5d5ecc4bfcbee\lwjgl-3.3.6-natives-windows.jar;C:\Users\ArneL\.gradle\caches\modules-2\files-2.1\org.lwjgl\lwjgl\3.3.6\227174aa24c303261e68e4741c90b504e6011f5c\lwjgl-3.3.6-natives-windows-arm64.jar;C:\Users\ArneL\.gradle\caches\modules-2\files-2.1\org.lwjgl\lwjgl\3.3.6\7a6f04e02429ba2f4bda9be191347bb7d3c71127\lwjgl-3.3.6-natives-windows-x86.jar;C:\Users\ArneL\.gradle\caches\modules-2\files-2.1\org.lwjgl\lwjgl-openvr\3.3.6\1de5113932e4920d6dbb4e4283dc627a3dbde132\lwjgl-openvr-3.3.6.jar;C:\Users\ArneL\.gradle\caches\modules-2\files-2.1\org.lwjgl\lwjgl-openvr\3.3.6\c9b79d359e120b66e2b0502c5e34bb8cfb0f9c1f\lwjgl-openvr-3.3.6-natives-linux.jar;C:\Users\ArneL\.gradle\caches\modules-2\files-2.1\org.lwjgl\lwjgl-openvr\3.3.6\672b0c74c44c98e7f8598f600ee2f5d105477b12\lwjgl-openvr-3.3.6-natives-macos.jar;C:\Users\ArneL\.gradle\caches\modules-2\files-2.1\org.lwjgl\lwjgl-openvr\3.3.6\37534a1ae09b04f8fcd60c3f356656f2cd943d38\lwjgl-openvr-3.3.6-natives-windows.jar;C:\Users\ArneL\.gradle\caches\modules-2\files-2.1\com.illposed.osc\javaosc-core\0.9\7b75d9cbf4924e39e78d8c3d4294ec264f6c34e0\javaosc-core-0.9.jar;C:\Users\ArneL\.gradle\caches\modules-2\files-2.1\com.github.bhaptics\tact-java\0.1.4\1dc4052d254b02b09185b7052e78fa608bd486f2\tact-java-0.1.4.jar;C:\Users\ArneL\.gradle\caches\modules-2\files-2.1\org.java-websocket\Java-WebSocket\1.5.1\382b302303c830a7edb20c9ed61c4ac2cdf7a7a4\Java-WebSocket-1.5.1.jar;C:\Users\ArneL\.gradle\caches\modules-2\files-2.1\org.ow2.asm\asm\9.9\c29635c8a7afa03d74b33c1884df8abb2b3f3dcc\asm-9.9.jar;C:\Users\ArneL\.gradle\caches\modules-2\files-2.1\org.ow2.asm\asm-analysis\9.9\bf4fa6e66638851c1cd22c2caea0c3ee5d5f437\asm-analysis-9.9.jar;C:\Users\ArneL\.gradle\caches\modules-2\files-2.1\org.ow2.asm\asm-commons\9.9\db9165a3bf908ded6b08612d583a15d1d0c7bda0\asm-commons-9.9.jar;C:\Users\ArneL\.gradle\caches\modules-2\files-2.1\org.ow2.asm\asm-tree\9.9\f8de6eead6d24dd0f45bd065bbe112b2cda6ea21\asm-tree-9.9.jar;C:\Users\ArneL\.gradle\caches\modules-2\files-2.1\org.ow2.asm\asm-util\9.9\42fdfc0508b43807c8078d6e82ecff2ce2112ae8\asm-util-9.9.jar;C:\Users\ArneL\.gradle\caches\modules-2\files-2.1\net.fabricmc\sponge-mixin\0.16.5+mixin.0.8.7\80fc3a9f592673cea87f4cd702f87991c6c9fe4d\sponge-mixin-0.16.5+mixin.0.8.7.jar;C:\Users\ArneL\.gradle\caches\modules-2\files-2.1\io.github.llamalad7\mixinextras-fabric\0.5.0\91a83dfb7abd320f6236bd1fcf5c0ff143d59a13\mixinextras-fabric-0.5.0.jar;C:\Users\ArneL\.gradle\caches\modules-2\files-2.1\net.fabricmc\dev-launch-injector\0.2.1+build.8\da8bef7e6e2f952da707f282bdb46882a0fce5e3\dev-launch-injector-0.2.1+build.8.jar;C:\Users\ArneL\.gradle\caches\modules-2\files-2.1\net.fabricmc\fabric-log4j-util\1.0.2\ef0b3fb613356feb75a67d54f2fad6f03a006648\fabric-log4j-util-1.0.2.jar;C:\Users\ArneL\.gradle\caches\modules-2\files-2.1\at.yawk.lz4\lz4-java\1.8.1\1f30a180ee04ccd53339a716aec13cae60a013b5\lz4-java-1.8.1.jar;C:\Users\ArneL\.gradle\caches\modules-2\files-2.1\com.azure\azure-json\1.4.0\fcc1d354dbc3e0300e5276b1bf124d0247799cd8\azure-json-1.4.0.jar;C:\Users\ArneL\.gradle\caches\modules-2\files-2.1\com.github.oshi\oshi-core\6.9.0\3224870731860cfcd7744581a05b559e94291e7\oshi-core-6.9.0.jar;C:\Users\ArneL\.gradle\caches\modules-2\files-2.1\com.google.code.gson\gson\2.13.2\48b8230771e573b54ce6e867a9001e75977fe78e\gson-2.13.2.jar;C:\Users\ArneL\.gradle\caches\modules-2\files-2.1\com.google.guava\failureaccess\1.0.3\aeaffd00d57023a2c947393ed251f0354f0985fc\failureaccess-1.0.3.jar;C:\Users\ArneL\.gradle\caches\modules-2\files-2.1\com.google.guava\guava\33.5.0-jre\8699de25f2f979108d6c1b804a7ba38cda1116bc\guava-33.5.0-jre.jar;C:\Users\ArneL\.gradle\caches\modules-2\files-2.1\com.ibm.icu\icu4j\77.1\38693cf0b1d7362a8b726af74dc06026a7c23809\icu4j-77.1.jar;C:\Users\ArneL\.gradle\caches\modules-2\files-2.1\com.microsoft.azure\msal4j\1.23.1\6c722b514873b24a4e1ce9c22dca36ea3c22bdbe\msal4j-1.23.1.jar;C:\Users\ArneL\.gradle\caches\modules-2\files-2.1\com.mojang\authlib\7.0.61\efee1e6b54e863108576eb3b3ae71144626aaefc\authlib-7.0.61.jar;C:\Users\ArneL\.gradle\caches\modules-2\files-2.1\com.mojang\blocklist\1.0.10\5c685c5ffa94c4cd39496c7184c1d122e515ecef\blocklist-1.0.10.jar;C:\Users\ArneL\.gradle\caches\modules-2\files-2.1\com.mojang\brigadier\1.3.10\d15b53a14cf20fdcaa98f731af5dda654452c010\brigadier-1.3.10.jar;C:\Users\ArneL\.gradle\caches\modules-2\files-2.1\com.mojang\datafixerupper\9.0.19\4e91f9712fa1e83231d1501625381b0210a977da\datafixerupper-9.0.19.jar;C:\Users\ArneL\.gradle\caches\modules-2\files-2.1\com.mojang\jtracy\1.0.37\a3fb649b2e2b2288d2978f0b0bc3d83f62809d1e\jtracy-1.0.37.jar;C:\Users\ArneL\.gradle\caches\modules-2\files-2.1\com.mojang\jtracy\1.0.37\6ff6d710fd4ffd470f2799653fab57e27fed0c9d\jtracy-1.0.37-natives-windows.jar;C:\Users\ArneL\.gradle\caches\modules-2\files-2.1\com.mojang\logging\1.6.11\fd147240733010c158249d986323f9ef98977fe\logging-1.6.11.jar;C:\Users\ArneL\.gradle\caches\modules-2\files-2.1\com.mojang\patchy\2.2.10\da05971b07cbb379d002cf7eaec6a2048211fefc\patchy-2.2.10.jar;C:\Users\ArneL\.gradle\caches\modules-2\files-2.1\com.mojang\text2speech\1.18.11\e853a12cdd6ba4f4836e8f4bf3b37844a13482b6\text2speech-1.18.11.jar;C:\Users\ArneL\.gradle\caches\modules-2\files-2.1\commons-codec\commons-codec\1.19.0\8c0dbe3ae883fceda9b50a6c76e745e548073388\commons-codec-1.19.0.jar;C:\Users\ArneL\.gradle\caches\modules-2\files-2.1\commons-io\commons-io\2.20.0\36f3474daec2849c149e877614e7f979b2082cd2\commons-io-2.20.0.jar;C:\Users\ArneL\.gradle\caches\modules-2\files-2.1\io.netty\netty-buffer\4.2.7.Final\5555ff561643bf2f8430fb57c24403c0efe15994\netty-buffer-4.2.7.Final.jar;C:\Users\ArneL\.gradle\caches\modules-2\files-2.1\io.netty\netty-codec-base\4.2.7.Final\915e381ebabcf115f1c7ff7032d55c48afb50210\netty-codec-base-4.2.7.Final.jar;C:\Users\ArneL\.gradle\caches\modules-2\files-2.1\io.netty\netty-codec-compression\4.2.7.Final\572341bc1ca90fd9d6e47f1d2694aab5258566e9\netty-codec-compression-4.2.7.Final.jar;C:\Users\ArneL\.gradle\caches\modules-2\files-2.1\io.netty\netty-codec-http\4.2.7.Final\b734c108854099c421fd94d92d9f865e4d4da853\netty-codec-http-4.2.7.Final.jar;C:\Users\ArneL\.gradle\caches\modules-2\files-2.1\io.netty\netty-common\4.2.7.Final\11aa30df26af4fca3239ac1917f303a280f301e1\netty-common-4.2.7.Final.jar;C:\Users\ArneL\.gradle\caches\modules-2\files-2.1\io.netty\netty-handler\4.2.7.Final\7ad8a1f851e2e6fe93cdd091871fda2b81c03b5b\netty-handler-4.2.7.Final.jar;C:\Users\ArneL\.gradle\caches\modules-2\files-2.1\io.netty\netty-resolver\4.2.7.Final\5f3e5ef8de03992cd4fb46960dc0085ec1a12a12\netty-resolver-4.2.7.Final.jar;C:\Users\ArneL\.gradle\caches\modules-2\files-2.1\io.netty\netty-transport-classes-epoll\4.2.7.Final\1075c09f48a78eef9d819fbfd9096b903fdd362a\netty-transport-classes-epoll-4.2.7.Final.jar;C:\Users\ArneL\.gradle\caches\modules-2\files-2.1\io.netty\netty-transport-classes-kqueue\4.2.7.Final\bdec7c23c75caabd848426d073c09568e8d5f94e\netty-transport-classes-kqueue-4.2.7.Final.jar;C:\Users\ArneL\.gradle\caches\modules-2\files-2.1\io.netty\netty-transport-native-unix-common\4.2.7.Final\89953f04259ea7502cffb313630dd51e00e60669\netty-transport-native-unix-common-4.2.7.Final.jar;C:\Users\ArneL\.gradle\caches\modules-2\files-2.1\io.netty\netty-transport\4.2.7.Final\83ea548981d0d8c4a98027cc1a6f9624f902e142\netty-transport-4.2.7.Final.jar;C:\Users\ArneL\.gradle\caches\modules-2\files-2.1\it.unimi.dsi\fastutil\8.5.18\a6cff377eecc19c2037bf31568a6d7106b50ba1f\fastutil-8.5.18.jar;C:\Users\ArneL\.gradle\caches\modules-2\files-2.1\net.java.dev.jna\jna-platform\5.17.0\a4934c44d25a9d8c2ddf4203affd20330cb3426f\jna-platform-5.17.0.jar;C:\Users\ArneL\.gradle\caches\modules-2\files-2.1\net.java.dev.jna\jna\5.17.0\33d12735bef894440780fce64f9758d420c7bae2\jna-5.17.0.jar;C:\Users\ArneL\.gradle\caches\modules-2\files-2.1\net.sf.jopt-simple\jopt-simple\5.0.4\4fdac2fbe92dfad86aa6e9301736f6b4342a3f5c\jopt-simple-5.0.4.jar;C:\Users\ArneL\.gradle\caches\modules-2\files-2.1\org.apache.commons\commons-compress\1.28.0\e482f2c7a88dac3c497e96aa420b6a769f59c8d7\commons-compress-1.28.0.jar;C:\Users\ArneL\.gradle\caches\modules-2\files-2.1\org.apache.commons\commons-lang3\3.19.0\d6524b169a6574cd253760c472d419b47bfd37e6\commons-lang3-3.19.0.jar;C:\Users\ArneL\.gradle\caches\modules-2\files-2.1\org.apache.logging.log4j\log4j-api\2.25.2\292c1a2b1702f1e1e3adb13e1c57e5bff60335ff\log4j-api-2.25.2.jar;C:\Users\ArneL\.gradle\caches\modules-2\files-2.1\org.apache.logging.log4j\log4j-core\2.25.2\d4d0ad2e51e03e531f784891fbfff1bae1e13a12\log4j-core-2.25.2.jar;C:\Users\ArneL\.gradle\caches\modules-2\files-2.1\org.apache.logging.log4j\log4j-slf4j2-impl\2.25.2\5eec0c392661dee8a366baec17e8896900dd978f\log4j-slf4j2-impl-2.25.2.jar;C:\Users\ArneL\.gradle\caches\modules-2\files-2.1\org.jcraft\jorbis\0.0.17\8872d22b293e8f5d7d56ff92be966e6dc28ebdc6\jorbis-0.0.17.jar;C:\Users\ArneL\.gradle\caches\modules-2\files-2.1\org.joml\joml\1.10.8\fc0a71dad90a2cf41d82a76156a0e700af8e4f8d\joml-1.10.8.jar;C:\Users\ArneL\.gradle\caches\modules-2\files-2.1\org.jspecify\jspecify\1.0.0\7425a601c1c7ec76645a78d22b8c6a627edee507\jspecify-1.0.0.jar;C:\Users\ArneL\.gradle\caches\modules-2\files-2.1\org.lwjgl\lwjgl-freetype\3.3.6\955989795ce6bdc7078d07590ee1ca0974b502d2\lwjgl-freetype-3.3.6.jar;C:\Users\ArneL\.gradle\caches\modules-2\files-2.1\org.lwjgl\lwjgl-freetype\3.3.6\f5031e39ff70dae6d71288d2ef3cef435e4f1fe4\lwjgl-freetype-3.3.6-natives-windows.jar;C:\Users\ArneL\.gradle\caches\modules-2\files-2.1\org.lwjgl\lwjgl-freetype\3.3.6\828335df0fe49a9bd2e6a6d0c5687bf4859f5ce7\lwjgl-freetype-3.3.6-natives-windows-arm64.jar;C:\Users\ArneL\.gradle\caches\modules-2\files-2.1\org.lwjgl\lwjgl-freetype\3.3.6\2303b90acacbf940aec2567924be689d096ee22b\lwjgl-freetype-3.3.6-natives-windows-x86.jar;C:\Users\ArneL\.gradle\caches\modules-2\files-2.1\org.lwjgl\lwjgl-glfw\3.3.6\7119f7d0eeb1e5502ff0ca71d2b4d47317da015\lwjgl-glfw-3.3.6.jar;C:\Users\ArneL\.gradle\caches\modules-2\files-2.1\org.lwjgl\lwjgl-glfw\3.3.6\99ef08056feb9627f90425a4d2a22cd9fae8e39b\lwjgl-glfw-3.3.6-natives-windows.jar;C:\Users\ArneL\.gradle\caches\modules-2\files-2.1\org.lwjgl\lwjgl-glfw\3.3.6\4aae4172124b49af166acc3e54aa7a091d16669d\lwjgl-glfw-3.3.6-natives-windows-arm64.jar;C:\Users\ArneL\.gradle\caches\modules-2\files-2.1\org.lwjgl\lwjgl-glfw\3.3.6\cfa8f1e96d572ed56da5945adf5167628f5eecdb\lwjgl-glfw-3.3.6-natives-windows-x86.jar;C:\Users\ArneL\.gradle\caches\modules-2\files-2.1\org.lwjgl\lwjgl-jemalloc\3.3.6\245910eb57f2444429c74e6bf96030e5ec0a6739\lwjgl-jemalloc-3.3.6.jar;C:\Users\ArneL\.gradle\caches\modules-2\files-2.1\org.lwjgl\lwjgl-jemalloc\3.3.6\f9da76351e14a695be172d6915c8a7b2905307f\lwjgl-jemalloc-3.3.6-natives-windows.jar;C:\Users\ArneL\.gradle\caches\modules-2\files-2.1\org.lwjgl\lwjgl-jemalloc\3.3.6\c73aaec4f12678c18d94f173a625a2923f4a9f90\lwjgl-jemalloc-3.3.6-natives-windows-arm64.jar;C:\Users\ArneL\.gradle\caches\modules-2\files-2.1\org.lwjgl\lwjgl-jemalloc\3.3.6\c86043a342a33e5d32fabf962578580633db3c6e\lwjgl-jemalloc-3.3.6-natives-windows-x86.jar;C:\Users\ArneL\.gradle\caches\modules-2\files-2.1\org.lwjgl\lwjgl-openal\3.3.6\ad313317ff399fd2a7f4dd74716a68cf3976c6ad\lwjgl-openal-3.3.6.jar;C:\Users\ArneL\.gradle\caches\modules-2\files-2.1\org.lwjgl\lwjgl-openal\3.3.6\9c2b9b660e085bb0b47a4453dc0e26f24a5475e4\lwjgl-openal-3.3.6-natives-windows.jar;C:\Users\ArneL\.gradle\caches\modules-2\files-2.1\org.lwjgl\lwjgl-openal\3.3.6\307f6b917dfab8c29f7e134e0ab147bfee10eb66\lwjgl-openal-3.3.6-natives-windows-arm64.jar;C:\Users\ArneL\.gradle\caches\modules-2\files-2.1\org.lwjgl\lwjgl-openal\3.3.6\82f693541d69aa125750bf8be9c4194435c56f03\lwjgl-openal-3.3.6-natives-windows-x86.jar;C:\Users\ArneL\.gradle\caches\modules-2\files-2.1\org.lwjgl\lwjgl-stb\3.3.6\e2d3739dcfe7b672b626ded66d94f6587083306e\lwjgl-stb-3.3.6.jar;C:\Users\ArneL\.gradle\caches\modules-2\files-2.1\org.lwjgl\lwjgl-stb\3.3.6\334cf885b39e2db9070c39e70e65efb136435f10\lwjgl-stb-3.3.6-natives-windows.jar;C:\Users\ArneL\.gradle\caches\modules-2\files-2.1\org.lwjgl\lwjgl-stb\3.3.6\9f4369c17964cd589703a5acb4b78945fc6b9299\lwjgl-stb-3.3.6-natives-windows-arm64.jar;C:\Users\ArneL\.gradle\caches\modules-2\files-2.1\org.lwjgl\lwjgl-stb\3.3.6\bfe841629fc2ed6d772693c3a40a0c4b355567c9\lwjgl-stb-3.3.6-natives-windows-x86.jar;C:\Users\ArneL\.gradle\caches\modules-2\files-2.1\org.lwjgl\lwjgl-tinyfd\3.3.6\58ceead1d42ff20d2d4f674aaeceb200733461c2\lwjgl-tinyfd-3.3.6.jar;C:\Users\ArneL\.gradle\caches\modules-2\files-2.1\org.lwjgl\lwjgl-tinyfd\3.3.6\e2edcbe44ae26d2914156386e224b67f4b47c442\lwjgl-tinyfd-3.3.6-natives-windows.jar;C:\Users\ArneL\.gradle\caches\modules-2\files-2.1\org.lwjgl\lwjgl-tinyfd\3.3.6\aaff12e4f1a62a78160f4f2039d08a87e36b3b47\lwjgl-tinyfd-3.3.6-natives-windows-arm64.jar;C:\Users\ArneL\.gradle\caches\modules-2\files-2.1\org.lwjgl\lwjgl-tinyfd\3.3.6\a0d90f39fa30552f527873c1c39017e1e18b946b\lwjgl-tinyfd-3.3.6-natives-windows-x86.jar;C:\Users\ArneL\.gradle\caches\modules-2\files-2.1\org.slf4j\slf4j-ext\2.0.13\1ac9eea66a1f437c55ce620fdf6cbce35da48e41\slf4j-ext-2.0.13.jar;C:\Users\ArneL\.gradle\caches\modules-2\files-2.1\org.slf4j\slf4j-api\2.0.17\d9e58ac9c7779ba3bf8142aff6c830617a7fe60f\slf4j-api-2.0.17.jar;D:\git\Vivecraft\.gradle\loom-cache\minecraftMaven\net\minecraft\minecraft-merged-3c81b97875\1.21.11-loom.mappings.1_21_11.layered+hash.1034029007-v2\minecraft-merged-3c81b97875-1.21.11-loom.mappings.1_21_11.layered+hash.1034029007-v2.jar;C:\Users\ArneL\.gradle\caches\modules-2\files-2.1\io.netty\netty-transport-native-epoll\4.2.7.Final\e83998bfc10b5289d9bcbe807c4079ef0eed8e6f\netty-transport-native-epoll-4.2.7.Final-linux-x86_64.jar;C:\Users\ArneL\.gradle\caches\modules-2\files-2.1\io.netty\netty-transport-native-epoll\4.2.7.Final\98d02251c98c8f07a23ac5ea27657d9e0ef57614\netty-transport-native-epoll-4.2.7.Final-linux-aarch_64.jar;C:\Users\ArneL\.gradle\caches\modules-2\files-2.1\io.netty\netty-transport-native-kqueue\4.2.7.Final\40868fd4e43bce2798245f790624b58803dc26b6\netty-transport-native-kqueue-4.2.7.Final-osx-x86_64.jar;C:\Users\ArneL\.gradle\caches\modules-2\files-2.1\io.netty\netty-transport-native-kqueue\4.2.7.Final\e5a0feef41410c8a5ae00c6cb4e0c99bd0aded6a\netty-transport-native-kqueue-4.2.7.Final-osx-aarch_64.jar;C:\Users\ArneL\.gradle\caches\modules-2\files-2.1\net.fabricmc\fabric-loader\0.18.2\1cd44667bd93b74564056eb4867dfd12e38cb262\fabric-loader-0.18.2.jar;D:\git\Vivecraft\.gradle\loom-cache\remapped_mods\remapped\net\fabricmc\fabric-api\fabric-api-4775738c\0.139.5+1.21.11\fabric-api-4775738c-0.139.5+1.21.11.jar;D:\git\Vivecraft\.gradle\loom-cache\remapped_mods\remapped\net\fabricmc\fabric-api\fabric-resource-loader-v0-4775738c\3.3.4+4fc5413f3e\fabric-resource-loader-v0-4775738c-3.3.4+4fc5413f3e.jar;D:\git\Vivecraft\.gradle\loom-cache\remapped_mods\remapped\net\fabricmc\fabric-api\fabric-content-registries-v0-4775738c\10.2.14+4fc5413f3e\fabric-content-registries-v0-4775738c-10.2.14+4fc5413f3e.jar;D:\git\Vivecraft\.gradle\loom-cache\remapped_mods\remapped\net\fabricmc\fabric-api\fabric-gametest-api-v1-4775738c\3.1.27+4fc5413f3e\fabric-gametest-api-v1-4775738c-3.1.27+4fc5413f3e.jar;D:\git\Vivecraft\.gradle\loom-cache\remapped_mods\remapped\net\fabricmc\fabric-api\fabric-item-api-v1-4775738c\11.5.20+d0c46b9e3e\fabric-item-api-v1-4775738c-11.5.20+d0c46b9e3e.jar;D:\git\Vivecraft\.gradle\loom-cache\remapped_mods\remapped\net\fabricmc\fabric-api\fabric-item-group-api-v1-4775738c\4.2.36+4fc5413f3e\fabric-item-group-api-v1-4775738c-4.2.36+4fc5413f3e.jar;D:\git\Vivecraft\.gradle\loom-cache\remapped_mods\remapped\net\fabricmc\fabric-api\fabric-loot-api-v2-4775738c\3.0.73+3f89f5a53e\fabric-loot-api-v2-4775738c-3.0.73+3f89f5a53e.jar;D:\git\Vivecraft\.gradle\loom-cache\remapped_mods\remapped\net\fabricmc\fabric-api\fabric-loot-api-v3-4775738c\2.0.20+78c8b4663e\fabric-loot-api-v3-4775738c-2.0.20+78c8b4663e.jar;D:\git\Vivecraft\.gradle\loom-cache\remapped_mods\remapped\net\fabricmc\fabric-api\fabric-data-attachment-api-v1-4775738c\1.8.43+1fb1cde93e\fabric-data-attachment-api-v1-4775738c-1.8.43+1fb1cde93e.jar;D:\git\Vivecraft\.gradle\loom-cache\remapped_mods\remapped\net\fabricmc\fabric-api\fabric-object-builder-api-v1-4775738c\21.1.38+4fc5413f3e\fabric-object-builder-api-v1-4775738c-21.1.38+4fc5413f3e.jar;D:\git\Vivecraft\.gradle\loom-cache\remapped_mods\remapped\net\fabricmc\fabric-api\fabric-data-generation-api-v1-4775738c\23.3.0+ae1056283e\fabric-data-generation-api-v1-4775738c-23.3.0+ae1056283e.jar;D:\git\Vivecraft\.gradle\loom-cache\remapped_mods\remapped\net\fabricmc\fabric-api\fabric-tag-api-v1-4775738c\1.2.20+4fc5413f3e\fabric-tag-api-v1-4775738c-1.2.20+4fc5413f3e.jar;D:\git\Vivecraft\.gradle\loom-cache\remapped_mods\remapped\net\fabricmc\fabric-api\fabric-resource-loader-v1-4775738c\1.0.10+78c8b4663e\fabric-resource-loader-v1-4775738c-1.0.10+78c8b4663e.jar;D:\git\Vivecraft\.gradle\loom-cache\remapped_mods\remapped\net\fabricmc\fabric-api\fabric-command-api-v2-4775738c\2.4.7+6b42a6003e\fabric-command-api-v2-4775738c-2.4.7+6b42a6003e.jar;D:\git\Vivecraft\.gradle\loom-cache\remapped_mods\remapped\net\fabricmc\fabric-api\fabric-events-interaction-v0-4775738c\4.0.44+1fb1cde93e\fabric-events-interaction-v0-4775738c-4.0.44+1fb1cde93e.jar;D:\git\Vivecraft\.gradle\loom-cache\remapped_mods\remapped\net\fabricmc\fabric-api\fabric-particles-v1-4775738c\4.2.11+4fc5413f3e\fabric-particles-v1-4775738c-4.2.11+4fc5413f3e.jar;D:\git\Vivecraft\.gradle\loom-cache\remapped_mods\remapped\net\fabricmc\fabric-api\fabric-recipe-api-v1-4775738c\8.2.3+4ebb5c083e\fabric-recipe-api-v1-4775738c-8.2.3+4ebb5c083e.jar;D:\git\Vivecraft\.gradle\loom-cache\remapped_mods\remapped\net\fabricmc\fabric-api\fabric-screen-handler-api-v1-4775738c\1.3.160+4fc5413f3e\fabric-screen-handler-api-v1-4775738c-1.3.160+4fc5413f3e.jar;D:\git\Vivecraft\.gradle\loom-cache\remapped_mods\remapped\net\fabricmc\fabric-api\fabric-registry-sync-v0-4775738c\6.2.4+4ebb5c083e\fabric-registry-sync-v0-4775738c-6.2.4+4ebb5c083e.jar;D:\git\Vivecraft\.gradle\loom-cache\remapped_mods\remapped\net\fabricmc\fabric-api\fabric-networking-api-v1-4775738c\5.1.5+ae1e07683e\fabric-networking-api-v1-4775738c-5.1.5+ae1e07683e.jar;D:\git\Vivecraft\.gradle\loom-cache\remapped_mods\remapped\net\fabricmc\fabric-api\fabric-transfer-api-v1-4775738c\6.0.24+4fc5413f3e\fabric-transfer-api-v1-4775738c-6.0.24+4fc5413f3e.jar;D:\git\Vivecraft\.gradle\loom-cache\remapped_mods\remapped\net\fabricmc\fabric-api\fabric-api-lookup-api-v1-4775738c\1.6.113+1fb1cde93e\fabric-api-lookup-api-v1-4775738c-1.6.113+1fb1cde93e.jar;D:\git\Vivecraft\.gradle\loom-cache\remapped_mods\remapped\net\fabricmc\fabric-api\fabric-convention-tags-v1-4775738c\2.1.55+7f945d5b3e\fabric-convention-tags-v1-4775738c-2.1.55+7f945d5b3e.jar;D:\git\Vivecraft\.gradle\loom-cache\remapped_mods\remapped\net\fabricmc\fabric-api\fabric-convention-tags-v2-4775738c\2.17.3+8ef948ba3e\fabric-convention-tags-v2-4775738c-2.17.3+8ef948ba3e.jar;D:\git\Vivecraft\.gradle\loom-cache\remapped_mods\remapped\net\fabricmc\fabric-api\fabric-entity-events-v1-4775738c\3.0.5+4ebb5c083e\fabric-entity-events-v1-4775738c-3.0.5+4ebb5c083e.jar;D:\git\Vivecraft\.gradle\loom-cache\remapped_mods\remapped\net\fabricmc\fabric-api\fabric-game-rule-api-v1-4775738c\2.0.3+4fc5413f3e\fabric-game-rule-api-v1-4775738c-2.0.3+4fc5413f3e.jar;D:\git\Vivecraft\.gradle\loom-cache\remapped_mods\remapped\net\fabricmc\fabric-api\fabric-rendering-v1-4775738c\16.2.6+1fb1cde93e\fabric-rendering-v1-4775738c-16.2.6+1fb1cde93e.jar;D:\git\Vivecraft\.gradle\loom-cache\remapped_mods\remapped\net\fabricmc\fabric-api\fabric-lifecycle-events-v1-4775738c\2.6.15+4ebb5c083e\fabric-lifecycle-events-v1-4775738c-2.6.15+4ebb5c083e.jar;D:\git\Vivecraft\.gradle\loom-cache\remapped_mods\remapped\net\fabricmc\fabric-api\fabric-message-api-v1-4775738c\6.1.12+4ebb5c083e\fabric-message-api-v1-4775738c-6.1.12+4ebb5c083e.jar;D:\git\Vivecraft\.gradle\loom-cache\remapped_mods\remapped\net\fabricmc\fabric-api\fabric-rendering-fluids-v1-4775738c\3.1.43+4ebb5c083e\fabric-rendering-fluids-v1-4775738c-3.1.43+4ebb5c083e.jar;D:\git\Vivecraft\.gradle\loom-cache\remapped_mods\remapped\net\fabricmc\fabric-api\fabric-screen-api-v1-4775738c\3.1.7+4ebb5c083e\fabric-screen-api-v1-4775738c-3.1.7+4ebb5c083e.jar;D:\git\Vivecraft\.gradle\loom-cache\remapped_mods\remapped\net\fabricmc\fabric-api\fabric-api-base-4775738c\1.0.5+4ebb5c083e\fabric-api-base-4775738c-1.0.5+4ebb5c083e.jar;D:\git\Vivecraft\.gradle\loom-cache\remapped_mods\remapped\net\fabricmc\fabric-api\fabric-biome-api-v1-4775738c\17.1.1+4fc5413f3e\fabric-biome-api-v1-4775738c-17.1.1+4fc5413f3e.jar;D:\git\Vivecraft\.gradle\loom-cache\remapped_mods\remapped\net\fabricmc\fabric-api\fabric-block-api-v1-4775738c\1.1.10+4ebb5c083e\fabric-block-api-v1-4775738c-1.1.10+4ebb5c083e.jar;D:\git\Vivecraft\.gradle\loom-cache\remapped_mods\remapped\net\fabricmc\fabric-api\fabric-block-view-api-v2-4775738c\1.0.39+4ebb5c083e\fabric-block-view-api-v2-4775738c-1.0.39+4ebb5c083e.jar;D:\git\Vivecraft\.gradle\loom-cache\remapped_mods\remapped\net\fabricmc\fabric-api\fabric-client-gametest-api-v1-4775738c\4.3.5+bfe9fcf43e\fabric-client-gametest-api-v1-4775738c-4.3.5+bfe9fcf43e.jar;D:\git\Vivecraft\.gradle\loom-cache\remapped_mods\remapped\net\fabricmc\fabric-api\fabric-crash-report-info-v1-4775738c\0.3.23+4ebb5c083e\fabric-crash-report-info-v1-4775738c-0.3.23+4ebb5c083e.jar;D:\git\Vivecraft\.gradle\loom-cache\remapped_mods\remapped\net\fabricmc\fabric-api\fabric-dimensions-v1-4775738c\4.0.28+4fc5413f3e\fabric-dimensions-v1-4775738c-4.0.28+4fc5413f3e.jar;D:\git\Vivecraft\.gradle\loom-cache\remapped_mods\remapped\net\fabricmc\fabric-api\fabric-key-binding-api-v1-4775738c\1.1.7+4fc5413f3e\fabric-key-binding-api-v1-4775738c-1.1.7+4fc5413f3e.jar;D:\git\Vivecraft\.gradle\loom-cache\remapped_mods\remapped\net\fabricmc\fabric-api\fabric-resource-conditions-api-v1-4775738c\5.0.35+4fc5413f3e\fabric-resource-conditions-api-v1-4775738c-5.0.35+4fc5413f3e.jar;D:\git\Vivecraft\.gradle\loom-cache\remapped_mods\remapped\net\fabricmc\fabric-api\fabric-serialization-api-v1-4775738c\1.0.5+4ebb5c083e\fabric-serialization-api-v1-4775738c-1.0.5+4ebb5c083e.jar;D:\git\Vivecraft\.gradle\loom-cache\remapped_mods\remapped\net\fabricmc\fabric-api\fabric-sound-api-v1-4775738c\1.0.51+4fc5413f3e\fabric-sound-api-v1-4775738c-1.0.51+4fc5413f3e.jar;D:\git\Vivecraft\.gradle\loom-cache\remapped_mods\remapped\net\fabricmc\fabric-api\fabric-transitive-access-wideners-v1-4775738c\7.0.8+0107c3da3e\fabric-transitive-access-wideners-v1-4775738c-7.0.8+0107c3da3e.jar;C:\Users\ArneL\.gradle\caches\modules-2\files-2.1\com.google.errorprone\error_prone_annotations\2.41.0\4381275efdef6ddfae38f002c31e84cd001c97f0\error_prone_annotations-2.41.0.jar
Launcher Type: SUN_STANDARD

[Global flags]
     intx CICompilerCount                          = 12                                        {product} {ergonomic}
     uint ConcGCThreads                            = 3                                         {product} {ergonomic}
     uint G1ConcRefinementThreads                  = 13                                        {product} {ergonomic}
   size_t G1HeapRegionSize                         = 4194304                                   {product} {ergonomic}
   size_t InitialHeapSize                          = 536870912                                 {product} {ergonomic}
   size_t MarkStackSize                            = 4194304                                   {product} {ergonomic}
   size_t MarkStackSizeMax                         = 536870912                                 {product} {ergonomic}
   size_t MaxHeapSize                              = 8568963072                                {product} {ergonomic}
   size_t MaxNewSize                               = 5138022400                                {product} {ergonomic}
   size_t MinHeapDeltaBytes                        = 4194304                                   {product} {ergonomic}
   size_t MinHeapSize                              = 8388608                                   {product} {ergonomic}
    uintx NonNMethodCodeHeapSize                   = 7602176                                {pd product} {ergonomic}
    uintx NonProfiledCodeHeapSize                  = 122093568                              {pd product} {ergonomic}
    uintx ProfiledCodeHeapSize                     = 121962496                              {pd product} {ergonomic}
    uintx ReservedCodeCacheSize                    = 251658240                              {pd product} {ergonomic}
     bool SegmentedCodeCache                       = true                                      {product} {ergonomic}
   size_t SoftMaxHeapSize                          = 8568963072                             {manageable} {ergonomic}
     bool UseCompressedOops                        = true                           {product lp64_product} {ergonomic}
     bool UseG1GC                                  = true                                      {product} {ergonomic}
     bool UseLargePagesIndividualAllocation        = false                                  {pd product} {ergonomic}

Logging:
Log output configuration:
 #0: stdout all=warning uptime,level,tags foldmultilines=false
 #1: stderr all=off uptime,level,tags foldmultilines=false

Release file:
IMPLEMENTOR="Eclipse Adoptium" 
IMPLEMENTOR_VERSION="Temurin-25.0.2+10" 
JAVA_RUNTIME_VERSION="25.0.2+10-LTS" 
JAVA_VERSION="25.0.2" 
JAVA_VERSION_DATE="2026-01-20" 
LIBC="default" 
MODULES="java.base java.compiler java.datatransfer java.xml java.prefs java.desktop java.instrument java.logging java.management java.security.sasl java.naming java.rmi java.management.rmi java.net.http java.scripting java.security.jgss java.transaction.xa java.sql java.sql.rowset java.xml.crypto java.se java.smartcardio jdk.accessibility jdk.internal.jvmstat jdk.attach jdk.charsets jdk.internal.opt jdk.zipfs jdk.compiler jdk.crypto.cryptoki jdk.crypto.ec jdk.crypto.mscapi jdk.dynalink jdk.internal.ed jdk.editpad jdk.internal.vm.ci jdk.graal.compiler jdk.graal.compiler.management jdk.hotspot.agent jdk.httpserver jdk.incubator.vector jdk.internal.le jdk.internal.md jdk.jartool jdk.javadoc jdk.jcmd jdk.management jdk.management.agent jdk.jconsole jdk.jdeps jdk.jdwp.agent jdk.jdi jdk.jfr jdk.jlink jdk.jpackage jdk.jshell jdk.jsobject jdk.jstatd jdk.localedata jdk.management.jfr jdk.naming.dns jdk.naming.rmi jdk.net jdk.nio.mapmode jdk.sctp jdk.security.auth jdk.security.jgss jdk.unsupported jdk.unsupported.desktop jdk.xml.dom" 
OS_ARCH="x86_64" 
OS_NAME="Windows" 
SOURCE=".:git:9e3c947043a4" 
BUILD_SOURCE="git:458965074606f027bd5afce2cfd5c1055dea0438"
BUILD_SOURCE_REPO="https://github.com/adoptium/temurin-build.git"
SOURCE_REPO="https://github.com/adoptium/jdk25u.git"
FULL_VERSION="25.0.2+10-LTS"
SEMANTIC_VERSION="25.0.2+10"
BUILD_INFO="OS: Windows Server 2022 Version: 10.0"
JVM_VARIANT="Hotspot"
JVM_VERSION="25.0.2+10-LTS"
IMAGE_TYPE="JDK"

Environment Variables:
JAVA_HOME=C:\Program Files\Eclipse Adoptium\jdk-17.0.1.12-hotspot
PATH=D:\Oculus\Support\oculus-runtime;C:\Program Files\Eclipse Adoptium\jdk-17.0.1.12-hotspot\bin;C:\Program Files\ImageMagick-7.1.0-Q16-HDRI;C:\Windows\system32;C:\Windows;C:\Windows\System32\Wbem;C:\Windows\System32\WindowsPowerShell\v1.0\;C:\Windows\System32\OpenSSH\;C:\Program Files (x86)\NVIDIA Corporation\PhysX\Common;C:\Program Files\Intel\WiFi\bin\;C:\Program Files\Common Files\Intel\WirelessCommon\;C:\WINDOWS\system32;C:\WINDOWS;C:\WINDOWS\System32\Wbem;C:\WINDOWS\System32\WindowsPowerShell\v1.0\;C:\WINDOWS\System32\OpenSSH\;C:\Program Files\PuTTY\;C:\Program Files (x86)\gs\gs10.00.0\bin;C:\Program Files\dotnet\;C:\Program Files\NVIDIA Corporation\NVIDIA app\NvDLISR;C:\WINDOWS\system32;C:\WINDOWS;C:\WINDOWS\System32\Wbem;C:\WINDOWS\System32\WindowsPowerShell\v1.0\;C:\WINDOWS\System32\OpenSSH\;C:\Program Files\CMake\bin;C:\Program Files\Git\cmd;C:\Program Files\Microsoft Visual Studio\2022\Community\VC\Tools\MSVC\14.42.34433\bin\Hostx64\x64;C:\Program Files (x86)\Windows Kits\10\Windows Performance Toolkit\;C:\Users\ArneL\AppData\Local\Microsoft\WindowsApps;C:\Program Files\Intel\WiFi\bin\;C:\Program Files\Common Files\Intel\WirelessCommon\;C:\ProgramData\ArneL\GitHubDesktop\bin;C:\Users\ArneL\AppData\Local\GitHubDesktop\bin;C:\Program Files\JetBrains\IntelliJ IDEA 2022.1.2\bin;;C:\texlive\2022\bin\win32;C:\Program Files\JetBrains\PyCharm Community Edition 2022.3.2\bin;;C:\Users\ArneL\AppData\Local\Programs\Microsoft VS Code\bin;C:\Users\ArneL\.dotnet\tools;C:\Program Files\JetBrains\PyCharm 2025.2.5\bin
USERNAME=ArneL
OS=Windows_NT
PROCESSOR_IDENTIFIER=AMD64 Family 25 Model 33 Stepping 2, AuthenticAMD
TMP=C:\Users\ArneL\AppData\Local\Temp
TEMP=C:\Users\ArneL\AppData\Local\Temp




Compilation memory statistics disabled.

Periodic native trim disabled

---------------  S Y S T E M  ---------------

OS:
 Windows 11 , 64 bit Build 26100 (10.0.26100.7920)
OS uptime: 0 days 5:38 hours

CPU: total 16 (initial active 16) (16 cores per cpu, 2 threads per core) family 25 model 33 stepping 2 microcode 0xa201210, cx8, cmov, fxsr, ht, mmx, 3dnowpref, sse, sse2, sse3, ssse3, sse4a, sse4.1, sse4.2, popcnt, lzcnt, tsc, tscinvbit, avx, avx2, aes, erms, clmul, bmi1, bmi2, adx, sha, fma, vzeroupper, clflush, clflushopt, clwb, rdtscp, rdpid, fsrm, f16c, pku, cet_ss
Processor Information for the first 16 processors :
  Max Mhz: 3001, Current Mhz: 3001, Mhz Limit: 3001

Memory: 4k page, system-wide physical 32687M (10679M free)
TotalPageFile size 34735M (AvailPageFile size 4405M)
current process WorkingSet (physical memory assigned to process): 2758M, peak: 2761M
current process commit charge ("private bytes"): 3698M, peak: 3708M

vm_info: OpenJDK 64-Bit Server VM (25.0.2+10-LTS) for windows-amd64 JRE (25.0.2+10-LTS), built on 2026-01-20T00:00:00Z with MS VC++ 17.12 (VS2022)

END.
