#
# A fatal error has been detected by the Java Runtime Environment:
#
#  EXCEPTION_ACCESS_VIOLATION (0xc0000005) at pc=0x00007ffb5c1ae035, pid=1840, tid=28108
#
# JRE version: OpenJDK Runtime Environment Temurin-25.0.2+10 (25.0.2+10) (build 25.0.2+10-LTS)
# Java VM: OpenJDK 64-Bit Server VM Temurin-25.0.2+10 (25.0.2+10-LTS, mixed mode, sharing, tiered, compressed oops, compressed class ptrs, g1 gc, windows-amd64)
# Problematic frame:
# C  [vrclient_x64.dll+0x13e035]
#
# No core dump will be written. Minidumps are not enabled by default on client versions of Windows
#
# If you would like to submit a bug report, please visit:
#   https://github.com/adoptium/adoptium-support/issues
# The crash happened outside the Java Virtual Machine in native code.
# See problematic frame for where to report the bug.
#

---------------  S U M M A R Y ------------

Command Line: -Dfabric.dli.config=D:\git\Vivecraft\fabric\.gradle\loom-cache\launch.cfg -Dfabric.dli.env=client -Dfabric.dli.main=net.fabricmc.loader.impl.launch.knot.KnotClient -Dfile.encoding=UTF-8 -Duser.country=BE -Duser.language=nl -Duser.variant net.fabricmc.devlaunchinjector.Main

Host: AMD Ryzen 7 5700X3D 8-Core Processor           , 16 cores, 31G,  Windows 11 , 64 bit Build 26100 (10.0.26100.7920)
Time: Tue Mar 17 22:35:18 2026 West-Europa (standaardtijd) elapsed time: 15.386611 seconds (0d 0h 0m 15s)

---------------  T H R E A D  ---------------

Current thread (0x0000013e4d209170):  JavaThread "Render thread"        [_thread_in_native, id=28108, stack(0x0000003a5a500000,0x0000003a5a600000) (1024K)]

Stack: [0x0000003a5a500000,0x0000003a5a600000],  sp=0x0000003a5a5fd8e0,  free space=1014k
Native frames: (J=compiled Java code, j=interpreted, Vv=VM code, C=native code)
C  [vrclient_x64.dll+0x13e035]  (no source info available)
C  [vrclient_x64.dll+0x142bd7]  (no source info available)
C  [vrclient_x64.dll+0x134bfd]  (no source info available)
C  [vrclient_x64.dll+0x1333f3]  (no source info available)
C  [vrclient_x64.dll+0x105310]  (no source info available)
C  [lwjgl.dll+0x25bd1]  (no source info available)
C  [lwjgl.dll+0x25530]  (no source info available)
C  [lwjgl.dll+0x25362]  (no source info available)
C  0x0000013e6072f10f  (no source info available)

The last pc belongs to native nmethod (printed below).
Java frames: (J=compiled Java code, j=interpreted, Vv=VM code)
J 18399  org.lwjgl.system.libffi.LibFFI.nffi_call(JJJJ)V (0 bytes) @ 0x0000013e6072f0d6 [0x0000013e6072f080+0x0000000000000056]
J 18987 c1 org.lwjgl.system.libffi.LibFFI.ffi_call(Lorg/lwjgl/system/libffi/FFICIF;JLjava/nio/ByteBuffer;Lorg/lwjgl/PointerBuffer;)V (29 bytes) @ 0x0000013e59911f5c [0x0000013e59911900+0x000000000000065c]
J 18983 c1 org.vivecraft.client.utils.JNIUtils.callI(Ljava/lang/String;J[Ljava/lang/Object;)I (93 bytes) @ 0x0000013e5991108c [0x0000013e59910b00+0x000000000000058c]
J 18982 c1 org.lwjgl.openvr.VRCompositor.wrapOperation$zmk000$vivecraft$nVRCompositor_Submit(IJJIJLcom/llamalad7/mixinextras/injector/wrapoperation/Operation;)I (42 bytes) @ 0x0000013e5990e16c [0x0000013e5990d800+0x000000000000096c]
J 18980 c1 org.lwjgl.openvr.VRCompositor.nVRCompositor_Submit(IJJI)I (60 bytes) @ 0x0000013e5990c93c [0x0000013e5990c400+0x000000000000053c]
J 18979 c1 org.lwjgl.openvr.VRCompositor.VRCompositor_Submit(ILorg/lwjgl/openvr/Texture;Lorg/lwjgl/openvr/VRTextureBounds;I)I (14 bytes) @ 0x0000013e5990c214 [0x0000013e5990c000+0x0000000000000214]
j  org.vivecraft.client_vr.provider.openvr_lwjgl.OpenVRStereoRenderer.endFrame()V+10
j  org.vivecraft.client_vr.render.helpers.VRPassHelper.renderAndSubmit(ZLnet/minecraft/client/DeltaTracker$Timer;)V+818
j  net.minecraft.client.Minecraft.handler$zmm000$vivecraft$renderVRPassesFabric(ZLorg/spongepowered/asm/mixin/injection/callback/CallbackInfo;)V+18
j  net.minecraft.client.Minecraft.runTick(Z)V+599
j  net.minecraft.client.Minecraft.run()V+102
j  net.minecraft.client.main.Main.main([Ljava/lang/String;)V+1488
j  java.lang.invoke.LambdaForm$DMH+0x000000000e064000.invokeStaticInit(Ljava/lang/Object;Ljava/lang/Object;)V+10 java.base@25.0.2
j  java.lang.invoke.LambdaForm$MH+0x000000000e045400.invokeExact_MT(Ljava/lang/Object;Ljava/lang/Object;Ljava/lang/Object;)V+19 java.base@25.0.2
j  net.fabricmc.loader.impl.game.minecraft.MinecraftGameProvider.launch(Ljava/lang/ClassLoader;)V+74
j  net.fabricmc.loader.impl.launch.knot.Knot.launch([Ljava/lang/String;Lnet/fabricmc/api/EnvType;)V+40
j  net.fabricmc.loader.impl.launch.knot.KnotClient.main([Ljava/lang/String;)V+4
j  java.lang.invoke.LambdaForm$DMH+0x000000000e044c00.invokeStatic(Ljava/lang/Object;Ljava/lang/Object;)V+10 java.base@25.0.2
j  java.lang.invoke.LambdaForm$MH+0x000000000e045400.invokeExact_MT(Ljava/lang/Object;Ljava/lang/Object;Ljava/lang/Object;)V+19 java.base@25.0.2
j  net.fabricmc.devlaunchinjector.Main.main([Ljava/lang/String;)V+307
v  ~StubRoutines::call_stub 0x0000013e5f5b12ed

siginfo: EXCEPTION_ACCESS_VIOLATION (0xc0000005), reading address 0x00000000000002c1


Registers:
RAX=0x00000000000002c1, RBX=0x0000013e7c4c0ee0, RCX=0x0000013e01840060, RDX=0x00007ffb5c402628
RSP=0x0000003a5a5fd8e0, RBP=0x0000003a5a5fd930, RSI=0x00007ffb5c4dd270, RDI=0x0000003a5a5fda18
R8 =0x0000003a5a5fd910, R9 =0x0000003a5a5fda18, R10=0x00000000546c6148, R11=0xfffffffff8c5a4bb
R12=0x00007ffb5c4dd270, R13=0x0000003a5a5fe0d0, R14=0x0000000000000001, R15=0x0000000000000000
RIP=0x00007ffb5c1ae035, EFLAGS=0x0000000000010206

XMM[0]=0x0000000000000000 0x0000000000000000
XMM[1]=0x0000000000000000 0x0000000000000000
XMM[2]=0x0000000000000000 0x0000000000000000
XMM[3]=0x0000000000000000 0x0000000000000000
XMM[4]=0x0000000000000000 0x0000000000000000
XMM[5]=0x0000000000000000 0x0000000000000000
XMM[6]=0xee830681e1ddc99f 0x59db6a41e191dddf
XMM[7]=0x0000000000000000 0x40658455f676ea42
XMM[8]=0xd6b01b7f08180b74 0xeb1737bf00000000
XMM[9]=0xf3670a7f797a4561 0xb5ce66bf03fe7121
XMM[10]=0x117cf97f1e223661 0xa62495bf1e6e2221
XMM[11]=0xfff1e87ffe4b2761 0xcb19c4bf981ed321
XMM[12]=0xcf0daf80cf0daf80 0xcf0daf80c2bf4173
XMM[13]=0x0000000000000000 0x000000003f3ce183
XMM[14]=0x0000000000000000 0x00000000be159164
XMM[15]=0x0000000000000000 0x0000000000000000
  MXCSR=0x00001fa7


Register to memory mapping:

RAX=0x00000000000002c1 is an unknown value
RBX=0x0000013e7c4c0ee0 points into unknown readable memory: 0x0000013e01840060 | 60 00 84 01 3e 01 00 00
RCX=0x0000013e01840060 points into unknown readable memory: 0x00000000000002c1 | c1 02 00 00 00 00 00 00
RDX=0x00007ffb5c402628 vrclient_x64.dll
RSP=0x0000003a5a5fd8e0 is pointing into the stack for thread: 0x0000013e4d209170
RBP=0x0000003a5a5fd930 is pointing into the stack for thread: 0x0000013e4d209170
RSI=0x00007ffb5c4dd270 vrclient_x64.dll
RDI=0x0000003a5a5fda18 is pointing into the stack for thread: 0x0000013e4d209170
R8 =0x0000003a5a5fd910 is pointing into the stack for thread: 0x0000013e4d209170
R9 =0x0000003a5a5fda18 is pointing into the stack for thread: 0x0000013e4d209170
R10=0x00000000546c6148 is an unknown value
R11=0xfffffffff8c5a4bb is an unknown value
R12=0x00007ffb5c4dd270 vrclient_x64.dll
R13=0x0000003a5a5fe0d0 is pointing into the stack for thread: 0x0000013e4d209170
R14=0x0000000000000001 is an unknown value
R15=0x0 is null

Top of Stack: (sp=0x0000003a5a5fd8e0)
0x0000003a5a5fd8e0:   0000003a5a5fde68 00007ffb50419197   h._Z:.....AP....
0x0000003a5a5fd8f0:   0000000000000001 0000013e60464b07   .........KF`>...
0x0000003a5a5fd900:   00000000000000c5 0000013e605420eb   ......... T`>...
0x0000003a5a5fd910:   0000003a5a5fea38 0000013e58ba7a04   8._Z:....z.X>...
0x0000003a5a5fd920:   0000000000000021 00007ffb5c4dd270   !.......p.M\....
0x0000003a5a5fd930:   0000003a5a5fda60 00007ffb5c1b2bd7   `._Z:....+.\....
0x0000003a5a5fd940:   0000003a5a5fe148 0000000604e78af0   H._Z:...........
0x0000003a5a5fd950:   00007ffb5c4dd270 0000013e7c4c0ef0   p.M\......L|>...
0x0000003a5a5fd960:   000000000000002c 0000013e60464b07   ,........KF`>...
0x0000003a5a5fd970:   00000006037ad330 0000013e5fe3585c   0.z.....\X._>...
0x0000003a5a5fd980:   0000b53c8f74d0c3 00007ffc22a59e99   ..t.<......"....
0x0000003a5a5fd990:   0000013e4d209170 00000000000000a6   p. M>...........
0x0000003a5a5fd9a0:   0000000000000000 00000000000000a6   ................
0x0000003a5a5fd9b0:   00000006054b1448 0000003a5a5fda80   H.K......._Z:...
0x0000003a5a5fd9c0:   0000013e75bd49b0 00007ffc22a55d12   .I.u>....]."....
0x0000003a5a5fd9d0:   0000003a5a5fea38 0000013e58798c44   8._Z:...D.yX>...
0x0000003a5a5fd9e0:   00000006037b0870 00000000000000c5   p.{.............
0x0000003a5a5fd9f0:   00000000000000a6 000000a600000000   ................
0x0000003a5a5fda00:   0000000000000042 00000006037b6d28   B.......(m{.....
0x0000003a5a5fda10:   0000000000000001 0000000000000000   ................
0x0000003a5a5fda20:   000000005a5fea38 00000006037b6b50   8._Z....Pk{.....
0x0000003a5a5fda30:   00000006037b5b08 00000006037b3ac0   .[{......:{.....
0x0000003a5a5fda40:   0000000000000011 0000013e603c7b8a   .........{<`>...
0x0000003a5a5fda50:   0000000605470d08 00000006000000a4   ..G.............
0x0000003a5a5fda60:   0000000605470c20 0000013e5feb34d0    .G......4._>...
0x0000003a5a5fda70:   0000003a0000001a 0000013e5879c3e4   ....:.....yX>...
0x0000003a5a5fda80:   000000000000001c 0000013e60464b07   .........KF`>...
0x0000003a5a5fda90:   00000006037ad330 00000000c0af35cf   0.z......5......
0x0000003a5a5fdaa0:   0000000604e33b90 0000013e7b129498   .;.........{>...
0x0000003a5a5fdab0:   0000013e75e1e448 0000013e75e1e2b8   H..u>......u>...
0x0000003a5a5fdac0:   0000000000000009 0000013e5872d5b1   ..........rX>...
0x0000003a5a5fdad0:   000000060f8bb700 0000013e5872d63c   ........<.rX>...

Instructions: (pc=0x00007ffb5c1ae035)
  0x00007ffb5c1adf35:   df 13 00 41 8b 8c 82 94 df 13 00 49 03 ca ff e1
  0x00007ffb5c1adf45:   41 c7 00 1d 00 00 00 b0 01 c3 41 c7 00 5b 00 00
  0x00007ffb5c1adf55:   00 b0 01 c3 41 c7 00 5d 00 00 00 b0 01 c3 32 c0
  0x00007ffb5c1adf65:   c3 66 90 f8 de 13 00 02 df 13 00 0c df 13 00 16
  0x00007ffb5c1adf75:   df 13 00 20 df 13 00 00 00 04 04 01 01 04 04 02
  0x00007ffb5c1adf85:   02 04 04 04 04 04 04 04 04 04 04 04 04 03 03 45
  0x00007ffb5c1adf95:   df 13 00 4f df 13 00 59 df 13 00 63 df 13 00 00
  0x00007ffb5c1adfa5:   00 00 03 03 03 03 03 03 03 03 03 03 03 03 03 03
  0x00007ffb5c1adfb5:   03 03 03 03 03 03 03 03 03 03 03 03 03 03 03 03
  0x00007ffb5c1adfc5:   03 03 03 03 03 03 03 03 03 03 03 03 03 03 03 03
  0x00007ffb5c1adfd5:   03 03 03 03 03 03 03 03 03 03 03 01 02 03 01 01
  0x00007ffb5c1adfe5:   02 02 cc cc cc cc cc cc cc cc cc 48 89 5c 24 08
  0x00007ffb5c1adff5:   48 89 74 24 18 48 89 7c 24 20 55 48 8b ec 48 83
  0x00007ffb5c1ae005:   ec 50 8b 42 08 49 8b f9 48 8b da 48 8b f1 85 c0
  0x00007ffb5c1ae015:   0f 85 4d 01 00 00 48 8b 0a 48 85 c9 0f 84 4e 01
  0x00007ffb5c1ae025:   00 00 48 8b 01 4c 8d 45 e0 48 8d 15 f3 45 25 00
=>0x00007ffb5c1ae035:   ff 10 85 c0 78 27 48 8b 4d e0 48 8b d7 48 8b 01
  0x00007ffb5c1ae045:   ff 50 18 48 8b 4d e0 48 8b 01 ff 50 10 48 83 3f
  0x00007ffb5c1ae055:   00 74 0a b8 02 00 00 00 e9 c7 01 00 00 48 8b 0b
  0x00007ffb5c1ae065:   4c 8d 45 e8 48 8d 15 f0 42 25 00 48 8b 01 ff 10
  0x00007ffb5c1ae075:   85 c0 78 21 48 8b 4d e8 48 8b d7 48 8b 01 ff 50
  0x00007ffb5c1ae085:   18 48 8b 4d e8 48 8b 01 ff 50 10 b8 03 00 00 00
  0x00007ffb5c1ae095:   e9 8f 01 00 00 48 8b 0b 4c 8d 45 f0 48 8d 15 f0
  0x00007ffb5c1ae0a5:   7b 23 00 48 8b 01 ff 10 85 c0 78 61 48 8b 4d f0
  0x00007ffb5c1ae0b5:   4c 8d 45 18 48 c7 45 18 00 00 00 00 48 8d 15 70
  0x00007ffb5c1ae0c5:   45 25 00 48 8b 01 ff 50 38 48 8b 4d f0 48 8b 01
  0x00007ffb5c1ae0d5:   ff 50 10 45 33 c9 c7 44 24 20 00 00 00 00 4c 8b
  0x00007ffb5c1ae0e5:   45 18 48 8b d7 48 8b ce e8 7e fa ff ff 48 8b 4d
  0x00007ffb5c1ae0f5:   18 84 c0 48 8b 01 75 08 ff 50 10 e9 22 01 00 00
  0x00007ffb5c1ae105:   ff 50 10 b8 04 00 00 00 e9 17 01 00 00 48 8b 0b
  0x00007ffb5c1ae115:   4c 8d 45 f8 48 8d 15 28 45 25 00 48 8b 01 ff 10
  0x00007ffb5c1ae125:   85 c0 78 4c 48 8b 4d f8 48 8d 55 18 48 8b 01 ff


Stack slot to memory mapping:

stack at sp + 0 slots: 0x0000003a5a5fde68 is pointing into the stack for thread: 0x0000013e4d209170
stack at sp + 1 slots: 0x00007ffb50419197 jvm.dll
stack at sp + 2 slots: 0x0000000000000001 is an unknown value
stack at sp + 3 slots: 0x0000013e60464b07 is at entry_point+261 in (nmethod*)0x0000013e60464908
Compiled method (c2) 16000 12938       4       java.lang.AbstractStringBuilder::append (115 bytes)
 total in heap  [0x0000013e60464908,0x0000013e60464e90] = 1416
 main code      [0x0000013e60464a00,0x0000013e60464e68] = 1128
 stub code      [0x0000013e60464e68,0x0000013e60464e90] = 40
 mutable data [0x0000013e7d8c25d0,0x0000013e7d8c2658] = 136
 relocation     [0x0000013e7d8c25d0,0x0000013e7d8c2620] = 80
 metadata       [0x0000013e7d8c2620,0x0000013e7d8c2658] = 56
 immutable data [0x0000013e02185950,0x0000013e02185b88] = 568
 dependencies   [0x0000013e02185950,0x0000013e02185960] = 16
 nul chk table  [0x0000013e02185960,0x0000013e02185988] = 40
 handler table  [0x0000013e02185988,0x0000013e021859a0] = 24
 scopes pcs     [0x0000013e021859a0,0x0000013e02185a50] = 176
 scopes data    [0x0000013e02185a50,0x0000013e02185b88] = 312
stack at sp + 4 slots: 0x00000000000000c5 is an unknown value
stack at sp + 5 slots: 0x0000013e605420eb is at entry_point+361 in (nmethod*)0x0000013e60541e88
Compiled method (c2) 16016 14673       4       java.nio.HeapByteBuffer::put (12 bytes)
 total in heap  [0x0000013e60541e88,0x0000013e60542708] = 2176
 main code      [0x0000013e60541f80,0x0000013e605426e0] = 1888
 stub code      [0x0000013e605426e0,0x0000013e605426f8] = 24
 oops           [0x0000013e605426f8,0x0000013e60542708] = 16
 mutable data [0x0000013e7f863220,0x0000013e7f8633b8] = 408
 relocation     [0x0000013e7f863220,0x0000013e7f8632b0] = 144
 metadata       [0x0000013e7f8632b0,0x0000013e7f8633b8] = 264
 immutable data [0x0000013e021c03f0,0x0000013e021c0b38] = 1864
 dependencies   [0x0000013e021c03f0,0x0000013e021c0440] = 80
 nul chk table  [0x0000013e021c0440,0x0000013e021c0450] = 16
 scopes pcs     [0x0000013e021c0450,0x0000013e021c05f0] = 416
 scopes data    [0x0000013e021c05f0,0x0000013e021c0b38] = 1352
stack at sp + 6 slots: 0x0000003a5a5fea38 is pointing into the stack for thread: 0x0000013e4d209170
stack at sp + 7 slots: 0x0000013e58ba7a04 is at entry_point+370 in (nmethod*)0x0000013e58ba7788
Compiled method (c1) 16016 6264       3       java.io.FileOutputStream::write (46 bytes)
 total in heap  [0x0000013e58ba7788,0x0000013e58ba7b70] = 1000
 main code      [0x0000013e58ba7880,0x0000013e58ba7b08] = 648
 stub code      [0x0000013e58ba7b08,0x0000013e58ba7b70] = 104
 mutable data [0x0000013e005d9140,0x0000013e005d91d0] = 144
 relocation     [0x0000013e005d9140,0x0000013e005d91b8] = 120
 metadata       [0x0000013e005d91b8,0x0000013e005d91d0] = 24
 immutable data [0x0000013e7ce97d00,0x0000013e7ce97df8] = 248
 dependencies   [0x0000013e7ce97d00,0x0000013e7ce97d08] = 8
 nul chk table  [0x0000013e7ce97d08,0x0000013e7ce97d18] = 16
 scopes pcs     [0x0000013e7ce97d18,0x0000013e7ce97d98] = 128
 scopes data    [0x0000013e7ce97d98,0x0000013e7ce97df8] = 96

Lock stack of current Java thread (top to bottom):


Compiled method (n/a) 16021 18399     n 0       org.lwjgl.system.libffi.LibFFI::nffi_call (native)
 total in heap  [0x0000013e6072ef88,0x0000013e6072f200] = 632
 main code      [0x0000013e6072f080,0x0000013e6072f1f2] = 370
 stub code      [0x0000013e6072f1f2,0x0000013e6072f1f8] = 6
 oops           [0x0000013e6072f1f8,0x0000013e6072f200] = 8
 mutable data [0x0000013e021a42f0,0x0000013e021a4310] = 32
 relocation     [0x0000013e021a42f0,0x0000013e021a4310] = 32

[Constant Pool (empty)]

[MachCode]
[Entry Point]
  # {method} {0x0000013e04be5220} 'nffi_call' '(JJJJ)V' in 'org/lwjgl/system/libffi/LibFFI'
  # parm0:    rdx:rdx   = long
  # parm1:    r8:r8     = long
  # parm2:    r9:r9     = long
  # parm3:    rdi:rdi   = long
  #           [sp+0x80]  (sp of caller)
  0x0000013e6072f080: 6690 448b | 5208 443b 

  0x0000013e6072f088: ;   {runtime_call Shared Runtime ic_miss_blob}
  0x0000013e6072f088: 5008 0f85 | 50fa ecfe 
[Verified Entry Point]
  0x0000013e6072f090: 8984 2400 | 80ff ff55 | 488b ec48 | 83ec 7090 | 4181 7f20 | 0900 0000 

  0x0000013e6072f0a8: ;   {runtime_call Stub::method_entry_barrier}
  0x0000013e6072f0a8: 7405 e891 | 51eb fe48 | 897c 2428 | 4c89 4c24 | 204d 8bc8 

  0x0000013e6072f0bc: ;   {oop(a 'java/lang/Class'{0x000000061014a8e0} = 'org/lwjgl/system/libffi/LibFFI')}
  0x0000013e6072f0bc: 4c8b c249 | bee0 a814 | 1006 0000 | 004c 8974 | 2460 4c8d | 7424 6049 | 8bd6 c5f8 

  0x0000013e6072f0d8: ;   {internal_word}
  0x0000013e6072f0d8: 7749 bad6 | f072 603e | 0100 004d | 8997 3004 | 0000 4989 | a728 0400 | 0049 8d8f | 4804 0000 
  0x0000013e6072f0f8: 41c7 87d4 | 0400 0004 

  0x0000013e6072f100: ;   {runtime_call}
  0x0000013e6072f100: 0000 0048 | b830 256b | 5cfb 7f00 | 00ff d0c5 | f877 41c7 | 87d4 0400 | 0005 0000 | 00f0 8344 
  0x0000013e6072f120: 24c0 0049 | 3b6f 280f | 870e 0000 | 0041 83bf | d004 0000 | 000f 8423 | 0000 00c5 | f877 498b 
  0x0000013e6072f140: cf4c 8be4 | 4883 ec20 | 4883 e4f0 

  0x0000013e6072f14c: ;   {runtime_call}
  0x0000013e6072f14c: 48b8 b0c1 | 1150 fb7f | 0000 ffd0 | 498b e44d | 33e4 41c7 | 87d4 0400 | 0008 0000 | 0041 83bf 
  0x0000013e6072f16c: 5005 0000 | 020f 8459 | 0000 0049 | c787 2804 | 0000 0000 | 0000 49c7 | 8730 0400 | 0000 0000 
  0x0000013e6072f18c: 00c5 f877 | 498b 8fb8 | 0400 00c7 | 8100 0100 | 0000 0000 

  0x0000013e6072f1a0: ;   {poll_return}
  0x0000013e6072f1a0: 00c9 41f6 | 4728 0174 

  0x0000013e6072f1a8: ;   {internal_word}
  0x0000013e6072f1a8: 1649 baa2 | f172 603e | 0100 004d | 8997 e004 

  0x0000013e6072f1b8: ;   {runtime_call SafepointBlob}
  0x0000013e6072f1b8: 0000 e9a1 | 1ded fe49 | 837f 0800 | 0f85 0100 

  0x0000013e6072f1c8: ;   {runtime_call Stub::forward_exception}
  0x0000013e6072f1c8: 0000 c3e9 | 1020 e8fe | c5f8 774c | 8be4 4883 | ec20 4883 

  0x0000013e6072f1dc: ;   {runtime_call}
  0x0000013e6072f1dc: e4f0 48b8 | a016 4b50 | fb7f 0000 | ffd0 498b | e44d 33e4 | eb85 f4f4 | f4f4 f4f4 
[/MachCode]


Compiled method (c1) 16025 18987       3       org.lwjgl.system.libffi.LibFFI::ffi_call (29 bytes)
 total in heap  [0x0000013e59911808,0x0000013e59912218] = 2576
 main code      [0x0000013e59911900,0x0000013e59912198] = 2200
 stub code      [0x0000013e59912198,0x0000013e59912210] = 120
 oops           [0x0000013e59912210,0x0000013e59912218] = 8
 mutable data [0x0000013e0316d060,0x0000013e0316d1a0] = 320
 relocation     [0x0000013e0316d060,0x0000013e0316d130] = 208
 metadata       [0x0000013e0316d130,0x0000013e0316d1a0] = 112
 immutable data [0x0000013ef6ae6a90,0x0000013ef6ae6d68] = 728
 dependencies   [0x0000013ef6ae6a90,0x0000013ef6ae6ab0] = 32
 nul chk table  [0x0000013ef6ae6ab0,0x0000013ef6ae6ad0] = 32
 scopes pcs     [0x0000013ef6ae6ad0,0x0000013ef6ae6c00] = 304
 scopes data    [0x0000013ef6ae6c00,0x0000013ef6ae6d68] = 360

[Constant Pool (empty)]

[MachCode]
[Verified Entry Point]
  # {method} {0x0000013e04be5328} 'ffi_call' '(Lorg/lwjgl/system/libffi/FFICIF;JLjava/nio/ByteBuffer;Lorg/lwjgl/PointerBuffer;)V' in 'org/lwjgl/system/libffi/LibFFI'
  # parm0:    rdx:rdx   = 'org/lwjgl/system/libffi/FFICIF'
  # parm1:    r8:r8     = long
  # parm2:    r9:r9     = 'java/nio/ByteBuffer'
  # parm3:    rdi:rdi   = 'org/lwjgl/PointerBuffer'
  #           [sp+0x150]  (sp of caller)
  0x0000013e59911900: 8984 2400 | 80ff ff55 | 4881 ec40 | 0100 0090 | 4181 7f20 | 0900 0000 

  0x0000013e59911918: ;   {runtime_call Stub::method_entry_barrier}
  0x0000013e59911918: 7405 e821 | 29cd 054c | 8984 2418 | 0100 004c | 898c 2400 | 0100 0048 | 89bc 2408 

  0x0000013e59911934: ;   {metadata(method data for {method} {0x0000013e04be5328} 'ffi_call' '(Lorg/lwjgl/system/libffi/FFICIF;JLjava/nio/ByteBuffer;Lorg/lwjgl/PointerBuffer;)V' in 'org/lwjgl/system/libffi/LibFFI')}
  0x0000013e59911934: 0100 0048 | bec0 6123 | 063e 0100 | 008b 9e90 | 0000 0083 | c302 899e | 9000 0000 | 81e3 fe07 
  0x0000013e59911954: 0000 85db | 0f84 bb06 

  0x0000013e5991195c: ;   {metadata(method data for {method} {0x0000013e04be5328} 'ffi_call' '(Lorg/lwjgl/system/libffi/FFICIF;JLjava/nio/ByteBuffer;Lorg/lwjgl/PointerBuffer;)V' in 'org/lwjgl/system/libffi/LibFFI')}
  0x0000013e5991195c: 0000 48be | c061 2306 | 3e01 0000 | ff86 e800 

  0x0000013e5991196c: ;   {metadata(method data for {method} {0x0000013e04be5328} 'ffi_call' '(Lorg/lwjgl/system/libffi/FFICIF;JLjava/nio/ByteBuffer;Lorg/lwjgl/PointerBuffer;)V' in 'org/lwjgl/system/libffi/LibFFI')}
  0x0000013e5991196c: 0000 48be | c061 2306 | 3e01 0000 | 4883 86f8 | 0000 0001 

  0x0000013e59911980: ;   {metadata(method data for {method} {0x0000013e049796a8} 'check' '(J)J' in 'org/lwjgl/system/Checks')}
  0x0000013e59911980: 48be 80ce | fa0e 0000 | 0000 8b9e | 9000 0000 | 83c3 0289 | 9e90 0000 | 0081 e3fe | ff1f 0085 
  0x0000013e599119a0: db0f 8493 | 0600 00be | 0000 0000 | 498b d848 

  0x0000013e599119b0: ;   {metadata(method data for {method} {0x0000013e049796a8} 'check' '(J)J' in 'org/lwjgl/system/Checks')}
  0x0000013e599119b0: 3bde 48be | 80ce fa0e | 0000 0000 | bbe8 0000 | 0074 05bb | d800 0000 | 488b 041e | 488d 4001 
  0x0000013e599119d0: 4889 041e | 0f84 9d05 | 0000 483b | 0248 8bf2 

  0x0000013e599119e0: ;   {metadata(method data for {method} {0x0000013e04be5328} 'ffi_call' '(Lorg/lwjgl/system/libffi/FFICIF;JLjava/nio/ByteBuffer;Lorg/lwjgl/PointerBuffer;)V' in 'org/lwjgl/system/libffi/LibFFI')}
  0x0000013e599119e0: 48bb c061 | 2306 3e01 | 0000 8b76 | 0841 ba00 | 0000 0d49 | 03f2 483b | b310 0100 | 0075 0d48 
  0x0000013e59911a00: 8383 1801 | 0000 01e9 | 6000 0000 | 483b b320 | 0100 0075 | 0d48 8383 | 2801 0000 | 01e9 4a00 
  0x0000013e59911a20: 0000 4883 | bb10 0100 | 0000 7517 | 4889 b310 | 0100 0048 | c783 1801 | 0000 0100 | 0000 e929 
  0x0000013e59911a40: 0000 0048 | 83bb 2001 | 0000 0075 | 1748 89b3 | 2001 0000 | 48c7 8328 | 0100 0001 | 0000 00e9 
  0x0000013e59911a60: 0800 0000 | 4883 8308 | 0100 0001 | 488b 7210 

  0x0000013e59911a70: ;   {metadata(method data for {method} {0x0000013e04be5328} 'ffi_call' '(Lorg/lwjgl/system/libffi/FFICIF;JLjava/nio/ByteBuffer;Lorg/lwjgl/PointerBuffer;)V' in 'org/lwjgl/system/libffi/LibFFI')}
  0x0000013e59911a70: 48bb c061 | 2306 3e01 | 0000 4883 | 8338 0100 

  0x0000013e59911a80: ;   {metadata(method data for {method} {0x0000013e049a70c8} 'memAddressSafe' '(Ljava/nio/ByteBuffer;)J' in 'org/lwjgl/system/MemoryUtil')}
  0x0000013e59911a80: 0001 48bb | 00bc 9005 | 3e01 0000 | 8b83 9000 | 0000 83c0 | 0289 8390 | 0000 0025 | feff 1f00 
  0x0000013e59911aa0: 85c0 0f84 | b805 0000 

  0x0000013e59911aa8: ;   {metadata(method data for {method} {0x0000013e049a70c8} 'memAddressSafe' '(Ljava/nio/ByteBuffer;)J' in 'org/lwjgl/system/MemoryUtil')}
  0x0000013e59911aa8: 4d85 c948 | bb00 bc90 | 053e 0100 | 00b8 d800 | 0000 7505 | b8e8 0000 | 0048 8b14 | 0348 8d52 
  0x0000013e59911ac8: 0148 8914 | 030f 8522 

  0x0000013e59911ad0: ;   {metadata(method data for {method} {0x0000013e049a70c8} 'memAddressSafe' '(Ljava/nio/ByteBuffer;)J' in 'org/lwjgl/system/MemoryUtil')}
  0x0000013e59911ad0: 0000 0048 | bb00 bc90 | 053e 0100 | 00ff 83f8 | 0000 00bb | 0000 0000 | 4889 b424 | 1001 0000 
  0x0000013e59911af0: e9f7 0200 

  0x0000013e59911af4: ;   {metadata(method data for {method} {0x0000013e049a70c8} 'memAddressSafe' '(Ljava/nio/ByteBuffer;)J' in 'org/lwjgl/system/MemoryUtil')}
  0x0000013e59911af4: 0048 bb00 | bc90 053e | 0100 0048 | 8383 1001 

  0x0000013e59911b04: ;   {metadata(method data for {method} {0x0000013e049a5e68} 'memAddress0' '(Ljava/nio/ByteBuffer;)J' in 'org/lwjgl/system/MemoryUtil')}
  0x0000013e59911b04: 0000 0148 | bb10 fccc | 043e 0100 | 008b 8390 | 0000 0083 | c002 8983 | 9000 0000 | 25fe ff1f 
  0x0000013e59911b24: 0085 c00f | 8454 0500 

  0x0000013e59911b2c: ;   {metadata(method data for {method} {0x0000013e049a5e68} 'memAddress0' '(Ljava/nio/ByteBuffer;)J' in 'org/lwjgl/system/MemoryUtil')}
  0x0000013e59911b2c: 0048 bb10 | fccc 043e | 0100 0048 | 8d9b 0801 | 0000 4d85 | c975 0ef6 | 4308 0175 | 2df0 4883 
  0x0000013e59911b4c: 4b08 01eb | 2541 8b41 | 0841 ba00 | 0000 0d49 | 03c2 4c8b | d048 3343 | 0848 a9fc | ffff ff74 
  0x0000013e59911b6c: 09a8 0275 | 0548 834b 

  0x0000013e59911b74: ;   {oop(a 'sun/misc/Unsafe'{0x0000000605dc4e28})}
  0x0000013e59911b74: 0802 48bb | 284e dc05 | 0600 0000 

  0x0000013e59911b80: ;   {metadata(method data for {method} {0x0000013e049a5e68} 'memAddress0' '(Ljava/nio/ByteBuffer;)J' in 'org/lwjgl/system/MemoryUtil')}
  0x0000013e59911b80: 48b8 10fc | cc04 3e01 | 0000 8b5b | 0841 ba00 | 0000 0d49 | 03da 483b | 98e0 0000 | 0075 0d48 
  0x0000013e59911ba0: 8380 e800 | 0000 01e9 | 6000 0000 | 483b 98f0 | 0000 0075 | 0d48 8380 | f800 0000 | 01e9 4a00 
  0x0000013e59911bc0: 0000 4883 | b8e0 0000 | 0000 7517 | 4889 98e0 | 0000 0048 | c780 e800 | 0000 0100 | 0000 e929 
  0x0000013e59911be0: 0000 0048 | 83b8 f000 | 0000 0075 | 1748 8998 | f000 0000 | 48c7 80f8 | 0000 0001 | 0000 00e9 
  0x0000013e59911c00: 0800 0000 | 4883 80d8 | 0000 0001 

  0x0000013e59911c0c: ;   {metadata(method data for {method} {0x0000013e75ba48d0} 'getLong' '(Ljava/lang/Object;J)J' in 'sun/misc/Unsafe')}
  0x0000013e59911c0c: 48bb e8db | 9d04 3e01 | 0000 8b83 | 9000 0000 | 83c0 0289 | 8390 0000 | 0025 feff | 1f00 85c0 
  0x0000013e59911c2c: 0f84 7004 

  0x0000013e59911c30: ;   {metadata(method data for {method} {0x0000013e75ba48d0} 'getLong' '(Ljava/lang/Object;J)J' in 'sun/misc/Unsafe')}
  0x0000013e59911c30: 0000 48bb | e8db 9d04 | 3e01 0000 | 4883 83d8 | 0000 0001 

  0x0000013e59911c44: ;   {metadata(method data for {method} {0x0000013e75ba91c0} 'beforeMemoryAccess' '()V' in 'sun/misc/Unsafe')}
  0x0000013e59911c44: 48bb 50aa | 9d04 3e01 | 0000 8b83 | 9000 0000 | 83c0 0289 | 8390 0000 | 0025 feff | 1f00 85c0 
  0x0000013e59911c64: 0f84 5904 

  0x0000013e59911c68: ;   {metadata(method data for {method} {0x0000013e75ba91c0} 'beforeMemoryAccess' '()V' in 'sun/misc/Unsafe')}
  0x0000013e59911c68: 0000 48bb | 50aa 9d04 | 3e01 0000 | ff83 d800 

  0x0000013e59911c78: ;   {metadata(method data for {method} {0x0000013e75ba91c0} 'beforeMemoryAccess' '()V' in 'sun/misc/Unsafe')}
  0x0000013e59911c78: 0000 48bb | 50aa 9d04 | 3e01 0000 | ff83 0801 

  0x0000013e59911c88: ;   {metadata(method data for {method} {0x0000013e75ba91c0} 'beforeMemoryAccess' '()V' in 'sun/misc/Unsafe')}
  0x0000013e59911c88: 0000 48bb | 50aa 9d04 | 3e01 0000 | 4883 8318 | 0100 0001 

  0x0000013e59911c9c: ;   {metadata(method data for {method} {0x0000013e75ba9058} 'isMemoryAccessWarned' '()Z' in 'sun/misc/Unsafe')}
  0x0000013e59911c9c: 48bb e0ab | 9d04 3e01 | 0000 8b83 | 9000 0000 | 83c0 0289 | 8390 0000 | 0025 feff | 1f00 85c0 
  0x0000013e59911cbc: 0f84 2204 | 0000 bbe0 

  0x0000013e59911cc4: ;   {oop(a 'java/lang/Class'{0x0000000605dc2520} = 'sun/misc/Unsafe')}
  0x0000013e59911cc4: 0000 0048 | b820 25dc | 0506 0000 | 000f be1c | 1885 db0f | 8405 0000 | 00bb 0100 | 0000 83e3 
  0x0000013e59911ce4: ;   {metadata(method data for {method} {0x0000013e75ba91c0} 'beforeMemoryAccess' '()V' in 'sun/misc/Unsafe')}
  0x0000013e59911ce4: 0185 db48 | bb50 aa9d | 043e 0100 | 00b8 3801 | 0000 7505 | b828 0100 | 0048 8b14 | 0348 8d52 
  0x0000013e59911d04: 0148 8914 | 0348 89b4 | 2410 0100 | 000f 852d 

  0x0000013e59911d14: ;   {metadata(method data for {method} {0x0000013e75ba91c0} 'beforeMemoryAccess' '()V' in 'sun/misc/Unsafe')}
  0x0000013e59911d14: 0000 0048 | bb50 aa9d | 043e 0100 | 0048 8383 | 4801 0000 | 0166 0f1f 

  0x0000013e59911d2c: ;   {static_call}
  0x0000013e59911d2c: 4400 00e8 

  0x0000013e59911d30: ; ImmutableOopMap {[256]=Oop [264]=Oop }
                      ;*invokestatic beforeMemoryAccessSlow {reexecute=0 rethrow=0 return_oop=0}
                      ; - sun.misc.Unsafe::beforeMemoryAccess@26 (line 1787)
                      ; - sun.misc.Unsafe::getLong@0 (line 356)
                      ; - org.lwjgl.system.MemoryUtil::memAddress0@7 (line 774)
                      ; - org.lwjgl.system.MemoryUtil::memAddressSafe@9 (line 890)
                      ; - org.lwjgl.system.libffi.LibFFI::ffi_call@17 (line 555)
  0x0000013e59911d30: acd6 ce05 

  0x0000013e59911d34: ;   {post_call_nop}
  0x0000013e59911d34: 0f1f 8400 | 2c05 0000 | 4c8b 8c24 | 0001 0000 | ba10 0000 | 0049 8b34 | 1149 3b01 

  0x0000013e59911d50: ;   {metadata(method data for {method} {0x0000013e049a70c8} 'memAddressSafe' '(Ljava/nio/ByteBuffer;)J' in 'org/lwjgl/system/MemoryUtil')}
  0x0000013e59911d50: 498b d148 | bf00 bc90 | 053e 0100 | 008b 5208 | 41ba 0000 | 000d 4903 | d248 3b97 | 2801 0000 
  0x0000013e59911d70: 750d 4883 | 8730 0100 | 0001 e960 | 0000 0048 | 3b97 3801 | 0000 750d | 4883 8740 | 0100 0001 
  0x0000013e59911d90: e94a 0000 | 0048 83bf | 2801 0000 | 0075 1748 | 8997 2801 | 0000 48c7 | 8730 0100 | 0001 0000 
  0x0000013e59911db0: 00e9 2900 | 0000 4883 | bf38 0100 | 0000 7517 | 4889 9738 | 0100 0048 | c787 4001 | 0000 0100 
  0x0000013e59911dd0: 0000 e908 | 0000 0048 | 8387 2001 | 0000 0141 | 8b51 1848 | 63d2 4803 | d648 8bda | 488b bc24 
  0x0000013e59911df0: 0801 0000 

  0x0000013e59911df4: ;   {metadata(method data for {method} {0x0000013e04be5328} 'ffi_call' '(Lorg/lwjgl/system/libffi/FFICIF;JLjava/nio/ByteBuffer;Lorg/lwjgl/PointerBuffer;)V' in 'org/lwjgl/system/libffi/LibFFI')}
  0x0000013e59911df4: 48ba c061 | 2306 3e01 | 0000 4883 | 8248 0100 

  0x0000013e59911e04: ;   {metadata(method data for {method} {0x0000013e049a76e8} 'memAddressSafe' '(Lorg/lwjgl/system/Pointer;)J' in 'org/lwjgl/system/MemoryUtil')}
  0x0000013e59911e04: 0001 48ba | c805 0806 | 3e01 0000 | 8bb2 9000 | 0000 83c6 | 0289 b290 | 0000 0081 | e6fe ff1f 
  0x0000013e59911e24: 0085 f60f | 84dd 0200 | 0048 85ff 

  0x0000013e59911e30: ;   {metadata(method data for {method} {0x0000013e049a76e8} 'memAddressSafe' '(Lorg/lwjgl/system/Pointer;)J' in 'org/lwjgl/system/MemoryUtil')}
  0x0000013e59911e30: 48ba c805 | 0806 3e01 | 0000 bed8 | 0000 0075 | 05be e800 | 0000 488b | 0432 488d | 4001 4889 
  0x0000013e59911e50: 0432 0f85 | 2200 0000 

  0x0000013e59911e58: ;   {metadata(method data for {method} {0x0000013e049a76e8} 'memAddressSafe' '(Lorg/lwjgl/system/Pointer;)J' in 'org/lwjgl/system/MemoryUtil')}
  0x0000013e59911e58: 48ba c805 | 0806 3e01 | 0000 ff82 | f800 0000 | be00 0000 | 0048 899c | 2420 0100 | 00e9 ad00 
  0x0000013e59911e78: 0000 4889 | 9c24 2001 | 0000 483b | 0748 8bd7 

  0x0000013e59911e88: ;   {metadata(method data for {method} {0x0000013e049a76e8} 'memAddressSafe' '(Lorg/lwjgl/system/Pointer;)J' in 'org/lwjgl/system/MemoryUtil')}
  0x0000013e59911e88: 48be c805 | 0806 3e01 | 0000 8b52 | 0841 ba00 | 0000 0d49 | 03d2 483b | 9618 0100 | 0075 0d48 
  0x0000013e59911ea8: 8386 2001 | 0000 01e9 | 6000 0000 | 483b 9628 | 0100 0075 | 0d48 8386 | 3001 0000 | 01e9 4a00 
  0x0000013e59911ec8: 0000 4883 | be18 0100 | 0000 7517 | 4889 9618 | 0100 0048 | c786 2001 | 0000 0100 | 0000 e929 
  0x0000013e59911ee8: 0000 0048 | 83be 2801 | 0000 0075 | 1748 8996 | 2801 0000 | 48c7 8630 | 0100 0001 | 0000 00e9 
  0x0000013e59911f08: 0800 0000 | 4883 8610 | 0100 0001 

  0x0000013e59911f14: ;   {optimized virtual_call}
  0x0000013e59911f14: 488b d7e8 

  0x0000013e59911f18: ; ImmutableOopMap {}
                      ;*invokeinterface address {reexecute=0 rethrow=0 return_oop=0}
                      ; - org.lwjgl.system.MemoryUtil::memAddressSafe@9 (line 911)
                      ; - org.lwjgl.system.libffi.LibFFI::ffi_call@22 (line 555)
  0x0000013e59911f18: 84c9 86ff 

  0x0000013e59911f1c: ;   {post_call_nop}
  0x0000013e59911f1c: 0f1f 8400 | 1407 0001 | 488b f048 | 8b9c 2420 | 0100 0048 | 8b94 2410 

  0x0000013e59911f34: ;   {metadata(method data for {method} {0x0000013e04be5328} 'ffi_call' '(Lorg/lwjgl/system/libffi/FFICIF;JLjava/nio/ByteBuffer;Lorg/lwjgl/PointerBuffer;)V' in 'org/lwjgl/system/libffi/LibFFI')}
  0x0000013e59911f34: 0100 0049 | b8c0 6123 | 063e 0100 | 0049 8380 | 5801 0000 | 014c 8b84 | 2418 0100 | 004c 8bcb 
  0x0000013e59911f54: ;   {static_call}
  0x0000013e59911f54: 488b fee8 

  0x0000013e59911f58: ; ImmutableOopMap {}
                      ;*invokestatic nffi_call {reexecute=0 rethrow=0 return_oop=0}
                      ; - org.lwjgl.system.libffi.LibFFI::ffi_call@25 (line 555)
  0x0000013e59911f58: 34d1 e106 

  0x0000013e59911f5c: ;   {post_call_nop}
  0x0000013e59911f5c: 0f1f 8400 | 5407 0002 | 4881 c440 | 0100 005d 

  0x0000013e59911f6c: ;   {poll_return}
  0x0000013e59911f6c: 493b 6728 | 0f87 ba01 | 0000 c348 | 8994 2430 | 0100 0090 

  0x0000013e59911f80: ;   {other}
  0x0000013e59911f80: e9d0 0100 | 0000 0000 | 0000 498b | 87c8 0100 | 0048 8d78 | 3049 3bbf | d801 0000 | 0f87 bd01 
  0x0000013e59911fa0: 0000 4989 | bfc8 0100 | 0048 c700 | 0100 0000 | 488b ca41 | ba00 0000 | 0d49 2bca | 8948 0848 
  0x0000013e59911fc0: 33c9 8948 | 0c48 33c9 | 4889 4810 | 4889 4818 | 4889 4820 | 4889 4828 

  0x0000013e59911fd8: ;   {metadata(method data for {method} {0x0000013e049796a8} 'check' '(J)J' in 'org/lwjgl/system/Checks')}
  0x0000013e59911fd8: 488b d048 | be80 cefa | 0e00 0000 | 0048 8386 | f800 0000 | 0148 8bd0 | 4889 8424 | 2801 0000 
  0x0000013e59911ff8: 0f1f 8000 

  0x0000013e59911ffc: ;   {optimized virtual_call}
  0x0000013e59911ffc: 0000 00e8 

  0x0000013e59912000: ; ImmutableOopMap {[256]=Oop [264]=Oop [296]=Oop [304]=Oop }
                      ;*invokespecial <init> {reexecute=0 rethrow=0 return_oop=0}
                      ; - org.lwjgl.system.Checks::check@10 (line 188)
                      ; - org.lwjgl.system.libffi.LibFFI::ffi_call@7 (line 553)
  0x0000013e59912000: dccd ce05 

  0x0000013e59912004: ;   {post_call_nop}
  0x0000013e59912004: 0f1f 8400 | fc07 0003 | 488b 8424 | 2801 0000 | e970 0100 

  0x0000013e59912018: ;   {metadata({method} {0x0000013e04be5328} 'ffi_call' '(Lorg/lwjgl/system/libffi/FFICIF;JLjava/nio/ByteBuffer;Lorg/lwjgl/PointerBuffer;)V' in 'org/lwjgl/system/libffi/LibFFI')}
  0x0000013e59912018: 0049 ba20 | 53be 043e | 0100 004c | 8954 2408 | 48c7 0424 | ffff ffff 

  0x0000013e59912030: ;   {runtime_call C1 Runtime counter_overflow_blob}
  0x0000013e59912030: e8ab c2db 

  0x0000013e59912034: ; ImmutableOopMap {rdx=Oop r9=Oop rdi=Oop [256]=Oop [264]=Oop }
                      ;*synchronization entry
                      ; - org.lwjgl.system.libffi.LibFFI::ffi_call@-1 (line 552)
  0x0000013e59912034: 05e9 24f9 

  0x0000013e59912038: ;   {metadata({method} {0x0000013e049796a8} 'check' '(J)J' in 'org/lwjgl/system/Checks')}
  0x0000013e59912038: ffff 49ba | a096 9704 | 3e01 0000 | 4c89 5424 | 0848 c704 | 24ff ffff 

  0x0000013e59912050: ;   {runtime_call C1 Runtime counter_overflow_blob}
  0x0000013e59912050: ffe8 8ac2 

  0x0000013e59912054: ; ImmutableOopMap {rdx=Oop r9=Oop rdi=Oop [256]=Oop [264]=Oop }
                      ;*synchronization entry
                      ; - org.lwjgl.system.Checks::check@-1 (line 187)
                      ; - org.lwjgl.system.libffi.LibFFI::ffi_call@7 (line 553)
  0x0000013e59912054: db05 e94c 

  0x0000013e59912058: ;   {runtime_call C1 Runtime throw_null_pointer_exception_blob}
  0x0000013e59912058: f9ff ffe8 

  0x0000013e5991205c: ; ImmutableOopMap {rdx=Oop r9=Oop rdi=Oop [256]=Oop [264]=Oop }
                      ;*invokevirtual address {reexecute=0 rethrow=0 return_oop=0}
                      ; - org.lwjgl.system.libffi.LibFFI::ffi_call@12 (line 555)
  0x0000013e5991205c: 8062 db05 

  0x0000013e59912060: ;   {metadata({method} {0x0000013e049a70c8} 'memAddressSafe' '(Ljava/nio/ByteBuffer;)J' in 'org/lwjgl/system/MemoryUtil')}
  0x0000013e59912060: 49ba c070 | 9a04 3e01 | 0000 4c89 | 5424 0848 | c704 24ff 

  0x0000013e59912074: ;   {runtime_call C1 Runtime counter_overflow_blob}
  0x0000013e59912074: ffff ffe8 

  0x0000013e59912078: ; ImmutableOopMap {r9=Oop rdi=Oop [256]=Oop [264]=Oop }
                      ;*synchronization entry
                      ; - org.lwjgl.system.MemoryUtil::memAddressSafe@-1 (line 890)
                      ; - org.lwjgl.system.libffi.LibFFI::ffi_call@17 (line 555)
  0x0000013e59912078: 64c2 db05 | e927 faff 

  0x0000013e59912080: ;   {metadata({method} {0x0000013e049a5e68} 'memAddress0' '(Ljava/nio/ByteBuffer;)J' in 'org/lwjgl/system/MemoryUtil')}
  0x0000013e59912080: ff49 ba60 | 5e9a 043e | 0100 004c | 8954 2408 | 48c7 0424 | ffff ffff 

  0x0000013e59912098: ;   {runtime_call C1 Runtime counter_overflow_blob}
  0x0000013e59912098: e843 c2db 

  0x0000013e5991209c: ; ImmutableOopMap {rdi=Oop r9=Oop [256]=Oop [264]=Oop }
                      ;*synchronization entry
                      ; - org.lwjgl.system.MemoryUtil::memAddress0@-1 (line 774)
                      ; - org.lwjgl.system.MemoryUtil::memAddressSafe@9 (line 890)
                      ; - org.lwjgl.system.libffi.LibFFI::ffi_call@17 (line 555)
  0x0000013e5991209c: 05e9 8bfa 

  0x0000013e599120a0: ;   {metadata({method} {0x0000013e75ba48d0} 'getLong' '(Ljava/lang/Object;J)J' in 'sun/misc/Unsafe')}
  0x0000013e599120a0: ffff 49ba | c848 ba75 | 3e01 0000 | 4c89 5424 | 0848 c704 | 24ff ffff 

  0x0000013e599120b8: ;   {runtime_call C1 Runtime counter_overflow_blob}
  0x0000013e599120b8: ffe8 22c2 

  0x0000013e599120bc: ; ImmutableOopMap {rdi=Oop r9=Oop [256]=Oop [264]=Oop }
                      ;*synchronization entry
                      ; - sun.misc.Unsafe::getLong@-1 (line 356)
                      ; - org.lwjgl.system.MemoryUtil::memAddress0@7 (line 774)
                      ; - org.lwjgl.system.MemoryUtil::memAddressSafe@9 (line 890)
                      ; - org.lwjgl.system.libffi.LibFFI::ffi_call@17 (line 555)
  0x0000013e599120bc: db05 e96f 

  0x0000013e599120c0: ;   {metadata({method} {0x0000013e75ba91c0} 'beforeMemoryAccess' '()V' in 'sun/misc/Unsafe')}
  0x0000013e599120c0: fbff ff49 | bab8 91ba | 753e 0100 | 004c 8954 | 2408 48c7 | 0424 ffff 

  0x0000013e599120d8: ;   {runtime_call C1 Runtime counter_overflow_blob}
  0x0000013e599120d8: ffff e801 

  0x0000013e599120dc: ; ImmutableOopMap {rdi=Oop r9=Oop [256]=Oop [264]=Oop }
                      ;*synchronization entry
                      ; - sun.misc.Unsafe::beforeMemoryAccess@-1 (line 1777)
                      ; - sun.misc.Unsafe::getLong@0 (line 356)
                      ; - org.lwjgl.system.MemoryUtil::memAddress0@7 (line 774)
                      ; - org.lwjgl.system.MemoryUtil::memAddressSafe@9 (line 890)
                      ; - org.lwjgl.system.libffi.LibFFI::ffi_call@17 (line 555)
  0x0000013e599120dc: c2db 05e9 | 86fb ffff 

  0x0000013e599120e4: ;   {metadata({method} {0x0000013e75ba9058} 'isMemoryAccessWarned' '()Z' in 'sun/misc/Unsafe')}
  0x0000013e599120e4: 49ba 5090 | ba75 3e01 | 0000 4c89 | 5424 0848 | c704 24ff 

  0x0000013e599120f8: ;   {runtime_call C1 Runtime counter_overflow_blob}
  0x0000013e599120f8: ffff ffe8 

  0x0000013e599120fc: ; ImmutableOopMap {rdi=Oop r9=Oop [256]=Oop [264]=Oop }
                      ;*synchronization entry
                      ; - sun.misc.Unsafe::isMemoryAccessWarned@-1 (line 1763)
                      ; - sun.misc.Unsafe::beforeMemoryAccess@19 (line 1781)
                      ; - sun.misc.Unsafe::getLong@0 (line 356)
                      ; - org.lwjgl.system.MemoryUtil::memAddress0@7 (line 774)
                      ; - org.lwjgl.system.MemoryUtil::memAddressSafe@9 (line 890)
                      ; - org.lwjgl.system.libffi.LibFFI::ffi_call@17 (line 555)
  0x0000013e599120fc: e0c1 db05 | e9bd fbff 

  0x0000013e59912104: ;   {runtime_call C1 Runtime throw_null_pointer_exception_blob}
  0x0000013e59912104: ffe8 d661 

  0x0000013e59912108: ; ImmutableOopMap {r9=Oop [256]=Oop [264]=Oop }
                      ;*invokevirtual position {reexecute=0 rethrow=0 return_oop=0}
                      ; - org.lwjgl.system.MemoryUtil::memAddressSafe@13 (line 890)
                      ; - org.lwjgl.system.libffi.LibFFI::ffi_call@17 (line 555)
                      ;   {metadata({method} {0x0000013e049a76e8} 'memAddressSafe' '(Lorg/lwjgl/system/Pointer;)J' in 'org/lwjgl/system/MemoryUtil')}
  0x0000013e59912108: db05 49ba | e076 9a04 | 3e01 0000 | 4c89 5424 | 0848 c704 | 24ff ffff 

  0x0000013e59912120: ;   {runtime_call C1 Runtime counter_overflow_blob}
  0x0000013e59912120: ffe8 bac1 

  0x0000013e59912124: ; ImmutableOopMap {rdi=Oop [264]=Oop }
                      ;*synchronization entry
                      ; - org.lwjgl.system.MemoryUtil::memAddressSafe@-1 (line 911)
                      ; - org.lwjgl.system.libffi.LibFFI::ffi_call@22 (line 555)
  0x0000013e59912124: db05 e902 

  0x0000013e59912128: ;   {runtime_call C1 Runtime throw_null_pointer_exception_blob}
  0x0000013e59912128: fdff ffe8 

  0x0000013e5991212c: ; ImmutableOopMap {rdi=Oop [264]=Oop }
                      ;*invokeinterface address {reexecute=0 rethrow=0 return_oop=0}
                      ; - org.lwjgl.system.MemoryUtil::memAddressSafe@9 (line 911)
                      ; - org.lwjgl.system.libffi.LibFFI::ffi_call@22 (line 555)
  0x0000013e5991212c: b061 db05 

  0x0000013e59912130: ;   {internal_word}
  0x0000013e59912130: 49ba 6c1f | 9159 3e01 | 0000 4d89 | 97e0 0400 

  0x0000013e59912140: ;   {runtime_call SafepointBlob}
  0x0000013e59912140: 00e9 1aee 

  0x0000013e59912144: ;   {metadata(nullptr)}
  0x0000013e59912144: ce05 48ba | 0000 0000 | 0000 0000 | b800 0f05 

  0x0000013e59912154: ;   {runtime_call C1 Runtime load_klass_patching_blob}
  0x0000013e59912154: 0ae8 06b1 

  0x0000013e59912158: ; ImmutableOopMap {[256]=Oop [264]=Oop [304]=Oop }
                      ;*new {reexecute=1 rethrow=0 return_oop=0}
                      ; - (reexecute) org.lwjgl.system.Checks::check@6 (line 188)
                      ; - org.lwjgl.system.libffi.LibFFI::ffi_call@7 (line 553)
  0x0000013e59912158: db05 e921 | feff ff48 

  0x0000013e59912160: ;   {runtime_call C1 Runtime fast_new_instance_blob}
  0x0000013e59912160: 8bd2 e879 

  0x0000013e59912164: ; ImmutableOopMap {[256]=Oop [264]=Oop [304]=Oop }
                      ;*new {reexecute=0 rethrow=0 return_oop=0}
                      ; - org.lwjgl.system.Checks::check@6 (line 188)
                      ; - org.lwjgl.system.libffi.LibFFI::ffi_call@7 (line 553)
  0x0000013e59912164: 6adb 05e9 | 6cfe ffff | 498b 8788 | 0500 0049 | c787 8805 | 0000 0000 | 0000 49c7 | 8790 0500 
  0x0000013e59912184: 0000 0000 | 0048 81c4 | 4001 0000 

  0x0000013e59912190: ;   {runtime_call C1 Runtime unwind_exception_blob}
  0x0000013e59912190: 5de9 4a52 | db05 f4f4 
[Stub Code]
  0x0000013e59912198: ;   {other}
  0x0000013e59912198: 0f1f 4400 

  0x0000013e5991219c: ;   {static_stub}
  0x0000013e5991219c: 0048 bb00 | 0000 0000 

  0x0000013e599121a4: ;   {runtime_call nmethod}
  0x0000013e599121a4: 0000 00e9 | fbff ffff 

  0x0000013e599121ac: ;   {static_stub}
  0x0000013e599121ac: 48bb 0000 | 0000 0000 

  0x0000013e599121b4: ;   {runtime_call nmethod}
  0x0000013e599121b4: 0000 e9fb 

  0x0000013e599121b8: ;   {static_stub}
  0x0000013e599121b8: ffff ff48 | bb00 0000 | 0000 0000 

  0x0000013e599121c4: ;   {runtime_call nmethod}
  0x0000013e599121c4: 00e9 fbff 

  0x0000013e599121c8: ;   {static_stub}
  0x0000013e599121c8: ffff 48bb | 0000 0000 | 0000 0000 

  0x0000013e599121d4: ;   {runtime_call nmethod}
  0x0000013e599121d4: e9fb ffff 

  0x0000013e599121d8: ;   {runtime_call C1 Runtime handle_exception_from_callee_blob}
  0x0000013e599121d8: ffe8 8282 

  0x0000013e599121dc: ;   {external_word}
  0x0000013e599121dc: db05 48b9 | 7000 7d50 | fb7f 0000 | 4883 e4f0 

  0x0000013e599121ec: ;   {runtime_call}
  0x0000013e599121ec: 48b8 7090 | 3750 fb7f | 0000 ffd0 

  0x0000013e599121f8: ;   {section_word}
  0x0000013e599121f8: f449 baf9 | 2191 593e | 0100 0041 

  0x0000013e59912204: ;   {runtime_call DeoptimizationBlob}
  0x0000013e59912204: 52e9 56f0 | ce05 f4f4 | f4f4 f4f4 
[/MachCode]


Compiled method (c1) 16046 18983   !   3       org.vivecraft.client.utils.JNIUtils::callI (93 bytes)
 total in heap  [0x0000013e59910a08,0x0000013e599117f0] = 3560
 main code      [0x0000013e59910b00,0x0000013e59911700] = 3072
 stub code      [0x0000013e59911700,0x0000013e599117e0] = 224
 oops           [0x0000013e599117e0,0x0000013e599117f0] = 16
 mutable data [0x0000013ef61a64e0,0x0000013ef61a6660] = 384
 relocation     [0x0000013ef61a64e0,0x0000013ef61a6608] = 296
 metadata       [0x0000013ef61a6608,0x0000013ef61a6660] = 88
 immutable data [0x0000013ef653d580,0x0000013ef653da60] = 1248
 dependencies   [0x0000013ef653d580,0x0000013ef653d5a8] = 40
 nul chk table  [0x0000013ef653d5a8,0x0000013ef653d5d8] = 48
 handler table  [0x0000013ef653d5d8,0x0000013ef653d6e0] = 264
 scopes pcs     [0x0000013ef653d6e0,0x0000013ef653d880] = 416
 scopes data    [0x0000013ef653d880,0x0000013ef653da60] = 480

[Constant Pool (empty)]

[MachCode]
[Verified Entry Point]
  # {method} {0x0000013e05f3d2f0} 'callI' '(Ljava/lang/String;J[Ljava/lang/Object;)I' in 'org/vivecraft/client/utils/JNIUtils'
  # parm0:    rdx:rdx   = 'java/lang/String'
  # parm1:    r8:r8     = long
  # parm2:    r9:r9     = '[Ljava/lang/Object;'
  #           [sp+0xd0]  (sp of caller)
  0x0000013e59910b00: 8984 2400 | 80ff ff55 | 4881 ecc0 | 0000 0090 | 4181 7f20 | 0900 0000 

  0x0000013e59910b18: ;   {runtime_call Stub::method_entry_barrier}
  0x0000013e59910b18: 7405 e821 | 37cd 054c | 8944 2478 | 4c89 4c24 

  0x0000013e59910b28: ;   {metadata(method data for {method} {0x0000013e05f3d2f0} 'callI' '(Ljava/lang/String;J[Ljava/lang/Object;)I' in 'org/vivecraft/client/utils/JNIUtils')}
  0x0000013e59910b28: 7048 be80 | 5a23 063e | 0100 008b | be90 0000 | 0083 c702 | 89be 9000 | 0000 81e7 | fe07 0000 
  0x0000013e59910b48: 85ff 0f84 | 610a 0000 | 4889 5424 

  0x0000013e59910b54: ;   {metadata(method data for {method} {0x0000013e05f3d2f0} 'callI' '(Ljava/lang/String;J[Ljava/lang/Object;)I' in 'org/vivecraft/client/utils/JNIUtils')}
  0x0000013e59910b54: 6848 be80 | 5a23 063e | 0100 0048 | 8386 d800 

  0x0000013e59910b64: ;   {metadata(method data for {method} {0x0000013e049984a8} 'stackPush' '()Lorg/lwjgl/system/MemoryStack;' in 'org/lwjgl/system/MemoryStack')}
  0x0000013e59910b64: 0000 0148 | bec0 70cd | 043e 0100 | 008b be90 | 0000 0083 | c702 89be | 9000 0000 | 81e7 feff 
  0x0000013e59910b84: 1f00 85ff | 0f84 440a 

  0x0000013e59910b8c: ;   {metadata(method data for {method} {0x0000013e049984a8} 'stackPush' '()Lorg/lwjgl/system/MemoryStack;' in 'org/lwjgl/system/MemoryStack')}
  0x0000013e59910b8c: 0000 48be | c070 cd04 | 3e01 0000 | 4883 86d8 | 0000 0001 

  0x0000013e59910ba0: ;   {metadata(method data for {method} {0x0000013e04998408} 'stackGet' '()Lorg/lwjgl/system/MemoryStack;' in 'org/lwjgl/system/MemoryStack')}
  0x0000013e59910ba0: 48be 506f | cd04 3e01 | 0000 8bbe | 9000 0000 | 83c7 0289 | be90 0000 | 0081 e7fe | ff1f 0085 
  0x0000013e59910bc0: ff0f 842c 

  0x0000013e59910bc4: ;   {oop(a 'java/lang/ThreadLocal$SuppliedThreadLocal'{0x000000060e15e490})}
  0x0000013e59910bc4: 0a00 0048 | be90 e415 | 0e06 0000 | 0048 8bfe 

  0x0000013e59910bd4: ;   {metadata(method data for {method} {0x0000013e04998408} 'stackGet' '()Lorg/lwjgl/system/MemoryStack;' in 'org/lwjgl/system/MemoryStack')}
  0x0000013e59910bd4: 48bb 506f | cd04 3e01 | 0000 8b7f | 0841 ba00 | 0000 0d49 | 03fa 483b | bbe0 0000 | 0075 0d48 
  0x0000013e59910bf4: 8383 e800 | 0000 01e9 | 6000 0000 | 483b bbf0 | 0000 0075 | 0d48 8383 | f800 0000 | 01e9 4a00 
  0x0000013e59910c14: 0000 4883 | bbe0 0000 | 0000 7517 | 4889 bbe0 | 0000 0048 | c783 e800 | 0000 0100 | 0000 e929 
  0x0000013e59910c34: 0000 0048 | 83bb f000 | 0000 0075 | 1748 89bb | f000 0000 | 48c7 83f8 | 0000 0001 | 0000 00e9 
  0x0000013e59910c54: 0800 0000 | 4883 83d8 | 0000 0001 

  0x0000013e59910c60: ;   {metadata(method data for {method} {0x000000000d25cca0} 'get' '()Ljava/lang/Object;' in 'java/lang/ThreadLocal')}
  0x0000013e59910c60: 48bf 20d3 | 3275 3e01 | 0000 8b9f | 9000 0000 | 83c3 0289 | 9f90 0000 | 0081 e3fe | ff1f 0085 
  0x0000013e59910c80: db0f 848d 

  0x0000013e59910c84: ;   {metadata(method data for {method} {0x000000000d25cca0} 'get' '()Ljava/lang/Object;' in 'java/lang/ThreadLocal')}
  0x0000013e59910c84: 0900 0048 | bf20 d332 | 753e 0100 | 0048 8387 | d800 0000 | 0148 8bfe 

  0x0000013e59910c9c: ;   {metadata(method data for {method} {0x000000000d25cca0} 'get' '()Ljava/lang/Object;' in 'java/lang/ThreadLocal')}
  0x0000013e59910c9c: 48bb 20d3 | 3275 3e01 | 0000 4883 | 83e8 0000 | 0001 498b | bf10 0400 | 0048 8b3f | 4c8b c748 
  0x0000013e59910cbc: ;   {optimized virtual_call}
  0x0000013e59910cbc: 8bd6 90e8 

  0x0000013e59910cc0: ; ImmutableOopMap {[104]=Oop [112]=Oop }
                      ;*invokevirtual get {reexecute=0 rethrow=0 return_oop=0}
                      ; - java.lang.ThreadLocal::get@4 (line 171)
                      ; - org.lwjgl.system.MemoryStack::stackGet@3 (line 899)
                      ; - org.lwjgl.system.MemoryStack::stackPush@0 (line 908)
                      ; - org.vivecraft.client.utils.JNIUtils::callI@0 (line 60)
  0x0000013e59910cc0: cc27 5406 

  0x0000013e59910cc4: ;   {post_call_nop}
  0x0000013e59910cc4: 0f1f 8400 | bc02 0000 

  0x0000013e59910ccc: ;   {metadata(method data for {method} {0x0000013e04998408} 'stackGet' '()Lorg/lwjgl/system/MemoryStack;' in 'org/lwjgl/system/MemoryStack')}
  0x0000013e59910ccc: 4885 c048 | bf50 6fcd | 043e 0100 | 0075 0c80 | 8f01 0100 | 0001 e9a7 | 0000 008b | 5808 41ba 
  0x0000013e59910cec: 0000 000d | 4903 da48 | 3b9f 1001 | 0000 750d | 4883 8718 | 0100 0001 | e960 0000 | 0048 3b9f 
  0x0000013e59910d0c: 2001 0000 | 750d 4883 | 8728 0100 | 0001 e94a | 0000 0048 | 83bf 1001 | 0000 0075 | 1748 899f 
  0x0000013e59910d2c: 1001 0000 | 48c7 8718 | 0100 0001 | 0000 00e9 | 2900 0000 | 4883 bf20 | 0100 0000 | 7517 4889 
  0x0000013e59910d4c: 9f20 0100 | 0048 c787 | 2801 0000 | 0100 0000 | e908 0000 | 0048 8387 | 0801 0000 

  0x0000013e59910d68: ;   {metadata('org/lwjgl/system/MemoryStack')}
  0x0000013e59910d68: 0148 bba0 | aef4 0e00 | 0000 008b | 7808 41ba | 0000 000d | 4903 fa48 | 3b5f 400f | 85ac 0800 
  0x0000013e59910d88: 00e9 0000 | 0000 488b | d048 3b02 

  0x0000013e59910d94: ;   {metadata(method data for {method} {0x0000013e049984a8} 'stackPush' '()Lorg/lwjgl/system/MemoryStack;' in 'org/lwjgl/system/MemoryStack')}
  0x0000013e59910d94: 488b f248 | bfc0 70cd | 043e 0100 | 008b 7608 | 41ba 0000 | 000d 4903 | f248 3bb7 | f000 0000 
  0x0000013e59910db4: 750d 4883 | 87f8 0000 | 0001 e960 | 0000 0048 | 3bb7 0001 | 0000 750d | 4883 8708 | 0100 0001 
  0x0000013e59910dd4: e94a 0000 | 0048 83bf | f000 0000 | 0075 1748 | 89b7 f000 | 0000 48c7 | 87f8 0000 | 0001 0000 
  0x0000013e59910df4: 00e9 2900 | 0000 4883 | bf00 0100 | 0000 7517 | 4889 b700 | 0100 0048 | c787 0801 | 0000 0100 
  0x0000013e59910e14: 0000 e908 | 0000 0048 | 8387 e800 | 0000 010f 

  0x0000013e59910e24: ;   {optimized virtual_call}
  0x0000013e59910e24: 1f40 00e8 

  0x0000013e59910e28: ; ImmutableOopMap {[104]=Oop [112]=Oop }
                      ;*invokevirtual push {reexecute=0 rethrow=0 return_oop=0}
                      ; - org.lwjgl.system.MemoryStack::stackPush@3 (line 908)
                      ; - org.vivecraft.client.utils.JNIUtils::callI@0 (line 60)
  0x0000013e59910e28: e482 8706 

  0x0000013e59910e2c: ;   {post_call_nop}
  0x0000013e59910e2c: 0f1f 8400 | 2404 0001 | 4889 8424 | 8000 0000 | 488b 5424 

  0x0000013e59910e40: ;   {metadata(method data for {method} {0x0000013e05f3d2f0} 'callI' '(Ljava/lang/String;J[Ljava/lang/Object;)I' in 'org/vivecraft/client/utils/JNIUtils')}
  0x0000013e59910e40: 6848 be80 | 5a23 063e | 0100 0048 | 8386 e800 | 0000 010f 

  0x0000013e59910e54: ;   {static_call}
  0x0000013e59910e54: 1f40 00e8 

  0x0000013e59910e58: ; ImmutableOopMap {[112]=Oop [128]=Oop }
                      ;*invokestatic get {reexecute=0 rethrow=0 return_oop=0}
                      ; - org.vivecraft.client.utils.JNIUtils::callI@6 (line 61)
  0x0000013e59910e58: a4d7 ffff 

  0x0000013e59910e5c: ;   {post_call_nop}
  0x0000013e59910e5c: 0f1f 8400 | 5404 0002 

  0x0000013e59910e64: ; implicit exception: dispatches to 0x0000013e59911643
  0x0000013e59910e64: 448b 4010 | 49c1 e003 

  0x0000013e59910e6c: ;   {metadata(method data for {method} {0x0000013e05f3d2f0} 'callI' '(Ljava/lang/String;J[Ljava/lang/Object;)I' in 'org/vivecraft/client/utils/JNIUtils')}
  0x0000013e59910e6c: 48ba 805a | 2306 3e01 | 0000 4883 | 82f8 0000 | 0001 488b | 9424 8000 | 0000 4c8b | 4c24 7048 
  0x0000013e59910e8c: 8984 2488 | 0000 000f 

  0x0000013e59910e94: ;   {static_call}
  0x0000013e59910e94: 1f40 00e8 

  0x0000013e59910e98: ; ImmutableOopMap {[128]=Oop [136]=Oop }
                      ;*invokestatic getPointers {reexecute=0 rethrow=0 return_oop=0}
                      ; - org.vivecraft.client.utils.JNIUtils::callI@19 (line 63)
  0x0000013e59910e98: e414 0000 

  0x0000013e59910e9c: ;   {post_call_nop}
  0x0000013e59910e9c: 0f1f 8400 | 9404 0003 | 488b b424 | 8000 0000 

  0x0000013e59910eac: ; implicit exception: dispatches to 0x0000013e59911648
  0x0000013e59910eac: 483b 064c 

  0x0000013e59910eb0: ;   {metadata(method data for {method} {0x0000013e05f3d2f0} 'callI' '(Ljava/lang/String;J[Ljava/lang/Object;)I' in 'org/vivecraft/client/utils/JNIUtils')}
  0x0000013e59910eb0: 8bc6 49b9 | 805a 2306 | 3e01 0000 | 458b 4008 | 41ba 0000 | 000d 4d03 | c24d 3b81 | 1001 0000 
  0x0000013e59910ed0: 750d 4983 | 8118 0100 | 0001 e960 | 0000 004d | 3b81 2001 | 0000 750d | 4983 8128 | 0100 0001 
  0x0000013e59910ef0: e94a 0000 | 0049 83b9 | 1001 0000 | 0075 174d | 8981 1001 | 0000 49c7 | 8118 0100 | 0001 0000 
  0x0000013e59910f10: 00e9 2900 | 0000 4983 | b920 0100 | 0000 7517 | 4d89 8120 | 0100 0049 | c781 2801 | 0000 0100 
  0x0000013e59910f30: 0000 e908 | 0000 0049 | 8381 0801 

  0x0000013e59910f3c: ;   {metadata(method data for {method} {0x0000013e049932e8} 'malloc' '(I)Ljava/nio/ByteBuffer;' in 'org/lwjgl/system/MemoryStack')}
  0x0000013e59910f3c: 0000 0149 | b8a0 c28d | 053e 0100 | 0045 8b88 | 9000 0000 | 4183 c102 | 4589 8890 | 0000 0041 
  0x0000013e59910f5c: 81e1 feff | 1f00 4585 | c90f 84e2 | 0600 004c 

  0x0000013e59910f6c: ;   {metadata(method data for {method} {0x0000013e049932e8} 'malloc' '(I)Ljava/nio/ByteBuffer;' in 'org/lwjgl/system/MemoryStack')}
  0x0000013e59910f6c: 8bc6 49b9 | a0c2 8d05 | 3e01 0000 | 458b 4008 | 41ba 0000 | 000d 4d03 | c24d 3b81 | e000 0000 
  0x0000013e59910f8c: 750d 4983 | 81e8 0000 | 0001 e960 | 0000 004d | 3b81 f000 | 0000 750d | 4983 81f8 | 0000 0001 
  0x0000013e59910fac: e94a 0000 | 0049 83b9 | e000 0000 | 0075 174d | 8981 e000 | 0000 49c7 | 81e8 0000 | 0001 0000 
  0x0000013e59910fcc: 00e9 2900 | 0000 4983 | b9f0 0000 | 0000 7517 | 4d89 81f0 | 0000 0049 | c781 f800 | 0000 0100 
  0x0000013e59910fec: 0000 e908 | 0000 0049 | 8381 d800 | 0000 0141 | b808 0000 | 0041 b904 | 0000 0048 | 8bd6 4889 
  0x0000013e5991100c: 8424 9000 | 0000 0f1f 

  0x0000013e59911014: ;   {optimized virtual_call}
  0x0000013e59911014: 4400 00e8 

  0x0000013e59911018: ; ImmutableOopMap {[128]=Oop [136]=Oop [144]=Oop }
                      ;*invokevirtual nmalloc {reexecute=0 rethrow=0 return_oop=0}
                      ; - org.lwjgl.system.MemoryStack::malloc@5 (line 376)
                      ; - org.vivecraft.client.utils.JNIUtils::callI@27 (line 65)
  0x0000013e59911018: 74dc c706 

  0x0000013e5991101c: ;   {post_call_nop}
  0x0000013e5991101c: 0f1f 8400 | 1406 0004 

  0x0000013e59911024: ;   {metadata(method data for {method} {0x0000013e049932e8} 'malloc' '(I)Ljava/nio/ByteBuffer;' in 'org/lwjgl/system/MemoryStack')}
  0x0000013e59911024: 48ba a0c2 | 8d05 3e01 | 0000 4883 | 8208 0100 | 0001 488b | d041 b804 

  0x0000013e5991103c: ;   {static_call}
  0x0000013e5991103c: 0000 00e8 

  0x0000013e59911040: ; ImmutableOopMap {[128]=Oop [136]=Oop [144]=Oop }
                      ;*invokestatic wrapBufferByte {reexecute=0 rethrow=0 return_oop=0}
                      ; - org.lwjgl.system.MemoryStack::malloc@9 (line 376)
                      ; - org.vivecraft.client.utils.JNIUtils::callI@27 (line 65)
  0x0000013e59911040: 3c7d 8706 

  0x0000013e59911044: ;   {post_call_nop}
  0x0000013e59911044: 0f1f 8400 | 3c06 0005 | 488b 9424 | 8800 0000 | 8b52 0c48 

  0x0000013e59911058: ;   {metadata(method data for {method} {0x0000013e05f3d2f0} 'callI' '(Ljava/lang/String;J[Ljava/lang/Object;)I' in 'org/vivecraft/client/utils/JNIUtils')}
  0x0000013e59911058: c1e2 0349 | b880 5a23 | 063e 0100 | 0049 8380 | 3801 0000 | 014c 8b44 | 2478 4c8b | c848 8bbc 
  0x0000013e59911078: 2490 0000 | 0048 8984 | 2498 0000 

  0x0000013e59911084: ;   {static_call}
  0x0000013e59911084: 0066 90e8 

  0x0000013e59911088: ; ImmutableOopMap {[128]=Oop [152]=Oop }
                      ;*invokestatic ffi_call {reexecute=0 rethrow=0 return_oop=0}
                      ; - org.vivecraft.client.utils.JNIUtils::callI@42 (line 67)
  0x0000013e59911088: 7408 0000 

  0x0000013e5991108c: ;   {post_call_nop}
  0x0000013e5991108c: 0f1f 8400 | 8406 0006 | 488b 8424 | 9800 0000 

  0x0000013e5991109c: ; implicit exception: dispatches to 0x0000013e5991166e
  0x0000013e5991109c: 483b 004c 

  0x0000013e599110a0: ;   {metadata(method data for {method} {0x0000013e05f3d2f0} 'callI' '(Ljava/lang/String;J[Ljava/lang/Object;)I' in 'org/vivecraft/client/utils/JNIUtils')}
  0x0000013e599110a0: 8bc0 48ba | 805a 2306 | 3e01 0000 | 458b 4008 | 41ba 0000 | 000d 4d03 | c24c 3b82 | 5001 0000 
  0x0000013e599110c0: 750d 4883 | 8258 0100 | 0001 e960 | 0000 004c | 3b82 6001 | 0000 750d | 4883 8268 | 0100 0001 
  0x0000013e599110e0: e94a 0000 | 0048 83ba | 5001 0000 | 0075 174c | 8982 5001 | 0000 48c7 | 8258 0100 | 0001 0000 
  0x0000013e59911100: 00e9 2900 | 0000 4883 | ba60 0100 | 0000 7517 | 4c89 8260 | 0100 0048 | c782 6801 | 0000 0100 
  0x0000013e59911120: 0000 e908 | 0000 0048 | 8382 4801 | 0000 0141 | b800 0000 | 0048 8bd0 | 0f1f 4400 | 0048 b810 
  0x0000013e59911140: 01fd f53e 

  0x0000013e59911144: ;   {virtual_call}
  0x0000013e59911144: 0100 00e8 

  0x0000013e59911148: ; ImmutableOopMap {[128]=Oop }
                      ;*invokevirtual getInt {reexecute=0 rethrow=0 return_oop=0}
                      ; - org.vivecraft.client.utils.JNIUtils::callI@48 (line 69)
  0x0000013e59911148: 368a e606 

  0x0000013e5991114c: ;   {post_call_nop}
  0x0000013e5991114c: 0f1f 8400 | 4407 0007 | 488b b424 | 8000 0000 

  0x0000013e5991115c: ;   {metadata(method data for {method} {0x0000013e05f3d2f0} 'callI' '(Ljava/lang/String;J[Ljava/lang/Object;)I' in 'org/vivecraft/client/utils/JNIUtils')}
  0x0000013e5991115c: 4885 f648 | ba80 5a23 | 063e 0100 | 00bf 7801 | 0000 7405 | bf88 0100 | 0048 8b1c | 3a48 8d5b 
  0x0000013e5991117c: 0148 891c | 3a0f 8424 | 0300 00e9 | b501 0000 | 488b b424 | 8000 0000 | 498b 8788 | 0500 004d 
  0x0000013e5991119c: 33d2 4d89 | 9788 0500 | 004d 33d2 | 4d89 9790 | 0500 0048 

  0x0000013e599111b0: ;   {metadata(method data for {method} {0x0000013e05f3d2f0} 'callI' '(Ljava/lang/String;J[Ljava/lang/Object;)I' in 'org/vivecraft/client/utils/JNIUtils')}
  0x0000013e599111b0: 85f6 48ba | 805a 2306 | 3e01 0000 | bfc8 0100 | 0074 05bf | d801 0000 | 488b 1c3a | 488d 5b01 
  0x0000013e599111d0: 4889 1c3a | 0f84 d203 | 0000 4889 | 8424 a000 | 0000 483b | 0648 8bd6 

  0x0000013e599111e8: ;   {metadata(method data for {method} {0x0000013e05f3d2f0} 'callI' '(Ljava/lang/String;J[Ljava/lang/Object;)I' in 'org/vivecraft/client/utils/JNIUtils')}
  0x0000013e599111e8: 48bf 805a | 2306 3e01 | 0000 8b52 | 0841 ba00 | 0000 0d49 | 03d2 483b | 97f0 0100 | 0075 0d48 
  0x0000013e59911208: 8387 f801 | 0000 01e9 | 6000 0000 | 483b 9700 | 0200 0075 | 0d48 8387 | 0802 0000 | 01e9 4a00 
  0x0000013e59911228: 0000 4883 | bff0 0100 | 0000 7517 | 4889 97f0 | 0100 0048 | c787 f801 | 0000 0100 | 0000 e929 
  0x0000013e59911248: 0000 0048 | 83bf 0002 | 0000 0075 | 1748 8997 | 0002 0000 | 48c7 8708 | 0200 0001 | 0000 00e9 
  0x0000013e59911268: 0800 0000 | 4883 87e8 | 0100 0001 

  0x0000013e59911274: ;   {metadata(method data for {method} {0x0000013e049927b8} 'close' '()V' in 'org/lwjgl/system/MemoryStack')}
  0x0000013e59911274: 48ba b075 | cd04 3e01 | 0000 8bba | 9000 0000 | 83c7 0289 | ba90 0000 | 0081 e7fe | ff1f 0085 
  0x0000013e59911294: ff0f 84dd | 0300 0048 

  0x0000013e5991129c: ;   {metadata(method data for {method} {0x0000013e049927b8} 'close' '()V' in 'org/lwjgl/system/MemoryStack')}
  0x0000013e5991129c: 8bd6 48bf | b075 cd04 | 3e01 0000 | 8b52 0841 | ba00 0000 | 0d49 03d2 | 483b 97e0 | 0000 0075 
  0x0000013e599112bc: 0d48 8387 | e800 0000 | 01e9 6000 | 0000 483b | 97f0 0000 | 0075 0d48 | 8387 f800 | 0000 01e9 
  0x0000013e599112dc: 4a00 0000 | 4883 bfe0 | 0000 0000 | 7517 4889 | 97e0 0000 | 0048 c787 | e800 0000 | 0100 0000 
  0x0000013e599112fc: e929 0000 | 0048 83bf | f000 0000 | 0075 1748 | 8997 f000 | 0000 48c7 | 87f8 0000 | 0001 0000 
  0x0000013e5991131c: 00e9 0800 | 0000 4883 | 87d8 0000 | 0001 488b 

  0x0000013e5991132c: ;   {optimized virtual_call}
  0x0000013e5991132c: d666 90e8 

  0x0000013e59911330: ; ImmutableOopMap {[160]=Oop }
                      ;*invokevirtual pop {reexecute=0 rethrow=0 return_oop=0}
                      ; - org.lwjgl.system.MemoryStack::close@1 (line 167)
                      ; - org.vivecraft.client.utils.JNIUtils::callI@75 (line 60)
  0x0000013e59911330: acda ce05 

  0x0000013e59911334: ;   {post_call_nop}
  0x0000013e59911334: 0f1f 8400 | 2c09 0008 | e97d 0100 | 0089 8424 | a800 0000 

  0x0000013e59911348: ;   {metadata(method data for {method} {0x0000013e05f3d2f0} 'callI' '(Ljava/lang/String;J[Ljava/lang/Object;)I' in 'org/vivecraft/client/utils/JNIUtils')}
  0x0000013e59911348: 488b d648 | bf80 5a23 | 063e 0100 | 008b 5208 | 41ba 0000 | 000d 4903 | d248 3b97 | a001 0000 
  0x0000013e59911368: 750d 4883 | 87a8 0100 | 0001 e960 | 0000 0048 | 3b97 b001 | 0000 750d | 4883 87b8 | 0100 0001 
  0x0000013e59911388: e94a 0000 | 0048 83bf | a001 0000 | 0075 1748 | 8997 a001 | 0000 48c7 | 87a8 0100 | 0001 0000 
  0x0000013e599113a8: 00e9 2900 | 0000 4883 | bfb0 0100 | 0000 7517 | 4889 97b0 | 0100 0048 | c787 b801 | 0000 0100 
  0x0000013e599113c8: 0000 e908 | 0000 0048 | 8387 9801 

  0x0000013e599113d4: ;   {metadata(method data for {method} {0x0000013e049927b8} 'close' '()V' in 'org/lwjgl/system/MemoryStack')}
  0x0000013e599113d4: 0000 0148 | bab0 75cd | 043e 0100 | 008b ba90 | 0000 0083 | c702 89ba | 9000 0000 | 81e7 feff 
  0x0000013e599113f4: 1f00 85ff | 0f84 9b02 | 0000 488b 

  0x0000013e59911400: ;   {metadata(method data for {method} {0x0000013e049927b8} 'close' '()V' in 'org/lwjgl/system/MemoryStack')}
  0x0000013e59911400: d648 bfb0 | 75cd 043e | 0100 008b | 5208 41ba | 0000 000d | 4903 d248 | 3b97 e000 | 0000 750d 
  0x0000013e59911420: 4883 87e8 | 0000 0001 | e960 0000 | 0048 3b97 | f000 0000 | 750d 4883 | 87f8 0000 | 0001 e94a 
  0x0000013e59911440: 0000 0048 | 83bf e000 | 0000 0075 | 1748 8997 | e000 0000 | 48c7 87e8 | 0000 0001 | 0000 00e9 
  0x0000013e59911460: 2900 0000 | 4883 bff0 | 0000 0000 | 7517 4889 | 97f0 0000 | 0048 c787 | f800 0000 | 0100 0000 
  0x0000013e59911480: e908 0000 | 0048 8387 | d800 0000 | 0148 8bd6 | 0f1f 8000 

  0x0000013e59911494: ;   {optimized virtual_call}
  0x0000013e59911494: 0000 00e8 

  0x0000013e59911498: ; ImmutableOopMap {}
                      ;*invokevirtual pop {reexecute=0 rethrow=0 return_oop=0}
                      ; - org.lwjgl.system.MemoryStack::close@1 (line 167)
                      ; - org.vivecraft.client.utils.JNIUtils::callI@60 (line 70)
  0x0000013e59911498: 74fc b106 

  0x0000013e5991149c: ;   {post_call_nop}
  0x0000013e5991149c: 0f1f 8400 | 940a 0009 | 8b84 24a8 | 0000 0048 | 81c4 c000 

  0x0000013e599114b0: ;   {poll_return}
  0x0000013e599114b0: 0000 5d49 | 3b67 280f | 87fd 0100 

  0x0000013e599114bc: ;   {metadata(method data for {method} {0x0000013e05f3d2f0} 'callI' '(Ljava/lang/String;J[Ljava/lang/Object;)I' in 'org/vivecraft/client/utils/JNIUtils')}
  0x0000013e599114bc: 00c3 48b8 | 805a 2306 | 3e01 0000 | ff80 1802 | 0000 488b | 8424 a000 | 0000 e9d1 | 0000 0049 
  0x0000013e599114dc: 8b87 8805 | 0000 4d33 | d24d 8997 | 8805 0000 | 4d33 d24d | 8997 9005 | 0000 4c8b | 8424 a000 
  0x0000013e599114fc: ;   {metadata(method data for {method} {0x0000013e05f3d2f0} 'callI' '(Ljava/lang/String;J[Ljava/lang/Object;)I' in 'org/vivecraft/client/utils/JNIUtils')}
  0x0000013e599114fc: 0000 48ba | 805a 2306 | 3e01 0000 | 458b 4008 | 41ba 0000 | 000d 4d03 | c24c 3b82 | 3802 0000 
  0x0000013e5991151c: 750d 4883 | 8240 0200 | 0001 e960 | 0000 004c | 3b82 4802 | 0000 750d | 4883 8250 | 0200 0001 
  0x0000013e5991153c: e94a 0000 | 0048 83ba | 3802 0000 | 0075 174c | 8982 3802 | 0000 48c7 | 8240 0200 | 0001 0000 
  0x0000013e5991155c: 00e9 2900 | 0000 4883 | ba48 0200 | 0000 7517 | 4c89 8248 | 0200 0048 | c782 5002 | 0000 0100 
  0x0000013e5991157c: 0000 e908 | 0000 0048 | 8382 3002 | 0000 014c | 8bc0 488b | 9424 a000 

  0x0000013e59911594: ;   {optimized virtual_call}
  0x0000013e59911594: 0000 90e8 

  0x0000013e59911598: ; ImmutableOopMap {[160]=Oop }
                      ;*invokevirtual addSuppressed {reexecute=0 rethrow=0 return_oop=0}
                      ; - org.vivecraft.client.utils.JNIUtils::callI@87 (line 60)
  0x0000013e59911598: 44d8 ce05 

  0x0000013e5991159c: ;   {post_call_nop}
  0x0000013e5991159c: 0f1f 8400 | 940b 000a | 488b 8424 | a000 0000 | e93c 0100 

  0x0000013e599115b0: ;   {metadata({method} {0x0000013e05f3d2f0} 'callI' '(Ljava/lang/String;J[Ljava/lang/Object;)I' in 'org/vivecraft/client/utils/JNIUtils')}
  0x0000013e599115b0: 0049 bae8 | d2f3 053e | 0100 004c | 8954 2408 | 48c7 0424 | ffff ffff 

  0x0000013e599115c8: ;   {runtime_call C1 Runtime counter_overflow_blob}
  0x0000013e599115c8: e813 cddb 

  0x0000013e599115cc: ; ImmutableOopMap {rdx=Oop r9=Oop [112]=Oop }
                      ;*synchronization entry
                      ; - org.vivecraft.client.utils.JNIUtils::callI@-1 (line 60)
  0x0000013e599115cc: 05e9 7ef5 

  0x0000013e599115d0: ;   {metadata({method} {0x0000013e049984a8} 'stackPush' '()Lorg/lwjgl/system/MemoryStack;' in 'org/lwjgl/system/MemoryStack')}
  0x0000013e599115d0: ffff 49ba | a084 9904 | 3e01 0000 | 4c89 5424 | 0848 c704 | 24ff ffff 

  0x0000013e599115e8: ;   {runtime_call C1 Runtime counter_overflow_blob}
  0x0000013e599115e8: ffe8 f2cc 

  0x0000013e599115ec: ; ImmutableOopMap {[104]=Oop [112]=Oop }
                      ;*synchronization entry
                      ; - org.lwjgl.system.MemoryStack::stackPush@-1 (line 908)
                      ; - org.vivecraft.client.utils.JNIUtils::callI@0 (line 60)
  0x0000013e599115ec: db05 e99b 

  0x0000013e599115f0: ;   {metadata({method} {0x0000013e04998408} 'stackGet' '()Lorg/lwjgl/system/MemoryStack;' in 'org/lwjgl/system/MemoryStack')}
  0x0000013e599115f0: f5ff ff49 | ba00 8499 | 043e 0100 | 004c 8954 | 2408 48c7 | 0424 ffff 

  0x0000013e59911608: ;   {runtime_call C1 Runtime counter_overflow_blob}
  0x0000013e59911608: ffff e8d1 

  0x0000013e5991160c: ; ImmutableOopMap {[104]=Oop [112]=Oop }
                      ;*synchronization entry
                      ; - org.lwjgl.system.MemoryStack::stackGet@-1 (line 899)
                      ; - org.lwjgl.system.MemoryStack::stackPush@0 (line 908)
                      ; - org.vivecraft.client.utils.JNIUtils::callI@0 (line 60)
  0x0000013e5991160c: ccdb 05e9 | b3f5 ffff 

  0x0000013e59911614: ;   {metadata({method} {0x000000000d25cca0} 'get' '()Ljava/lang/Object;' in 'java/lang/ThreadLocal')}
  0x0000013e59911614: 49ba 98cc | 250d 0000 | 0000 4c89 | 5424 0848 | c704 24ff 

  0x0000013e59911628: ;   {runtime_call C1 Runtime counter_overflow_blob}
  0x0000013e59911628: ffff ffe8 

  0x0000013e5991162c: ; ImmutableOopMap {rsi=Oop [104]=Oop [112]=Oop }
                      ;*synchronization entry
                      ; - java.lang.ThreadLocal::get@-1 (line 171)
                      ; - org.lwjgl.system.MemoryStack::stackGet@3 (line 899)
                      ; - org.lwjgl.system.MemoryStack::stackPush@0 (line 908)
                      ; - org.vivecraft.client.utils.JNIUtils::callI@0 (line 60)
  0x0000013e5991162c: b0cc db05 | e952 f6ff | ff48 8904 

  0x0000013e59911638: ;   {runtime_call C1 Runtime throw_class_cast_exception_blob}
  0x0000013e59911638: 24e8 2294 

  0x0000013e5991163c: ; ImmutableOopMap {[104]=Oop [112]=Oop }
                      ;*checkcast {reexecute=0 rethrow=0 return_oop=0}
                      ; - org.lwjgl.system.MemoryStack::stackGet@6 (line 899)
                      ; - org.lwjgl.system.MemoryStack::stackPush@0 (line 908)
                      ; - org.vivecraft.client.utils.JNIUtils::callI@0 (line 60)
                      ;   {runtime_call C1 Runtime throw_null_pointer_exception_blob}
  0x0000013e5991163c: db05 e89d 

  0x0000013e59911640: ; ImmutableOopMap {rdx=Oop [104]=Oop [112]=Oop }
                      ;*invokevirtual push {reexecute=0 rethrow=0 return_oop=0}
                      ; - org.lwjgl.system.MemoryStack::stackPush@3 (line 908)
                      ; - org.vivecraft.client.utils.JNIUtils::callI@0 (line 60)
                      ;   {runtime_call C1 Runtime throw_null_pointer_exception_blob}
  0x0000013e59911640: 6cdb 05e8 

  0x0000013e59911644: ; ImmutableOopMap {rax=Oop [112]=Oop [128]=Oop }
                      ;*getfield args {reexecute=1 rethrow=0 return_oop=0}
                      ; - (reexecute) org.vivecraft.client.utils.JNIUtils::callI@15 (line 63)
  0x0000013e59911644: 986c db05 

  0x0000013e59911648: ;   {runtime_call C1 Runtime throw_null_pointer_exception_blob}
  0x0000013e59911648: e893 6cdb 

  0x0000013e5991164c: ; ImmutableOopMap {rax=Oop rsi=Oop [128]=Oop [136]=Oop }
                      ;*invokevirtual malloc {reexecute=0 rethrow=0 return_oop=0}
                      ; - org.vivecraft.client.utils.JNIUtils::callI@27 (line 65)
                      ;   {metadata({method} {0x0000013e049932e8} 'malloc' '(I)Ljava/nio/ByteBuffer;' in 'org/lwjgl/system/MemoryStack')}
  0x0000013e5991164c: 0549 bae0 | 3299 043e | 0100 004c | 8954 2408 | 48c7 0424 | ffff ffff 

  0x0000013e59911664: ;   {runtime_call C1 Runtime counter_overflow_blob}
  0x0000013e59911664: e877 ccdb 

  0x0000013e59911668: ; ImmutableOopMap {rax=Oop rsi=Oop [128]=Oop [136]=Oop }
                      ;*synchronization entry
                      ; - org.lwjgl.system.MemoryStack::malloc@-1 (line 376)
                      ; - org.vivecraft.client.utils.JNIUtils::callI@27 (line 65)
  0x0000013e59911668: 05e9 fdf8 

  0x0000013e5991166c: ;   {runtime_call C1 Runtime throw_null_pointer_exception_blob}
  0x0000013e5991166c: ffff e86d 

  0x0000013e59911670: ; ImmutableOopMap {rax=Oop [128]=Oop }
                      ;*invokevirtual getInt {reexecute=0 rethrow=0 return_oop=0}
                      ; - org.vivecraft.client.utils.JNIUtils::callI@48 (line 69)
                      ;   {runtime_call C1 Runtime throw_null_pointer_exception_blob}
  0x0000013e59911670: 6cdb 05e8 

  0x0000013e59911674: ; ImmutableOopMap {rsi=Oop [128]=Oop [160]=Oop }
                      ;*invokevirtual close {reexecute=0 rethrow=0 return_oop=0}
                      ; - org.vivecraft.client.utils.JNIUtils::callI@75 (line 60)
  0x0000013e59911674: 686c db05 

  0x0000013e59911678: ;   {metadata({method} {0x0000013e049927b8} 'close' '()V' in 'org/lwjgl/system/MemoryStack')}
  0x0000013e59911678: 49ba b027 | 9904 3e01 | 0000 4c89 | 5424 0848 | c704 24ff 

  0x0000013e5991168c: ;   {runtime_call C1 Runtime counter_overflow_blob}
  0x0000013e5991168c: ffff ffe8 

  0x0000013e59911690: ; ImmutableOopMap {rsi=Oop [128]=Oop [160]=Oop }
                      ;*synchronization entry
                      ; - org.lwjgl.system.MemoryStack::close@-1 (line 167)
                      ; - org.vivecraft.client.utils.JNIUtils::callI@75 (line 60)
  0x0000013e59911690: 4ccc db05 | e902 fcff 

  0x0000013e59911698: ;   {metadata({method} {0x0000013e049927b8} 'close' '()V' in 'org/lwjgl/system/MemoryStack')}
  0x0000013e59911698: ff49 bab0 | 2799 043e | 0100 004c | 8954 2408 | 48c7 0424 | ffff ffff 

  0x0000013e599116b0: ;   {runtime_call C1 Runtime counter_overflow_blob}
  0x0000013e599116b0: e82b ccdb 

  0x0000013e599116b4: ; ImmutableOopMap {rsi=Oop [128]=Oop }
                      ;*synchronization entry
                      ; - org.lwjgl.system.MemoryStack::close@-1 (line 167)
                      ; - org.vivecraft.client.utils.JNIUtils::callI@60 (line 70)
  0x0000013e599116b4: 05e9 44fd 

  0x0000013e599116b8: ;   {internal_word}
  0x0000013e599116b8: ffff 49ba | b314 9159 | 3e01 0000 | 4d89 97e0 

  0x0000013e599116c8: ;   {runtime_call SafepointBlob}
  0x0000013e599116c8: 0400 00e9 | 90f8 ce05 | 498b 8788 | 0500 0049 | c787 8805 | 0000 0000 | 0000 49c7 | 8790 0500 
  0x0000013e599116e8: 0000 0000 | 0048 81c4 | c000 0000 

  0x0000013e599116f4: ;   {runtime_call C1 Runtime unwind_exception_blob}
  0x0000013e599116f4: 5de9 e65c | db05 f4f4 | f4f4 f4f4 
[Stub Code]
  0x0000013e59911700: ;   {other}
  0x0000013e59911700: 0f1f 4400 

  0x0000013e59911704: ;   {static_stub}
  0x0000013e59911704: 0048 bb00 | 0000 0000 

  0x0000013e5991170c: ;   {runtime_call nmethod}
  0x0000013e5991170c: 0000 00e9 | fbff ffff 

  0x0000013e59911714: ;   {static_stub}
  0x0000013e59911714: 9048 bb00 | 0000 0000 

  0x0000013e5991171c: ;   {runtime_call nmethod}
  0x0000013e5991171c: 0000 00e9 | fbff ffff 

  0x0000013e59911724: ;   {static_stub}
  0x0000013e59911724: 9048 bb00 | 0000 0000 

  0x0000013e5991172c: ;   {runtime_call nmethod}
  0x0000013e5991172c: 0000 00e9 | fbff ffff 

  0x0000013e59911734: ;   {static_stub}
  0x0000013e59911734: 9048 bb00 | 0000 0000 

  0x0000013e5991173c: ;   {runtime_call nmethod}
  0x0000013e5991173c: 0000 00e9 | fbff ffff 

  0x0000013e59911744: ;   {static_stub}
  0x0000013e59911744: 9048 bb00 | 0000 0000 

  0x0000013e5991174c: ;   {runtime_call nmethod}
  0x0000013e5991174c: 0000 00e9 | fbff ffff 

  0x0000013e59911754: ;   {static_stub}
  0x0000013e59911754: 48bb 0000 | 0000 0000 

  0x0000013e5991175c: ;   {runtime_call nmethod}
  0x0000013e5991175c: 0000 e9fb 

  0x0000013e59911760: ;   {static_stub}
  0x0000013e59911760: ffff ff48 | bb00 0000 | 0000 0000 

  0x0000013e5991176c: ;   {runtime_call nmethod}
  0x0000013e5991176c: 00e9 fbff 

  0x0000013e59911770: ;   {static_stub}
  0x0000013e59911770: ffff 48bb | 0000 0000 | 0000 0000 

  0x0000013e5991177c: ;   {runtime_call nmethod}
  0x0000013e5991177c: e9fb ffff 

  0x0000013e59911780: ;   {static_stub}
  0x0000013e59911780: ff48 bb00 | 0000 0000 

  0x0000013e59911788: ;   {runtime_call nmethod}
  0x0000013e59911788: 0000 00e9 | fbff ffff 

  0x0000013e59911790: ;   {static_stub}
  0x0000013e59911790: 48bb 0000 | 0000 0000 

  0x0000013e59911798: ;   {runtime_call nmethod}
  0x0000013e59911798: 0000 e9fb 

  0x0000013e5991179c: ;   {static_stub}
  0x0000013e5991179c: ffff ff48 | bb00 0000 | 0000 0000 

  0x0000013e599117a8: ;   {runtime_call nmethod}
  0x0000013e599117a8: 00e9 fbff 

  0x0000013e599117ac: ;   {runtime_call C1 Runtime handle_exception_from_callee_blob}
  0x0000013e599117ac: ffff e8ad 

  0x0000013e599117b0: ;   {external_word}
  0x0000013e599117b0: 8cdb 0548 | b970 007d | 50fb 7f00 | 0048 83e4 

  0x0000013e599117c0: ;   {runtime_call}
  0x0000013e599117c0: f048 b870 | 9037 50fb | 7f00 00ff 

  0x0000013e599117cc: ;   {section_word}
  0x0000013e599117cc: d0f4 49ba | ce17 9159 | 3e01 0000 

  0x0000013e599117d8: ;   {runtime_call DeoptimizationBlob}
  0x0000013e599117d8: 4152 e981 | face 05f4 
[/MachCode]


---------------  P R O C E S S  ---------------

Threads class SMR info:
_java_thread_list=0x0000013ef5ed9b00, length=41, elements={
0x0000013e4d209170, 0x0000013e71b905c0, 0x0000013e71b90ed0, 0x0000013e71b95560,
0x0000013e71b974e0, 0x0000013e71b98840, 0x0000013e71b99cd0, 0x0000013e71b9d150,
0x0000013e749a46a0, 0x0000013e74b1d110, 0x0000013e74b86150, 0x0000013e74ab4300,
0x0000013e7abff710, 0x0000013e7f388de0, 0x0000013e7abf9180, 0x0000013e7d7071e0,
0x0000013e74b1f4a0, 0x0000013e7b192250, 0x0000013e7b190ae0, 0x0000013e7c6faa80,
0x0000013e7c6fc1f0, 0x0000013e7c6fc9c0, 0x0000013e7c700070, 0x0000013e7c6fd190,
0x0000013e7c700840, 0x0000013e7c6ff8a0, 0x0000013e01ec32a0, 0x0000013e01ec3a70,
0x0000013e01ec2ad0, 0x0000013e01ec0b90, 0x0000013e01ec2300, 0x0000013e01af0b90,
0x0000013e01af3a70, 0x0000013e01af4240, 0x0000013e01af6950, 0x0000013e7e679a80,
0x0000013e7f38ae20, 0x0000013e7d70a0c0, 0x0000013e972adc50, 0x0000013e7f74afa0,
0x0000013e7f748f60
}

Java Threads: ( => current thread )
=>0x0000013e4d209170 JavaThread "Render thread"                     [_thread_in_native, id=28108, stack(0x0000003a5a500000,0x0000003a5a600000) (1024K)]
  0x0000013e71b905c0 JavaThread "Reference Handler"          daemon [_thread_blocked, id=28532, stack(0x0000003a5ad00000,0x0000003a5ae00000) (1024K)]
  0x0000013e71b90ed0 JavaThread "Finalizer"                  daemon [_thread_blocked, id=28588, stack(0x0000003a5ae00000,0x0000003a5af00000) (1024K)]
  0x0000013e71b95560 JavaThread "Signal Dispatcher"          daemon [_thread_blocked, id=28396, stack(0x0000003a5af00000,0x0000003a5b000000) (1024K)]
  0x0000013e71b974e0 JavaThread "Attach Listener"            daemon [_thread_blocked, id=4500, stack(0x0000003a5b000000,0x0000003a5b100000) (1024K)]
  0x0000013e71b98840 JavaThread "Service Thread"             daemon [_thread_blocked, id=27588, stack(0x0000003a5b100000,0x0000003a5b200000) (1024K)]
  0x0000013e71b99cd0 JavaThread "Monitor Deflation Thread"   daemon [_thread_blocked, id=17852, stack(0x0000003a5b200000,0x0000003a5b300000) (1024K)]
  0x0000013e71b9d150 JavaThread "C2 CompilerThread0"         daemon [_thread_blocked, id=23516, stack(0x0000003a5b300000,0x0000003a5b400000) (1024K)]
  0x0000013e749a46a0 JavaThread "C1 CompilerThread0"         daemon [_thread_blocked, id=21272, stack(0x0000003a5b400000,0x0000003a5b500000) (1024K)]
  0x0000013e74b1d110 JavaThread "C1 CompilerThread1"         daemon [_thread_blocked, id=27860, stack(0x0000003a5b500000,0x0000003a5b600000) (1024K)]
  0x0000013e74b86150 JavaThread "Notification Thread"        daemon [_thread_blocked, id=1916, stack(0x0000003a5b600000,0x0000003a5b700000) (1024K)]
  0x0000013e74ab4300 JavaThread "Common-Cleaner"             daemon [_thread_blocked, id=9572, stack(0x0000003a5b700000,0x0000003a5b800000) (1024K)]
  0x0000013e7abff710 JavaThread "JNA Cleaner"                daemon [_thread_blocked, id=23848, stack(0x0000003a5cd00000,0x0000003a5ce00000) (1024K)]
  0x0000013e7f388de0 JavaThread "C1 CompilerThread2"         daemon [_thread_blocked, id=9860, stack(0x0000003a5bc00000,0x0000003a5bd00000) (1024K)]
  0x0000013e7abf9180 JavaThread "Timer hack thread"          daemon [_thread_blocked, id=27412, stack(0x0000003a5ba00000,0x0000003a5bb00000) (1024K)]
  0x0000013e7d7071e0 JavaThread "Yggdrasil Key Fetcher"      daemon [_thread_blocked, id=12728, stack(0x0000003a5d200000,0x0000003a5d300000) (1024K)]
  0x0000013e74b1f4a0 JavaThread "Download-1"                 daemon [_thread_blocked, id=21264, stack(0x0000003a5d300000,0x0000003a5d400000) (1024K)]
  0x0000013e7b192250 JavaThread "Download-2"                 daemon [_thread_blocked, id=21248, stack(0x0000003a5d400000,0x0000003a5d500000) (1024K)]
  0x0000013e7b190ae0 JavaThread "Keep-Alive-Timer"           daemon [_thread_blocked, id=27264, stack(0x0000003a5d700000,0x0000003a5d800000) (1024K)]
  0x0000013e7c6faa80 JavaThread "Worker-Main-1"              daemon [_thread_blocked, id=8128, stack(0x0000003a5db00000,0x0000003a5dc00000) (1024K)]
  0x0000013e7c6fc1f0 JavaThread "Worker-Main-2"              daemon [_thread_blocked, id=8520, stack(0x0000003a5de00000,0x0000003a5df00000) (1024K)]
  0x0000013e7c6fc9c0 JavaThread "Worker-Main-3"              daemon [_thread_blocked, id=13128, stack(0x0000003a5df00000,0x0000003a5e000000) (1024K)]
  0x0000013e7c700070 JavaThread "Worker-Main-4"              daemon [_thread_blocked, id=29220, stack(0x0000003a5e000000,0x0000003a5e100000) (1024K)]
  0x0000013e7c6fd190 JavaThread "Worker-Main-5"              daemon [_thread_blocked, id=4212, stack(0x0000003a5e100000,0x0000003a5e200000) (1024K)]
  0x0000013e7c700840 JavaThread "Worker-Main-6"              daemon [_thread_blocked, id=28848, stack(0x0000003a5e200000,0x0000003a5e300000) (1024K)]
  0x0000013e7c6ff8a0 JavaThread "Worker-Main-7"              daemon [_thread_blocked, id=18188, stack(0x0000003a5e300000,0x0000003a5e400000) (1024K)]
  0x0000013e01ec32a0 JavaThread "Worker-Main-8"              daemon [_thread_blocked, id=2192, stack(0x0000003a5e400000,0x0000003a5e500000) (1024K)]
  0x0000013e01ec3a70 JavaThread "Worker-Main-9"              daemon [_thread_blocked, id=27952, stack(0x0000003a5e500000,0x0000003a5e600000) (1024K)]
  0x0000013e01ec2ad0 JavaThread "Worker-Main-10"             daemon [_thread_blocked, id=20072, stack(0x0000003a5e600000,0x0000003a5e700000) (1024K)]
  0x0000013e01ec0b90 JavaThread "Worker-Main-11"             daemon [_thread_blocked, id=5276, stack(0x0000003a5e700000,0x0000003a5e800000) (1024K)]
  0x0000013e01ec2300 JavaThread "Worker-Main-12"             daemon [_thread_blocked, id=24260, stack(0x0000003a5e800000,0x0000003a5e900000) (1024K)]
  0x0000013e01af0b90 JavaThread "Worker-Main-13"             daemon [_thread_blocked, id=10844, stack(0x0000003a5e900000,0x0000003a5ea00000) (1024K)]
  0x0000013e01af3a70 JavaThread "Worker-Main-14"             daemon [_thread_blocked, id=27464, stack(0x0000003a5ea00000,0x0000003a5eb00000) (1024K)]
  0x0000013e01af4240 JavaThread "Worker-Main-15"             daemon [_thread_blocked, id=6952, stack(0x0000003a5eb00000,0x0000003a5ec00000) (1024K)]
  0x0000013e01af6950 JavaThread "IO-Worker-1"                       [_thread_blocked, id=25496, stack(0x0000003a5ef00000,0x0000003a5f000000) (1024K)]
  0x0000013e7e679a80 JavaThread "Thread-5"                   daemon [_thread_in_native, id=26480, stack(0x0000003a5f200000,0x0000003a5f300000) (1024K)]
  0x0000013e7f38ae20 JavaThread "C2 CompilerThread1"         daemon [_thread_blocked, id=17768, stack(0x0000003a5b800000,0x0000003a5b900000) (1024K)]
  0x0000013e7d70a0c0 JavaThread "Sound engine"               daemon [_thread_blocked, id=11812, stack(0x0000003a5b900000,0x0000003a5ba00000) (1024K)]
  0x0000013e972adc50 JavaThread "Thread-10"                         [_thread_blocked, id=7096, stack(0x0000003a5bb00000,0x0000003a5bc00000) (1024K)]
  0x0000013e7f74afa0 JavaThread "C2 CompilerThread2"         daemon [_thread_blocked, id=24112, stack(0x0000003a5f300000,0x0000003a5f400000) (1024K)]
  0x0000013e7f748f60 JavaThread "C2 CompilerThread3"         daemon [_thread_blocked, id=29228, stack(0x0000003a5f400000,0x0000003a5f500000) (1024K)]
Total: 41

Other Threads:
  0x0000013e71b7a660 VMThread "VM Thread"                           [id=27024, stack(0x0000003a5ac00000,0x0000003a5ad00000) (1024K)]
  0x0000013e71b6bb90 WatcherThread "VM Periodic Task Thread"        [id=27468, stack(0x0000003a5ab00000,0x0000003a5ac00000) (1024K)]
  0x0000013e719a2910 WorkerThread "GC Thread#0"                     [id=8732, stack(0x0000003a5a600000,0x0000003a5a700000) (1024K)]
  0x0000013e79d01790 WorkerThread "GC Thread#1"                     [id=14136, stack(0x0000003a5c000000,0x0000003a5c100000) (1024K)]
  0x0000013e7a1fa140 WorkerThread "GC Thread#2"                     [id=28972, stack(0x0000003a5c100000,0x0000003a5c200000) (1024K)]
  0x0000013e7a1fa980 WorkerThread "GC Thread#3"                     [id=1408, stack(0x0000003a5c200000,0x0000003a5c300000) (1024K)]
  0x0000013e79cad000 WorkerThread "GC Thread#4"                     [id=29472, stack(0x0000003a5c300000,0x0000003a5c400000) (1024K)]
  0x0000013e79cad430 WorkerThread "GC Thread#5"                     [id=29012, stack(0x0000003a5c400000,0x0000003a5c500000) (1024K)]
  0x0000013e79cadc70 WorkerThread "GC Thread#6"                     [id=10316, stack(0x0000003a5c500000,0x0000003a5c600000) (1024K)]
  0x0000013e79d11110 WorkerThread "GC Thread#7"                     [id=26680, stack(0x0000003a5c600000,0x0000003a5c700000) (1024K)]
  0x0000013e79d11540 WorkerThread "GC Thread#8"                     [id=22376, stack(0x0000003a5c700000,0x0000003a5c800000) (1024K)]
  0x0000013e79d11970 WorkerThread "GC Thread#9"                     [id=3752, stack(0x0000003a5c800000,0x0000003a5c900000) (1024K)]
  0x0000013e79e5ddc0 WorkerThread "GC Thread#10"                    [id=8196, stack(0x0000003a5c900000,0x0000003a5ca00000) (1024K)]
  0x0000013e79e5b6f0 WorkerThread "GC Thread#11"                    [id=26780, stack(0x0000003a5ca00000,0x0000003a5cb00000) (1024K)]
  0x0000013e7e537010 WorkerThread "GC Thread#12"                    [id=28000, stack(0x0000003a5d100000,0x0000003a5d200000) (1024K)]
  0x0000013e719bbcd0 ConcurrentGCThread "G1 Main Marker"            [id=16244, stack(0x0000003a5a700000,0x0000003a5a800000) (1024K)]
  0x0000013e719bcf10 WorkerThread "G1 Conc#0"                       [id=29156, stack(0x0000003a5a800000,0x0000003a5a900000) (1024K)]
  0x0000013e7b5909d0 WorkerThread "G1 Conc#1"                       [id=25788, stack(0x0000003a5bf00000,0x0000003a5c000000) (1024K)]
  0x0000013e7b5923b0 WorkerThread "G1 Conc#2"                       [id=27928, stack(0x0000003a5cb00000,0x0000003a5cc00000) (1024K)]
  0x0000013e71a2ab30 ConcurrentGCThread "G1 Refine#0"               [id=14960, stack(0x0000003a5a900000,0x0000003a5aa00000) (1024K)]
  0x0000013e71a2b740 ConcurrentGCThread "G1 Service"                [id=8828, stack(0x0000003a5aa00000,0x0000003a5ab00000) (1024K)]
Total: 21

Threads with active compile tasks:
Total: 0

VM state: not at safepoint (normal execution)

VM Mutex/Monitor currently owned by a thread: None

Heap address: 0x0000000601400000, size: 8172 MB, Compressed Oops mode: Zero based, Oop shift amount: 3

CDS archive(s) mapped at: [0x000000000d000000-0x000000000ddd0000-0x000000000ddd0000), size 14483456, SharedBaseAddress: 0x000000000d000000, ArchiveRelocationMode: 1.
Compressed class space mapped at: 0x000000000e000000-0x000000004e000000, reserved size: 1073741824
UseCompressedClassPointers 1, UseCompactObjectHeaders 0
Narrow klass pointer bits 32, Max shift 3
Narrow klass base: 0x000000000d000000, Narrow klass shift: 0
Encoding Range: [0x000000000d000000 - 0x000000010d000000), (4294967296 bytes)
Klass Range:    [0x000000000d010000 - 0x000000004e000000), (1090453504 bytes)
Klass ID Range:  [65536 - 1090519033) (1090453497)
Protection zone: [0x000000000d000000 - 0x000000000d010000), (65536 bytes)

GC Precious Log:
 CardTable entry size: 512
 Card Set container configuration: InlinePtr #cards 4 size 8 Array Of Cards #cards 32 size 80 Howl #buckets 8 coarsen threshold 7372 Howl Bitmap #cards 1024 size 144 coarsen threshold 921 Card regions per heap region 1 cards per card region 8192
 CPUs: 16 total, 16 available
 Memory: 32687M
 Large Page Support: Disabled
 NUMA Support: Disabled
 Compressed Oops: Enabled (Zero based)
 Heap Region Size: 4M
 Heap Min Capacity: 8M
 Heap Initial Capacity: 512M
 Heap Max Capacity: 8172M
 Pre-touch: Disabled
 Parallel Workers: 13
 Concurrent Workers: 3
 Concurrent Refinement Workers: 13
 Periodic GC: Disabled

Heap:
 garbage-first heap   total reserved 8368128K, committed 1228800K, used 638587K [0x0000000601400000, 0x0000000800000000)
  region size 4096K, 27 young (110592K), 4 survivors (16384K)

Heap Regions: E=young(eden), S=young(survivor), O=old, HS=humongous(starts), HC=humongous(continues), CS=collection set, F=free, TAMS=top-at-mark-start, PB=parsable bottom
|   0|0x0000000601400000, 0x0000000601800000, 0x0000000601800000|100%|HS|  |TAMS 0x0000000601400000| PB 0x0000000601400000| Complete |  0
|   1|0x0000000601800000, 0x0000000601c00000, 0x0000000601c00000|100%| O|  |TAMS 0x0000000601800000| PB 0x0000000601800000| Untracked |  0
|   2|0x0000000601c00000, 0x0000000602000000, 0x0000000602000000|100%| O|  |TAMS 0x0000000601c00000| PB 0x0000000601c00000| Untracked |  0
|   3|0x0000000602000000, 0x0000000602400000, 0x0000000602400000|100%| O|  |TAMS 0x0000000602000000| PB 0x0000000602000000| Untracked |  0
|   4|0x0000000602400000, 0x0000000602800000, 0x0000000602800000|100%| O|  |TAMS 0x0000000602400000| PB 0x0000000602400000| Untracked |  0
|   5|0x0000000602800000, 0x0000000602c00000, 0x0000000602c00000|100%| O|  |TAMS 0x0000000602800000| PB 0x0000000602800000| Untracked |  0
|   6|0x0000000602c00000, 0x0000000603000000, 0x0000000603000000|100%| O|  |TAMS 0x0000000602c00000| PB 0x0000000602c00000| Untracked |  0
|   7|0x0000000603000000, 0x0000000603400000, 0x0000000603400000|100%| O|  |TAMS 0x0000000603000000| PB 0x0000000603000000| Untracked |  0
|   8|0x0000000603400000, 0x0000000603800000, 0x0000000603800000|100%| O|  |TAMS 0x0000000603400000| PB 0x0000000603400000| Untracked |  0
|   9|0x0000000603800000, 0x0000000603c00000, 0x0000000603c00000|100%| O|  |TAMS 0x0000000603800000| PB 0x0000000603800000| Untracked |  0
|  10|0x0000000603c00000, 0x0000000604000000, 0x0000000604000000|100%| O|  |TAMS 0x0000000603c00000| PB 0x0000000603c00000| Untracked |  0
|  11|0x0000000604000000, 0x0000000604400000, 0x0000000604400000|100%| O|  |TAMS 0x0000000604000000| PB 0x0000000604000000| Untracked |  0
|  12|0x0000000604400000, 0x0000000604800000, 0x0000000604800000|100%| O|  |TAMS 0x0000000604400000| PB 0x0000000604400000| Untracked |  0
|  13|0x0000000604800000, 0x0000000604c00000, 0x0000000604c00000|100%| O|  |TAMS 0x0000000604800000| PB 0x0000000604800000| Untracked |  0
|  14|0x0000000604c00000, 0x0000000605000000, 0x0000000605000000|100%| O|  |TAMS 0x0000000604c00000| PB 0x0000000604c00000| Untracked |  0
|  15|0x0000000605000000, 0x0000000605400000, 0x0000000605400000|100%| O|  |TAMS 0x0000000605000000| PB 0x0000000605000000| Untracked |  0
|  16|0x0000000605400000, 0x0000000605800000, 0x0000000605800000|100%| O|  |TAMS 0x0000000605400000| PB 0x0000000605400000| Untracked |  0
|  17|0x0000000605800000, 0x0000000605c00000, 0x0000000605c00000|100%| O|  |TAMS 0x0000000605800000| PB 0x0000000605800000| Untracked |  0
|  18|0x0000000605c00000, 0x0000000606000000, 0x0000000606000000|100%| O|  |TAMS 0x0000000605c00000| PB 0x0000000605c00000| Untracked |  0
|  19|0x0000000606000000, 0x0000000606400000, 0x0000000606400000|100%| O|  |TAMS 0x0000000606000000| PB 0x0000000606000000| Untracked |  0
|  20|0x0000000606400000, 0x0000000606400000, 0x0000000606800000|  0%| F|  |TAMS 0x0000000606400000| PB 0x0000000606400000| Untracked |  0
|  21|0x0000000606800000, 0x0000000606c00000, 0x0000000606c00000|100%| O|  |TAMS 0x0000000606800000| PB 0x0000000606800000| Untracked |  0
|  22|0x0000000606c00000, 0x0000000607000000, 0x0000000607000000|100%| O|  |TAMS 0x0000000606c00000| PB 0x0000000606c00000| Untracked |  0
|  23|0x0000000607000000, 0x0000000607400000, 0x0000000607400000|100%| O|  |TAMS 0x0000000607000000| PB 0x0000000607000000| Untracked |  0
|  24|0x0000000607400000, 0x0000000607800000, 0x0000000607800000|100%| O|  |TAMS 0x0000000607400000| PB 0x0000000607400000| Untracked |  0
|  25|0x0000000607800000, 0x0000000607c00000, 0x0000000607c00000|100%| O|  |TAMS 0x0000000607800000| PB 0x0000000607800000| Untracked |  0
|  26|0x0000000607c00000, 0x0000000608000000, 0x0000000608000000|100%|HS|  |TAMS 0x0000000607c00000| PB 0x0000000607c00000| Complete |  0
|  27|0x0000000608000000, 0x0000000608400000, 0x0000000608400000|100%|HC|  |TAMS 0x0000000608000000| PB 0x0000000608000000| Complete |  0
|  28|0x0000000608400000, 0x0000000608800000, 0x0000000608800000|100%|HC|  |TAMS 0x0000000608400000| PB 0x0000000608400000| Complete |  0
|  29|0x0000000608800000, 0x0000000608c00000, 0x0000000608c00000|100%| O|  |TAMS 0x0000000608800000| PB 0x0000000608800000| Untracked |  0
|  30|0x0000000608c00000, 0x0000000609000000, 0x0000000609000000|100%| O|  |TAMS 0x0000000608c00000| PB 0x0000000608c00000| Untracked |  0
|  31|0x0000000609000000, 0x0000000609400000, 0x0000000609400000|100%| O|  |TAMS 0x0000000609000000| PB 0x0000000609000000| Untracked |  0
|  32|0x0000000609400000, 0x0000000609800000, 0x0000000609800000|100%| O|  |TAMS 0x0000000609400000| PB 0x0000000609400000| Untracked |  0
|  33|0x0000000609800000, 0x0000000609c00000, 0x0000000609c00000|100%| O|  |TAMS 0x0000000609800000| PB 0x0000000609800000| Untracked |  0
|  34|0x0000000609c00000, 0x000000060a000000, 0x000000060a000000|100%| O|  |TAMS 0x0000000609c00000| PB 0x0000000609c00000| Untracked |  0
|  35|0x000000060a000000, 0x000000060a400000, 0x000000060a400000|100%| O|  |TAMS 0x000000060a000000| PB 0x000000060a000000| Untracked |  0
|  36|0x000000060a400000, 0x000000060a800000, 0x000000060a800000|100%|HS|  |TAMS 0x000000060a400000| PB 0x000000060a400000| Complete |  0
|  37|0x000000060a800000, 0x000000060ac00000, 0x000000060ac00000|100%| O|  |TAMS 0x000000060a800000| PB 0x000000060a800000| Untracked |  0
|  38|0x000000060ac00000, 0x000000060b000000, 0x000000060b000000|100%| O|  |TAMS 0x000000060ac00000| PB 0x000000060ac00000| Untracked |  0
|  39|0x000000060b000000, 0x000000060b400000, 0x000000060b400000|100%| O|  |TAMS 0x000000060b000000| PB 0x000000060b000000| Untracked |  0
|  40|0x000000060b400000, 0x000000060b800000, 0x000000060b800000|100%| O|  |TAMS 0x000000060b400000| PB 0x000000060b400000| Untracked |  0
|  41|0x000000060b800000, 0x000000060bc00000, 0x000000060bc00000|100%| O|  |TAMS 0x000000060b800000| PB 0x000000060b800000| Untracked |  0
|  42|0x000000060bc00000, 0x000000060c000000, 0x000000060c000000|100%| O|  |TAMS 0x000000060bc00000| PB 0x000000060bc00000| Untracked |  0
|  43|0x000000060c000000, 0x000000060c400000, 0x000000060c400000|100%| O|  |TAMS 0x000000060c000000| PB 0x000000060c000000| Untracked |  0
|  44|0x000000060c400000, 0x000000060c800000, 0x000000060c800000|100%| O|  |TAMS 0x000000060c400000| PB 0x000000060c400000| Untracked |  0
|  45|0x000000060c800000, 0x000000060cc00000, 0x000000060cc00000|100%| O|  |TAMS 0x000000060c800000| PB 0x000000060c800000| Untracked |  0
|  46|0x000000060cc00000, 0x000000060d000000, 0x000000060d000000|100%| O|  |TAMS 0x000000060cc00000| PB 0x000000060cc00000| Untracked |  0
|  47|0x000000060d000000, 0x000000060d400000, 0x000000060d400000|100%| O|  |TAMS 0x000000060d000000| PB 0x000000060d000000| Untracked |  0
|  48|0x000000060d400000, 0x000000060d800000, 0x000000060d800000|100%| O|  |TAMS 0x000000060d400000| PB 0x000000060d400000| Untracked |  0
|  49|0x000000060d800000, 0x000000060d800000, 0x000000060dc00000|  0%| F|  |TAMS 0x000000060d800000| PB 0x000000060d800000| Untracked |  0
|  50|0x000000060dc00000, 0x000000060e000000, 0x000000060e000000|100%| O|  |TAMS 0x000000060dc00000| PB 0x000000060dc00000| Untracked |  0
|  51|0x000000060e000000, 0x000000060e400000, 0x000000060e400000|100%| O|  |TAMS 0x000000060e000000| PB 0x000000060e000000| Untracked |  0
|  52|0x000000060e400000, 0x000000060e400000, 0x000000060e800000|  0%| F|  |TAMS 0x000000060e400000| PB 0x000000060e400000| Untracked |  0
|  53|0x000000060e800000, 0x000000060e800000, 0x000000060ec00000|  0%| F|  |TAMS 0x000000060e800000| PB 0x000000060e800000| Untracked |  0
|  54|0x000000060ec00000, 0x000000060ec00000, 0x000000060f000000|  0%| F|  |TAMS 0x000000060ec00000| PB 0x000000060ec00000| Untracked |  0
|  55|0x000000060f000000, 0x000000060f400000, 0x000000060f400000|100%| O|  |TAMS 0x000000060f000000| PB 0x000000060f000000| Untracked |  0
|  56|0x000000060f400000, 0x000000060f800000, 0x000000060f800000|100%| O|  |TAMS 0x000000060f400000| PB 0x000000060f400000| Untracked |  0
|  57|0x000000060f800000, 0x000000060fc00000, 0x000000060fc00000|100%| O|  |TAMS 0x000000060f800000| PB 0x000000060f800000| Untracked |  0
|  58|0x000000060fc00000, 0x0000000610000000, 0x0000000610000000|100%| O|  |TAMS 0x000000060fc00000| PB 0x000000060fc00000| Untracked |  0
|  59|0x0000000610000000, 0x0000000610400000, 0x0000000610400000|100%| O|  |TAMS 0x0000000610000000| PB 0x0000000610000000| Untracked |  0
|  60|0x0000000610400000, 0x0000000610800000, 0x0000000610800000|100%| O|  |TAMS 0x0000000610400000| PB 0x0000000610400000| Untracked |  0
|  61|0x0000000610800000, 0x0000000610c00000, 0x0000000610c00000|100%| O|  |TAMS 0x0000000610800000| PB 0x0000000610800000| Untracked |  0
|  62|0x0000000610c00000, 0x0000000611000000, 0x0000000611000000|100%| O|  |TAMS 0x0000000610c00000| PB 0x0000000610c00000| Untracked |  0
|  63|0x0000000611000000, 0x0000000611400000, 0x0000000611400000|100%| O|  |TAMS 0x0000000611000000| PB 0x0000000611000000| Untracked |  0
|  64|0x0000000611400000, 0x0000000611800000, 0x0000000611800000|100%| O|  |TAMS 0x0000000611400000| PB 0x0000000611400000| Untracked |  0
|  65|0x0000000611800000, 0x0000000611800000, 0x0000000611c00000|  0%| F|  |TAMS 0x0000000611800000| PB 0x0000000611800000| Untracked |  0
|  66|0x0000000611c00000, 0x0000000611c00000, 0x0000000612000000|  0%| F|  |TAMS 0x0000000611c00000| PB 0x0000000611c00000| Untracked |  0
|  67|0x0000000612000000, 0x0000000612000000, 0x0000000612400000|  0%| F|  |TAMS 0x0000000612000000| PB 0x0000000612000000| Untracked |  0
|  68|0x0000000612400000, 0x0000000612400000, 0x0000000612800000|  0%| F|  |TAMS 0x0000000612400000| PB 0x0000000612400000| Untracked |  0
|  69|0x0000000612800000, 0x0000000612800000, 0x0000000612c00000|  0%| F|  |TAMS 0x0000000612800000| PB 0x0000000612800000| Untracked |  0
|  70|0x0000000612c00000, 0x0000000613000000, 0x0000000613000000|100%|HS|  |TAMS 0x0000000612c00000| PB 0x0000000612c00000| Complete |  0
|  71|0x0000000613000000, 0x0000000613000000, 0x0000000613400000|  0%| F|  |TAMS 0x0000000613000000| PB 0x0000000613000000| Untracked |  0
|  72|0x0000000613400000, 0x0000000613400000, 0x0000000613800000|  0%| F|  |TAMS 0x0000000613400000| PB 0x0000000613400000| Untracked |  0
|  73|0x0000000613800000, 0x0000000613800000, 0x0000000613c00000|  0%| F|  |TAMS 0x0000000613800000| PB 0x0000000613800000| Untracked |  0
|  74|0x0000000613c00000, 0x0000000613c00000, 0x0000000614000000|  0%| F|  |TAMS 0x0000000613c00000| PB 0x0000000613c00000| Untracked |  0
|  75|0x0000000614000000, 0x0000000614000000, 0x0000000614400000|  0%| F|  |TAMS 0x0000000614000000| PB 0x0000000614000000| Untracked |  0
|  76|0x0000000614400000, 0x0000000614800000, 0x0000000614800000|100%|HS|  |TAMS 0x0000000614400000| PB 0x0000000614400000| Complete |  0
|  77|0x0000000614800000, 0x0000000614c00000, 0x0000000614c00000|100%|HC|  |TAMS 0x0000000614800000| PB 0x0000000614800000| Complete |  0
|  78|0x0000000614c00000, 0x0000000615000000, 0x0000000615000000|100%|HC|  |TAMS 0x0000000614c00000| PB 0x0000000614c00000| Complete |  0
|  79|0x0000000615000000, 0x0000000615400000, 0x0000000615400000|100%|HC|  |TAMS 0x0000000615000000| PB 0x0000000615000000| Complete |  0
|  80|0x0000000615400000, 0x0000000615800000, 0x0000000615800000|100%|HC|  |TAMS 0x0000000615400000| PB 0x0000000615400000| Complete |  0
|  81|0x0000000615800000, 0x0000000615c00000, 0x0000000615c00000|100%|HC|  |TAMS 0x0000000615800000| PB 0x0000000615800000| Complete |  0
|  82|0x0000000615c00000, 0x0000000616000000, 0x0000000616000000|100%|HC|  |TAMS 0x0000000615c00000| PB 0x0000000615c00000| Complete |  0
|  83|0x0000000616000000, 0x0000000616400000, 0x0000000616400000|100%|HC|  |TAMS 0x0000000616000000| PB 0x0000000616000000| Complete |  0
|  84|0x0000000616400000, 0x0000000616800000, 0x0000000616800000|100%|HC|  |TAMS 0x0000000616400000| PB 0x0000000616400000| Complete |  0
|  85|0x0000000616800000, 0x0000000616c00000, 0x0000000616c00000|100%|HC|  |TAMS 0x0000000616800000| PB 0x0000000616800000| Complete |  0
|  86|0x0000000616c00000, 0x0000000616c00000, 0x0000000617000000|  0%| F|  |TAMS 0x0000000616c00000| PB 0x0000000616c00000| Untracked |  0
|  87|0x0000000617000000, 0x0000000617000000, 0x0000000617400000|  0%| F|  |TAMS 0x0000000617000000| PB 0x0000000617000000| Untracked |  0
|  88|0x0000000617400000, 0x0000000617400000, 0x0000000617800000|  0%| F|  |TAMS 0x0000000617400000| PB 0x0000000617400000| Untracked |  0
|  89|0x0000000617800000, 0x0000000617800000, 0x0000000617c00000|  0%| F|  |TAMS 0x0000000617800000| PB 0x0000000617800000| Untracked |  0
|  90|0x0000000617c00000, 0x0000000617c00000, 0x0000000618000000|  0%| F|  |TAMS 0x0000000617c00000| PB 0x0000000617c00000| Untracked |  0
|  91|0x0000000618000000, 0x0000000618000000, 0x0000000618400000|  0%| F|  |TAMS 0x0000000618000000| PB 0x0000000618000000| Untracked |  0
|  92|0x0000000618400000, 0x0000000618400000, 0x0000000618800000|  0%| F|  |TAMS 0x0000000618400000| PB 0x0000000618400000| Untracked |  0
|  93|0x0000000618800000, 0x0000000618800000, 0x0000000618c00000|  0%| F|  |TAMS 0x0000000618800000| PB 0x0000000618800000| Untracked |  0
|  94|0x0000000618c00000, 0x0000000618c00000, 0x0000000619000000|  0%| F|  |TAMS 0x0000000618c00000| PB 0x0000000618c00000| Untracked |  0
|  95|0x0000000619000000, 0x0000000619000000, 0x0000000619400000|  0%| F|  |TAMS 0x0000000619000000| PB 0x0000000619000000| Untracked |  0
|  96|0x0000000619400000, 0x0000000619400000, 0x0000000619800000|  0%| F|  |TAMS 0x0000000619400000| PB 0x0000000619400000| Untracked |  0
|  97|0x0000000619800000, 0x0000000619800000, 0x0000000619c00000|  0%| F|  |TAMS 0x0000000619800000| PB 0x0000000619800000| Untracked |  0
|  98|0x0000000619c00000, 0x0000000619c00000, 0x000000061a000000|  0%| F|  |TAMS 0x0000000619c00000| PB 0x0000000619c00000| Untracked |  0
|  99|0x000000061a000000, 0x000000061a000000, 0x000000061a400000|  0%| F|  |TAMS 0x000000061a000000| PB 0x000000061a000000| Untracked |  0
| 100|0x000000061a400000, 0x000000061a400000, 0x000000061a800000|  0%| F|  |TAMS 0x000000061a400000| PB 0x000000061a400000| Untracked |  0
| 101|0x000000061a800000, 0x000000061a800000, 0x000000061ac00000|  0%| F|  |TAMS 0x000000061a800000| PB 0x000000061a800000| Untracked |  0
| 102|0x000000061ac00000, 0x000000061ac00000, 0x000000061b000000|  0%| F|  |TAMS 0x000000061ac00000| PB 0x000000061ac00000| Untracked |  0
| 103|0x000000061b000000, 0x000000061b000000, 0x000000061b400000|  0%| F|  |TAMS 0x000000061b000000| PB 0x000000061b000000| Untracked |  0
| 104|0x000000061b400000, 0x000000061b400000, 0x000000061b800000|  0%| F|  |TAMS 0x000000061b400000| PB 0x000000061b400000| Untracked |  0
| 105|0x000000061b800000, 0x000000061b800000, 0x000000061bc00000|  0%| F|  |TAMS 0x000000061b800000| PB 0x000000061b800000| Untracked |  0
| 106|0x000000061bc00000, 0x000000061bc00000, 0x000000061c000000|  0%| F|  |TAMS 0x000000061bc00000| PB 0x000000061bc00000| Untracked |  0
| 107|0x000000061c000000, 0x000000061c000000, 0x000000061c400000|  0%| F|  |TAMS 0x000000061c000000| PB 0x000000061c000000| Untracked |  0
| 108|0x000000061c400000, 0x000000061c400000, 0x000000061c800000|  0%| F|  |TAMS 0x000000061c400000| PB 0x000000061c400000| Untracked |  0
| 109|0x000000061c800000, 0x000000061c800000, 0x000000061cc00000|  0%| F|  |TAMS 0x000000061c800000| PB 0x000000061c800000| Untracked |  0
| 110|0x000000061cc00000, 0x000000061cc00000, 0x000000061d000000|  0%| F|  |TAMS 0x000000061cc00000| PB 0x000000061cc00000| Untracked |  0
| 111|0x000000061d000000, 0x000000061d000000, 0x000000061d400000|  0%| F|  |TAMS 0x000000061d000000| PB 0x000000061d000000| Untracked |  0
| 112|0x000000061d400000, 0x000000061d400000, 0x000000061d800000|  0%| F|  |TAMS 0x000000061d400000| PB 0x000000061d400000| Untracked |  0
| 113|0x000000061d800000, 0x000000061d800000, 0x000000061dc00000|  0%| F|  |TAMS 0x000000061d800000| PB 0x000000061d800000| Untracked |  0
| 114|0x000000061dc00000, 0x000000061dc00000, 0x000000061e000000|  0%| F|  |TAMS 0x000000061dc00000| PB 0x000000061dc00000| Untracked |  0
| 115|0x000000061e000000, 0x000000061e000000, 0x000000061e400000|  0%| F|  |TAMS 0x000000061e000000| PB 0x000000061e000000| Untracked |  0
| 116|0x000000061e400000, 0x000000061e400000, 0x000000061e800000|  0%| F|  |TAMS 0x000000061e400000| PB 0x000000061e400000| Untracked |  0
| 117|0x000000061e800000, 0x000000061e800000, 0x000000061ec00000|  0%| F|  |TAMS 0x000000061e800000| PB 0x000000061e800000| Untracked |  0
| 118|0x000000061ec00000, 0x000000061ec00000, 0x000000061f000000|  0%| F|  |TAMS 0x000000061ec00000| PB 0x000000061ec00000| Untracked |  0
| 119|0x000000061f000000, 0x000000061f000000, 0x000000061f400000|  0%| F|  |TAMS 0x000000061f000000| PB 0x000000061f000000| Untracked |  0
| 120|0x000000061f400000, 0x000000061f400000, 0x000000061f800000|  0%| F|  |TAMS 0x000000061f400000| PB 0x000000061f400000| Untracked |  0
| 121|0x000000061f800000, 0x000000061f800000, 0x000000061fc00000|  0%| F|  |TAMS 0x000000061f800000| PB 0x000000061f800000| Untracked |  0
| 122|0x000000061fc00000, 0x000000061fc00000, 0x0000000620000000|  0%| F|  |TAMS 0x000000061fc00000| PB 0x000000061fc00000| Untracked |  0
| 123|0x0000000620000000, 0x0000000620000000, 0x0000000620400000|  0%| F|  |TAMS 0x0000000620000000| PB 0x0000000620000000| Untracked |  0
| 124|0x0000000620400000, 0x0000000620400000, 0x0000000620800000|  0%| F|  |TAMS 0x0000000620400000| PB 0x0000000620400000| Untracked |  0
| 125|0x0000000620800000, 0x0000000620800000, 0x0000000620c00000|  0%| F|  |TAMS 0x0000000620800000| PB 0x0000000620800000| Untracked |  0
| 126|0x0000000620c00000, 0x0000000620c00000, 0x0000000621000000|  0%| F|  |TAMS 0x0000000620c00000| PB 0x0000000620c00000| Untracked |  0
| 127|0x0000000621000000, 0x0000000621000000, 0x0000000621400000|  0%| F|  |TAMS 0x0000000621000000| PB 0x0000000621000000| Untracked |  0
| 128|0x0000000621400000, 0x0000000621400000, 0x0000000621800000|  0%| F|  |TAMS 0x0000000621400000| PB 0x0000000621400000| Untracked |  0
| 129|0x0000000621800000, 0x0000000621800000, 0x0000000621c00000|  0%| F|  |TAMS 0x0000000621800000| PB 0x0000000621800000| Untracked |  0
| 130|0x0000000621c00000, 0x0000000621c00000, 0x0000000622000000|  0%| F|  |TAMS 0x0000000621c00000| PB 0x0000000621c00000| Untracked |  0
| 131|0x0000000622000000, 0x0000000622000000, 0x0000000622400000|  0%| F|  |TAMS 0x0000000622000000| PB 0x0000000622000000| Untracked |  0
| 132|0x0000000622400000, 0x0000000622400000, 0x0000000622800000|  0%| F|  |TAMS 0x0000000622400000| PB 0x0000000622400000| Untracked |  0
| 133|0x0000000622800000, 0x0000000622800000, 0x0000000622c00000|  0%| F|  |TAMS 0x0000000622800000| PB 0x0000000622800000| Untracked |  0
| 134|0x0000000622c00000, 0x0000000622c00000, 0x0000000623000000|  0%| F|  |TAMS 0x0000000622c00000| PB 0x0000000622c00000| Untracked |  0
| 135|0x0000000623000000, 0x0000000623000000, 0x0000000623400000|  0%| F|  |TAMS 0x0000000623000000| PB 0x0000000623000000| Untracked |  0
| 136|0x0000000623400000, 0x0000000623400000, 0x0000000623800000|  0%| F|  |TAMS 0x0000000623400000| PB 0x0000000623400000| Untracked |  0
| 137|0x0000000623800000, 0x0000000623800000, 0x0000000623c00000|  0%| F|  |TAMS 0x0000000623800000| PB 0x0000000623800000| Untracked |  0
| 138|0x0000000623c00000, 0x0000000623c00000, 0x0000000624000000|  0%| F|  |TAMS 0x0000000623c00000| PB 0x0000000623c00000| Untracked |  0
| 139|0x0000000624000000, 0x0000000624000000, 0x0000000624400000|  0%| F|  |TAMS 0x0000000624000000| PB 0x0000000624000000| Untracked |  0
| 140|0x0000000624400000, 0x0000000624400000, 0x0000000624800000|  0%| F|  |TAMS 0x0000000624400000| PB 0x0000000624400000| Untracked |  0
| 141|0x0000000624800000, 0x0000000624800000, 0x0000000624c00000|  0%| F|  |TAMS 0x0000000624800000| PB 0x0000000624800000| Untracked |  0
| 142|0x0000000624c00000, 0x0000000624c00000, 0x0000000625000000|  0%| F|  |TAMS 0x0000000624c00000| PB 0x0000000624c00000| Untracked |  0
| 143|0x0000000625000000, 0x0000000625000000, 0x0000000625400000|  0%| F|  |TAMS 0x0000000625000000| PB 0x0000000625000000| Untracked |  0
| 144|0x0000000625400000, 0x0000000625400000, 0x0000000625800000|  0%| F|  |TAMS 0x0000000625400000| PB 0x0000000625400000| Untracked |  0
| 145|0x0000000625800000, 0x0000000625800000, 0x0000000625c00000|  0%| F|  |TAMS 0x0000000625800000| PB 0x0000000625800000| Untracked |  0
| 146|0x0000000625c00000, 0x0000000625c00000, 0x0000000626000000|  0%| F|  |TAMS 0x0000000625c00000| PB 0x0000000625c00000| Untracked |  0
| 147|0x0000000626000000, 0x0000000626000000, 0x0000000626400000|  0%| F|  |TAMS 0x0000000626000000| PB 0x0000000626000000| Untracked |  0
| 148|0x0000000626400000, 0x0000000626400000, 0x0000000626800000|  0%| F|  |TAMS 0x0000000626400000| PB 0x0000000626400000| Untracked |  0
| 149|0x0000000626800000, 0x0000000626800000, 0x0000000626c00000|  0%| F|  |TAMS 0x0000000626800000| PB 0x0000000626800000| Untracked |  0
| 150|0x0000000626c00000, 0x0000000626c00000, 0x0000000627000000|  0%| F|  |TAMS 0x0000000626c00000| PB 0x0000000626c00000| Untracked |  0
| 151|0x0000000627000000, 0x0000000627000000, 0x0000000627400000|  0%| F|  |TAMS 0x0000000627000000| PB 0x0000000627000000| Untracked |  0
| 152|0x0000000627400000, 0x0000000627400000, 0x0000000627800000|  0%| F|  |TAMS 0x0000000627400000| PB 0x0000000627400000| Untracked |  0
| 153|0x0000000627800000, 0x0000000627800000, 0x0000000627c00000|  0%| F|  |TAMS 0x0000000627800000| PB 0x0000000627800000| Untracked |  0
| 154|0x0000000627c00000, 0x0000000627c00000, 0x0000000628000000|  0%| F|  |TAMS 0x0000000627c00000| PB 0x0000000627c00000| Untracked |  0
| 155|0x0000000628000000, 0x0000000628000000, 0x0000000628400000|  0%| F|  |TAMS 0x0000000628000000| PB 0x0000000628000000| Untracked |  0
| 156|0x0000000628400000, 0x0000000628400000, 0x0000000628800000|  0%| F|  |TAMS 0x0000000628400000| PB 0x0000000628400000| Untracked |  0
| 157|0x0000000628800000, 0x0000000628800000, 0x0000000628c00000|  0%| F|  |TAMS 0x0000000628800000| PB 0x0000000628800000| Untracked |  0
| 158|0x0000000628c00000, 0x0000000628c00000, 0x0000000629000000|  0%| F|  |TAMS 0x0000000628c00000| PB 0x0000000628c00000| Untracked |  0
| 159|0x0000000629000000, 0x0000000629000000, 0x0000000629400000|  0%| F|  |TAMS 0x0000000629000000| PB 0x0000000629000000| Untracked |  0
| 160|0x0000000629400000, 0x0000000629400000, 0x0000000629800000|  0%| F|  |TAMS 0x0000000629400000| PB 0x0000000629400000| Untracked |  0
| 161|0x0000000629800000, 0x0000000629800000, 0x0000000629c00000|  0%| F|  |TAMS 0x0000000629800000| PB 0x0000000629800000| Untracked |  0
| 162|0x0000000629c00000, 0x0000000629c00000, 0x000000062a000000|  0%| F|  |TAMS 0x0000000629c00000| PB 0x0000000629c00000| Untracked |  0
| 163|0x000000062a000000, 0x000000062a000000, 0x000000062a400000|  0%| F|  |TAMS 0x000000062a000000| PB 0x000000062a000000| Untracked |  0
| 164|0x000000062a400000, 0x000000062a400000, 0x000000062a800000|  0%| F|  |TAMS 0x000000062a400000| PB 0x000000062a400000| Untracked |  0
| 165|0x000000062a800000, 0x000000062a800000, 0x000000062ac00000|  0%| F|  |TAMS 0x000000062a800000| PB 0x000000062a800000| Untracked |  0
| 166|0x000000062ac00000, 0x000000062ac00000, 0x000000062b000000|  0%| F|  |TAMS 0x000000062ac00000| PB 0x000000062ac00000| Untracked |  0
| 167|0x000000062b000000, 0x000000062b000000, 0x000000062b400000|  0%| F|  |TAMS 0x000000062b000000| PB 0x000000062b000000| Untracked |  0
| 168|0x000000062b400000, 0x000000062b400000, 0x000000062b800000|  0%| F|  |TAMS 0x000000062b400000| PB 0x000000062b400000| Untracked |  0
| 169|0x000000062b800000, 0x000000062b800000, 0x000000062bc00000|  0%| F|  |TAMS 0x000000062b800000| PB 0x000000062b800000| Untracked |  0
| 170|0x000000062bc00000, 0x000000062bc00000, 0x000000062c000000|  0%| F|  |TAMS 0x000000062bc00000| PB 0x000000062bc00000| Untracked |  0
| 171|0x000000062c000000, 0x000000062c000000, 0x000000062c400000|  0%| F|  |TAMS 0x000000062c000000| PB 0x000000062c000000| Untracked |  0
| 172|0x000000062c400000, 0x000000062c400000, 0x000000062c800000|  0%| F|  |TAMS 0x000000062c400000| PB 0x000000062c400000| Untracked |  0
| 173|0x000000062c800000, 0x000000062c800000, 0x000000062cc00000|  0%| F|  |TAMS 0x000000062c800000| PB 0x000000062c800000| Untracked |  0
| 174|0x000000062cc00000, 0x000000062cc00000, 0x000000062d000000|  0%| F|  |TAMS 0x000000062cc00000| PB 0x000000062cc00000| Untracked |  0
| 175|0x000000062d000000, 0x000000062d000000, 0x000000062d400000|  0%| F|  |TAMS 0x000000062d000000| PB 0x000000062d000000| Untracked |  0
| 176|0x000000062d400000, 0x000000062d400000, 0x000000062d800000|  0%| F|  |TAMS 0x000000062d400000| PB 0x000000062d400000| Untracked |  0
| 177|0x000000062d800000, 0x000000062d800000, 0x000000062dc00000|  0%| F|  |TAMS 0x000000062d800000| PB 0x000000062d800000| Untracked |  0
| 178|0x000000062dc00000, 0x000000062dc00000, 0x000000062e000000|  0%| F|  |TAMS 0x000000062dc00000| PB 0x000000062dc00000| Untracked |  0
| 179|0x000000062e000000, 0x000000062e000000, 0x000000062e400000|  0%| F|  |TAMS 0x000000062e000000| PB 0x000000062e000000| Untracked |  0
| 180|0x000000062e400000, 0x000000062e400000, 0x000000062e800000|  0%| F|  |TAMS 0x000000062e400000| PB 0x000000062e400000| Untracked |  0
| 181|0x000000062e800000, 0x000000062e800000, 0x000000062ec00000|  0%| F|  |TAMS 0x000000062e800000| PB 0x000000062e800000| Untracked |  0
| 182|0x000000062ec00000, 0x000000062ec00000, 0x000000062f000000|  0%| F|  |TAMS 0x000000062ec00000| PB 0x000000062ec00000| Untracked |  0
| 183|0x000000062f000000, 0x000000062f000000, 0x000000062f400000|  0%| F|  |TAMS 0x000000062f000000| PB 0x000000062f000000| Untracked |  0
| 184|0x000000062f400000, 0x000000062f400000, 0x000000062f800000|  0%| F|  |TAMS 0x000000062f400000| PB 0x000000062f400000| Untracked |  0
| 185|0x000000062f800000, 0x000000062f800000, 0x000000062fc00000|  0%| F|  |TAMS 0x000000062f800000| PB 0x000000062f800000| Untracked |  0
| 186|0x000000062fc00000, 0x000000062fc00000, 0x0000000630000000|  0%| F|  |TAMS 0x000000062fc00000| PB 0x000000062fc00000| Untracked |  0
| 187|0x0000000630000000, 0x0000000630000000, 0x0000000630400000|  0%| F|  |TAMS 0x0000000630000000| PB 0x0000000630000000| Untracked |  0
| 188|0x0000000630400000, 0x0000000630400000, 0x0000000630800000|  0%| F|  |TAMS 0x0000000630400000| PB 0x0000000630400000| Untracked |  0
| 189|0x0000000630800000, 0x0000000630800000, 0x0000000630c00000|  0%| F|  |TAMS 0x0000000630800000| PB 0x0000000630800000| Untracked |  0
| 190|0x0000000630c00000, 0x0000000630c00000, 0x0000000631000000|  0%| F|  |TAMS 0x0000000630c00000| PB 0x0000000630c00000| Untracked |  0
| 191|0x0000000631000000, 0x0000000631000000, 0x0000000631400000|  0%| F|  |TAMS 0x0000000631000000| PB 0x0000000631000000| Untracked |  0
| 192|0x0000000631400000, 0x0000000631400000, 0x0000000631800000|  0%| F|  |TAMS 0x0000000631400000| PB 0x0000000631400000| Untracked |  0
| 193|0x0000000631800000, 0x0000000631800000, 0x0000000631c00000|  0%| F|  |TAMS 0x0000000631800000| PB 0x0000000631800000| Untracked |  0
| 194|0x0000000631c00000, 0x0000000631c00000, 0x0000000632000000|  0%| F|  |TAMS 0x0000000631c00000| PB 0x0000000631c00000| Untracked |  0
| 195|0x0000000632000000, 0x0000000632000000, 0x0000000632400000|  0%| F|  |TAMS 0x0000000632000000| PB 0x0000000632000000| Untracked |  0
| 196|0x0000000632400000, 0x0000000632400000, 0x0000000632800000|  0%| F|  |TAMS 0x0000000632400000| PB 0x0000000632400000| Untracked |  0
| 197|0x0000000632800000, 0x0000000632800000, 0x0000000632c00000|  0%| F|  |TAMS 0x0000000632800000| PB 0x0000000632800000| Untracked |  0
| 198|0x0000000632c00000, 0x0000000632c00000, 0x0000000633000000|  0%| F|  |TAMS 0x0000000632c00000| PB 0x0000000632c00000| Untracked |  0
| 199|0x0000000633000000, 0x0000000633000000, 0x0000000633400000|  0%| F|  |TAMS 0x0000000633000000| PB 0x0000000633000000| Untracked |  0
| 200|0x0000000633400000, 0x0000000633400000, 0x0000000633800000|  0%| F|  |TAMS 0x0000000633400000| PB 0x0000000633400000| Untracked |  0
| 201|0x0000000633800000, 0x0000000633800000, 0x0000000633c00000|  0%| F|  |TAMS 0x0000000633800000| PB 0x0000000633800000| Untracked |  0
| 202|0x0000000633c00000, 0x0000000633c00000, 0x0000000634000000|  0%| F|  |TAMS 0x0000000633c00000| PB 0x0000000633c00000| Untracked |  0
| 203|0x0000000634000000, 0x0000000634000000, 0x0000000634400000|  0%| F|  |TAMS 0x0000000634000000| PB 0x0000000634000000| Untracked |  0
| 204|0x0000000634400000, 0x0000000634400000, 0x0000000634800000|  0%| F|  |TAMS 0x0000000634400000| PB 0x0000000634400000| Untracked |  0
| 205|0x0000000634800000, 0x0000000634800000, 0x0000000634c00000|  0%| F|  |TAMS 0x0000000634800000| PB 0x0000000634800000| Untracked |  0
| 206|0x0000000634c00000, 0x0000000634c00000, 0x0000000635000000|  0%| F|  |TAMS 0x0000000634c00000| PB 0x0000000634c00000| Untracked |  0
| 207|0x0000000635000000, 0x0000000635000000, 0x0000000635400000|  0%| F|  |TAMS 0x0000000635000000| PB 0x0000000635000000| Untracked |  0
| 208|0x0000000635400000, 0x0000000635400000, 0x0000000635800000|  0%| F|  |TAMS 0x0000000635400000| PB 0x0000000635400000| Untracked |  0
| 209|0x0000000635800000, 0x0000000635800000, 0x0000000635c00000|  0%| F|  |TAMS 0x0000000635800000| PB 0x0000000635800000| Untracked |  0
| 210|0x0000000635c00000, 0x0000000635c00000, 0x0000000636000000|  0%| F|  |TAMS 0x0000000635c00000| PB 0x0000000635c00000| Untracked |  0
| 211|0x0000000636000000, 0x0000000636000000, 0x0000000636400000|  0%| F|  |TAMS 0x0000000636000000| PB 0x0000000636000000| Untracked |  0
| 212|0x0000000636400000, 0x0000000636400000, 0x0000000636800000|  0%| F|  |TAMS 0x0000000636400000| PB 0x0000000636400000| Untracked |  0
| 213|0x0000000636800000, 0x0000000636993310, 0x0000000636c00000| 39%| E|  |TAMS 0x0000000636800000| PB 0x0000000636800000| Complete |  0
| 214|0x0000000636c00000, 0x0000000637000000, 0x0000000637000000|100%| E|CS|TAMS 0x0000000636c00000| PB 0x0000000636c00000| Complete |  0
| 215|0x0000000637000000, 0x0000000637400000, 0x0000000637400000|100%| E|CS|TAMS 0x0000000637000000| PB 0x0000000637000000| Complete |  0
| 216|0x0000000637400000, 0x0000000637800000, 0x0000000637800000|100%| E|CS|TAMS 0x0000000637400000| PB 0x0000000637400000| Complete |  0
| 217|0x0000000637800000, 0x0000000637c00000, 0x0000000637c00000|100%| E|CS|TAMS 0x0000000637800000| PB 0x0000000637800000| Complete |  0
| 218|0x0000000637c00000, 0x0000000638000000, 0x0000000638000000|100%| E|CS|TAMS 0x0000000637c00000| PB 0x0000000637c00000| Complete |  0
| 219|0x0000000638000000, 0x0000000638400000, 0x0000000638400000|100%| E|CS|TAMS 0x0000000638000000| PB 0x0000000638000000| Complete |  0
| 220|0x0000000638400000, 0x0000000638800000, 0x0000000638800000|100%| E|CS|TAMS 0x0000000638400000| PB 0x0000000638400000| Complete |  0
| 221|0x0000000638800000, 0x0000000638c00000, 0x0000000638c00000|100%| E|CS|TAMS 0x0000000638800000| PB 0x0000000638800000| Complete |  0
| 222|0x0000000638c00000, 0x0000000639000000, 0x0000000639000000|100%| E|CS|TAMS 0x0000000638c00000| PB 0x0000000638c00000| Complete |  0
| 223|0x0000000639000000, 0x0000000639400000, 0x0000000639400000|100%| E|CS|TAMS 0x0000000639000000| PB 0x0000000639000000| Complete |  0
| 224|0x0000000639400000, 0x0000000639800000, 0x0000000639800000|100%| E|CS|TAMS 0x0000000639400000| PB 0x0000000639400000| Complete |  0
| 225|0x0000000639800000, 0x0000000639c00000, 0x0000000639c00000|100%| E|CS|TAMS 0x0000000639800000| PB 0x0000000639800000| Complete |  0
| 226|0x0000000639c00000, 0x000000063a000000, 0x000000063a000000|100%| E|CS|TAMS 0x0000000639c00000| PB 0x0000000639c00000| Complete |  0
| 227|0x000000063a000000, 0x000000063a400000, 0x000000063a400000|100%| E|CS|TAMS 0x000000063a000000| PB 0x000000063a000000| Complete |  0
| 228|0x000000063a400000, 0x000000063a800000, 0x000000063a800000|100%| E|CS|TAMS 0x000000063a400000| PB 0x000000063a400000| Complete |  0
| 229|0x000000063a800000, 0x000000063ac00000, 0x000000063ac00000|100%| E|CS|TAMS 0x000000063a800000| PB 0x000000063a800000| Complete |  0
| 230|0x000000063ac00000, 0x000000063b000000, 0x000000063b000000|100%| E|CS|TAMS 0x000000063ac00000| PB 0x000000063ac00000| Complete |  0
| 231|0x000000063b000000, 0x000000063b400000, 0x000000063b400000|100%| E|CS|TAMS 0x000000063b000000| PB 0x000000063b000000| Complete |  0
| 232|0x000000063b400000, 0x000000063b800000, 0x000000063b800000|100%| E|CS|TAMS 0x000000063b400000| PB 0x000000063b400000| Complete |  0
| 233|0x000000063b800000, 0x000000063bc00000, 0x000000063bc00000|100%| E|CS|TAMS 0x000000063b800000| PB 0x000000063b800000| Complete |  0
| 234|0x000000063bc00000, 0x000000063c000000, 0x000000063c000000|100%| E|CS|TAMS 0x000000063bc00000| PB 0x000000063bc00000| Complete |  0
| 235|0x000000063c000000, 0x000000063c400000, 0x000000063c400000|100%|HS|  |TAMS 0x000000063c000000| PB 0x000000063c000000| Complete |  0
| 236|0x000000063c400000, 0x000000063c800000, 0x000000063c800000|100%|HC|  |TAMS 0x000000063c400000| PB 0x000000063c400000| Complete |  0
| 237|0x000000063c800000, 0x000000063cc00000, 0x000000063cc00000|100%|HC|  |TAMS 0x000000063c800000| PB 0x000000063c800000| Complete |  0
| 238|0x000000063cc00000, 0x000000063d000000, 0x000000063d000000|100%|HC|  |TAMS 0x000000063cc00000| PB 0x000000063cc00000| Complete |  0
| 239|0x000000063d000000, 0x000000063d400000, 0x000000063d400000|100%|HC|  |TAMS 0x000000063d000000| PB 0x000000063d000000| Complete |  0
| 240|0x000000063d400000, 0x000000063d800000, 0x000000063d800000|100%|HC|  |TAMS 0x000000063d400000| PB 0x000000063d400000| Complete |  0
| 241|0x000000063d800000, 0x000000063dc00000, 0x000000063dc00000|100%|HC|  |TAMS 0x000000063d800000| PB 0x000000063d800000| Complete |  0
| 242|0x000000063dc00000, 0x000000063e000000, 0x000000063e000000|100%|HC|  |TAMS 0x000000063dc00000| PB 0x000000063dc00000| Complete |  0
| 243|0x000000063e000000, 0x000000063e400000, 0x000000063e400000|100%|HC|  |TAMS 0x000000063e000000| PB 0x000000063e000000| Complete |  0
| 244|0x000000063e400000, 0x000000063e800000, 0x000000063e800000|100%|HC|  |TAMS 0x000000063e400000| PB 0x000000063e400000| Complete |  0
| 245|0x000000063e800000, 0x000000063ec00000, 0x000000063ec00000|100%|HC|  |TAMS 0x000000063e800000| PB 0x000000063e800000| Complete |  0
| 246|0x000000063ec00000, 0x000000063f000000, 0x000000063f000000|100%|HC|  |TAMS 0x000000063ec00000| PB 0x000000063ec00000| Complete |  0
| 247|0x000000063f000000, 0x000000063f400000, 0x000000063f400000|100%|HC|  |TAMS 0x000000063f000000| PB 0x000000063f000000| Complete |  0
| 248|0x000000063f400000, 0x000000063f800000, 0x000000063f800000|100%|HC|  |TAMS 0x000000063f400000| PB 0x000000063f400000| Complete |  0
| 249|0x000000063f800000, 0x000000063fc00000, 0x000000063fc00000|100%|HC|  |TAMS 0x000000063f800000| PB 0x000000063f800000| Complete |  0
| 250|0x000000063fc00000, 0x0000000640000000, 0x0000000640000000|100%|HC|  |TAMS 0x000000063fc00000| PB 0x000000063fc00000| Complete |  0
| 251|0x0000000640000000, 0x0000000640400000, 0x0000000640400000|100%|HC|  |TAMS 0x0000000640000000| PB 0x0000000640000000| Complete |  0
| 252|0x0000000640400000, 0x0000000640800000, 0x0000000640800000|100%|HC|  |TAMS 0x0000000640400000| PB 0x0000000640400000| Complete |  0
| 253|0x0000000640800000, 0x0000000640c00000, 0x0000000640c00000|100%|HC|  |TAMS 0x0000000640800000| PB 0x0000000640800000| Complete |  0
| 254|0x0000000640c00000, 0x0000000641000000, 0x0000000641000000|100%|HC|  |TAMS 0x0000000640c00000| PB 0x0000000640c00000| Complete |  0
| 255|0x0000000641000000, 0x0000000641400000, 0x0000000641400000|100%|HC|  |TAMS 0x0000000641000000| PB 0x0000000641000000| Complete |  0
| 256|0x0000000641400000, 0x0000000641800000, 0x0000000641800000|100%|HC|  |TAMS 0x0000000641400000| PB 0x0000000641400000| Complete |  0
| 257|0x0000000641800000, 0x0000000641c00000, 0x0000000641c00000|100%|HC|  |TAMS 0x0000000641800000| PB 0x0000000641800000| Complete |  0
| 258|0x0000000641c00000, 0x0000000642000000, 0x0000000642000000|100%|HC|  |TAMS 0x0000000641c00000| PB 0x0000000641c00000| Complete |  0
| 259|0x0000000642000000, 0x0000000642400000, 0x0000000642400000|100%|HC|  |TAMS 0x0000000642000000| PB 0x0000000642000000| Complete |  0
| 260|0x0000000642400000, 0x0000000642800000, 0x0000000642800000|100%|HC|  |TAMS 0x0000000642400000| PB 0x0000000642400000| Complete |  0
| 261|0x0000000642800000, 0x0000000642c00000, 0x0000000642c00000|100%|HC|  |TAMS 0x0000000642800000| PB 0x0000000642800000| Complete |  0
| 262|0x0000000642c00000, 0x0000000643000000, 0x0000000643000000|100%|HC|  |TAMS 0x0000000642c00000| PB 0x0000000642c00000| Complete |  0
| 263|0x0000000643000000, 0x0000000643400000, 0x0000000643400000|100%|HC|  |TAMS 0x0000000643000000| PB 0x0000000643000000| Complete |  0
| 264|0x0000000643400000, 0x0000000643800000, 0x0000000643800000|100%|HC|  |TAMS 0x0000000643400000| PB 0x0000000643400000| Complete |  0
| 265|0x0000000643800000, 0x0000000643c00000, 0x0000000643c00000|100%|HC|  |TAMS 0x0000000643800000| PB 0x0000000643800000| Complete |  0
| 266|0x0000000643c00000, 0x0000000644000000, 0x0000000644000000|100%|HC|  |TAMS 0x0000000643c00000| PB 0x0000000643c00000| Complete |  0
| 267|0x0000000644000000, 0x0000000644400000, 0x0000000644400000|100%|HC|  |TAMS 0x0000000644000000| PB 0x0000000644000000| Complete |  0
| 268|0x0000000644400000, 0x0000000644800000, 0x0000000644800000|100%|HC|  |TAMS 0x0000000644400000| PB 0x0000000644400000| Complete |  0
| 269|0x0000000644800000, 0x0000000644c00000, 0x0000000644c00000|100%|HC|  |TAMS 0x0000000644800000| PB 0x0000000644800000| Complete |  0
| 270|0x0000000644c00000, 0x0000000645000000, 0x0000000645000000|100%|HC|  |TAMS 0x0000000644c00000| PB 0x0000000644c00000| Complete |  0
| 271|0x0000000645000000, 0x0000000645400000, 0x0000000645400000|100%|HC|  |TAMS 0x0000000645000000| PB 0x0000000645000000| Complete |  0
| 272|0x0000000645400000, 0x0000000645800000, 0x0000000645800000|100%|HC|  |TAMS 0x0000000645400000| PB 0x0000000645400000| Complete |  0
| 273|0x0000000645800000, 0x0000000645c00000, 0x0000000645c00000|100%|HS|  |TAMS 0x0000000645800000| PB 0x0000000645800000| Complete |  0
| 274|0x0000000645c00000, 0x0000000646000000, 0x0000000646000000|100%|HC|  |TAMS 0x0000000645c00000| PB 0x0000000645c00000| Complete |  0
| 275|0x0000000646000000, 0x0000000646400000, 0x0000000646400000|100%|HC|  |TAMS 0x0000000646000000| PB 0x0000000646000000| Complete |  0
| 276|0x0000000646400000, 0x0000000646800000, 0x0000000646800000|100%|HC|  |TAMS 0x0000000646400000| PB 0x0000000646400000| Complete |  0
| 277|0x0000000646800000, 0x0000000646c00000, 0x0000000646c00000|100%|HC|  |TAMS 0x0000000646800000| PB 0x0000000646800000| Complete |  0
| 278|0x0000000646c00000, 0x0000000647000000, 0x0000000647000000|100%|HC|  |TAMS 0x0000000646c00000| PB 0x0000000646c00000| Complete |  0
| 279|0x0000000647000000, 0x0000000647400000, 0x0000000647400000|100%|HC|  |TAMS 0x0000000647000000| PB 0x0000000647000000| Complete |  0
| 280|0x0000000647400000, 0x0000000647800000, 0x0000000647800000|100%|HC|  |TAMS 0x0000000647400000| PB 0x0000000647400000| Complete |  0
| 281|0x0000000647800000, 0x0000000647c00000, 0x0000000647c00000|100%|HC|  |TAMS 0x0000000647800000| PB 0x0000000647800000| Complete |  0
| 282|0x0000000647c00000, 0x0000000648000000, 0x0000000648000000|100%|HC|  |TAMS 0x0000000647c00000| PB 0x0000000647c00000| Complete |  0
| 283|0x0000000648000000, 0x0000000648400000, 0x0000000648400000|100%| S|CS|TAMS 0x0000000648000000| PB 0x0000000648000000| Complete |  0
| 284|0x0000000648400000, 0x0000000648800000, 0x0000000648800000|100%| S|CS|TAMS 0x0000000648400000| PB 0x0000000648400000| Complete |  0
| 285|0x0000000648800000, 0x0000000648c00000, 0x0000000648c00000|100%| S|CS|TAMS 0x0000000648800000| PB 0x0000000648800000| Complete |  0
| 286|0x0000000648c00000, 0x0000000648d611d8, 0x0000000649000000| 34%| S|CS|TAMS 0x0000000648c00000| PB 0x0000000648c00000| Complete |  0
|2030|0x00000007fcc00000, 0x00000007fce3dc28, 0x00000007fd000000| 56%| O|  |TAMS 0x00000007fcc00000| PB 0x00000007fcc00000| Untracked |  0
|2031|0x00000007fd000000, 0x00000007fd400000, 0x00000007fd400000|100%| O|  |TAMS 0x00000007fd000000| PB 0x00000007fd000000| Untracked |  0
|2032|0x00000007fd400000, 0x00000007fd800000, 0x00000007fd800000|100%| O|  |TAMS 0x00000007fd400000| PB 0x00000007fd400000| Untracked |  0
|2033|0x00000007fd800000, 0x00000007fdc00000, 0x00000007fdc00000|100%| O|  |TAMS 0x00000007fd800000| PB 0x00000007fd800000| Untracked |  0
|2034|0x00000007fdc00000, 0x00000007fe000000, 0x00000007fe000000|100%| O|  |TAMS 0x00000007fdc00000| PB 0x00000007fdc00000| Untracked |  0
|2035|0x00000007fe000000, 0x00000007fe400000, 0x00000007fe400000|100%| O|  |TAMS 0x00000007fe000000| PB 0x00000007fe000000| Untracked |  0
|2036|0x00000007fe400000, 0x00000007fe800000, 0x00000007fe800000|100%| O|  |TAMS 0x00000007fe400000| PB 0x00000007fe400000| Untracked |  0
|2037|0x00000007fe800000, 0x00000007fec00000, 0x00000007fec00000|100%| O|  |TAMS 0x00000007fe800000| PB 0x00000007fe800000| Untracked |  0
|2038|0x00000007fec00000, 0x00000007ff000000, 0x00000007ff000000|100%| O|  |TAMS 0x00000007fec00000| PB 0x00000007fec00000| Untracked |  0
|2039|0x00000007ff000000, 0x00000007ff400000, 0x00000007ff400000|100%| O|  |TAMS 0x00000007ff000000| PB 0x00000007ff000000| Untracked |  0
|2040|0x00000007ff400000, 0x00000007ff800000, 0x00000007ff800000|100%| O|  |TAMS 0x00000007ff400000| PB 0x00000007ff400000| Untracked |  0
|2041|0x00000007ff800000, 0x00000007ffc00000, 0x00000007ffc00000|100%| O|  |TAMS 0x00000007ff800000| PB 0x00000007ff800000| Untracked |  0
|2042|0x00000007ffc00000, 0x0000000800000000, 0x0000000800000000|100%| E|CS|TAMS 0x00000007ffc00000| PB 0x00000007ffc00000| Complete |  0

Card table byte_map: [0x0000013e689f0000,0x0000013e699f0000] _byte_map_base: 0x0000013e659e6000

Marking Bits: (CMBitMap*) 0x0000013e4f72e390
 Bits: [0x0000013e699f0000, 0x0000013e719a0000)

Polling page: 0x0000013e4d4b0000

Metaspace:
Metaspace        used 118736K, committed 119936K, reserved 1179648K
 class space     used 19088K, committed 19584K, reserved 1048576K

Usage:
  Non-class:     97.31 MB used.
      Class:     18.64 MB used.
       Both:    115.95 MB used.

Virtual space:
  Non-class space:      128.00 MB reserved,      98.00 MB ( 77%) committed,  2 nodes.
      Class space:        1.00 GB reserved,      19.12 MB (  2%) committed,  1 nodes.
             Both:        1.12 GB reserved,     117.12 MB ( 10%) committed. 

Chunk freelists:
   Non-Class:  13.55 MB
       Class:  12.92 MB
        Both:  26.47 MB

MaxMetaspaceSize: unlimited
CompressedClassSpaceSize: 1.00 GB
Initial GC threshold: 21.00 MB
Current GC threshold: 176.88 MB
CDS: on
 - commit_granule_bytes: 65536.
 - commit_granule_words: 8192.
 - virtual_space_node_default_size: 8388608.
 - enlarge_chunks_in_place: 1.
UseCompressedClassPointers 1, UseCompactObjectHeaders 0
Narrow klass pointer bits 32, Max shift 3
Narrow klass base: 0x000000000d000000, Narrow klass shift: 0
Encoding Range: [0x000000000d000000 - 0x000000010d000000), (4294967296 bytes)
Klass Range:    [0x000000000d010000 - 0x000000004e000000), (1090453504 bytes)
Klass ID Range:  [65536 - 1090519033) (1090453497)
Protection zone: [0x000000000d000000 - 0x000000000d010000), (65536 bytes)


Internal statistics:

num_allocs_failed_limit: 36.
num_arena_births: 1706.
num_arena_deaths: 0.
num_vsnodes_births: 3.
num_vsnodes_deaths: 0.
num_space_committed: 1868.
num_space_uncommitted: 0.
num_chunks_returned_to_freelist: 36.
num_chunks_taken_from_freelist: 6426.
num_chunk_merges: 33.
num_chunk_splits: 4279.
num_chunks_enlarged: 3288.
num_inconsistent_stats: 0.

CodeHeap 'non-profiled nmethods': size=119232Kb used=10952Kb max_used=10952Kb free=108279Kb
 bounds [0x0000013e5fcf0000, 0x0000013e607b0000, 0x0000013e67160000]
CodeHeap 'profiled nmethods': size=119104Kb used=24538Kb max_used=24538Kb free=94565Kb
 bounds [0x0000013e58160000, 0x0000013e59960000, 0x0000013e5f5b0000]
CodeHeap 'non-nmethods': size=7424Kb used=4120Kb max_used=4784Kb free=3303Kb
 bounds [0x0000013e5f5b0000, 0x0000013e5fa80000, 0x0000013e5fcf0000]
CodeCache: size=245760Kb, used=39610Kb, max_used=40274Kb, free=206147Kb
 total_blobs=18621, nmethods=16486, adapters=2034, full_count=0
Compilation: enabled, stopped_count=0, restarted_count=0

Compilation events (20 events):
Event: 15.331 Thread 0x0000013e74b1d110 nmethod 19087 0x0000013e5993b508 code [0x0000013e5993b600, 0x0000013e5993c3a8]
Event: 15.331 Thread 0x0000013e74b1d110 19094       3       org.vivecraft.client_vr.menuworlds.MenuWorldRenderer$$Lambda/0x000000000f30efe0::<init> (20 bytes)
Event: 15.331 Thread 0x0000013e74b1d110 nmethod 19094 0x0000013e5993c408 code [0x0000013e5993c500, 0x0000013e5993c730]
Event: 15.331 Thread 0x0000013e74b1d110 19098       3       net.minecraft.core.BlockPos$MutableBlockPos::setZ (8 bytes)
Event: 15.331 Thread 0x0000013e7f388de0 nmethod 19093 0x0000013e5993c788 code [0x0000013e5993c880, 0x0000013e5993cf18]
Event: 15.331 Thread 0x0000013e7f388de0 19099       3       net.minecraft.core.Vec3i::setZ (7 bytes)
Event: 15.331 Thread 0x0000013e749a46a0 nmethod 19097 0x0000013e5993cf88 code [0x0000013e5993d080, 0x0000013e5993de18]
Event: 15.331 Thread 0x0000013e7f748f60 19100       4       org.vivecraft.client_vr.menuworlds.FakeBlockAccess::checkCoords (72 bytes)
Event: 15.331 Thread 0x0000013e74b1d110 nmethod 19098 0x0000013e5993de88 code [0x0000013e5993df80, 0x0000013e5993e0e8]
Event: 15.331 Thread 0x0000013e7f388de0 nmethod 19099 0x0000013e5993e188 code [0x0000013e5993e280, 0x0000013e5993e390]
Event: 15.331 Thread 0x0000013e7f38ae20 19101       4       org.vivecraft.client_vr.menuworlds.FakeBlockAccess::getBlockState (41 bytes)
Event: 15.332 Thread 0x0000013e7f748f60 nmethod 19100 0x0000013e6079e188 code [0x0000013e6079e280, 0x0000013e6079e418]
Event: 15.333 Thread 0x0000013e7f388de0 19102 % !   3       org.vivecraft.client_vr.menuworlds.MenuWorldRenderer::buildGeometry @ 120 (966 bytes)
Event: 15.333 Thread 0x0000013e7f38ae20 nmethod 19101 0x0000013e6079e488 code [0x0000013e6079e580, 0x0000013e6079e7f0]
Event: 15.335 Thread 0x0000013e7f74afa0 nmethod 19082 0x0000013e6079e808 code [0x0000013e6079e900, 0x0000013e6079f160]
Event: 15.337 Thread 0x0000013e71b9d150 nmethod 19072 0x0000013e6079f188 code [0x0000013e6079f280, 0x0000013e6079fb50]
Event: 15.341 Thread 0x0000013e7f388de0 nmethod 19102% 0x0000013e5993e488 code [0x0000013e5993e580, 0x0000013e599496e0]
Event: 15.341 Thread 0x0000013e74b1d110 19103   !   3       org.vivecraft.client_vr.menuworlds.MenuWorldRenderer::buildGeometry (966 bytes)
Event: 15.341 Thread 0x0000013e749a46a0 19104       3       net.minecraft.client.renderer.ItemBlockRenderTypes::getChunkRenderType (54 bytes)
Event: 15.341 Thread 0x0000013e749a46a0 nmethod 19104 0x0000013e59949788 code [0x0000013e59949880, 0x0000013e5994a318]

GC Heap Usage History (20 events):
Event: 5.770 {heap Before GC invocations=11 (full 0):
 garbage-first heap   total reserved 8368128K, committed 466944K, used 403037K [0x0000000601400000, 0x0000000800000000)
  region size 4096K, 61 young (249856K), 5 survivors (20480K)
}
Event: 5.779 {heap After GC invocations=12 (full 0):
 garbage-first heap   total reserved 8368128K, committed 466944K, used 184312K [0x0000000601400000, 0x0000000800000000)
  region size 4096K, 7 young (28672K), 7 survivors (28672K)
}
Event: 6.566 {heap Before GC invocations=12 (full 0):
 garbage-first heap   total reserved 8368128K, committed 466944K, used 409592K [0x0000000601400000, 0x0000000800000000)
  region size 4096K, 62 young (253952K), 7 survivors (28672K)
}
Event: 6.575 {heap After GC invocations=13 (full 0):
 garbage-first heap   total reserved 8368128K, committed 466944K, used 191150K [0x0000000601400000, 0x0000000800000000)
  region size 4096K, 5 young (20480K), 5 survivors (20480K)
}
Event: 7.155 {heap Before GC invocations=13 (full 0):
 garbage-first heap   total reserved 8368128K, committed 466944K, used 416430K [0x0000000601400000, 0x0000000800000000)
  region size 4096K, 60 young (245760K), 5 survivors (20480K)
}
Event: 7.162 {heap After GC invocations=14 (full 0):
 garbage-first heap   total reserved 8368128K, committed 466944K, used 198173K [0x0000000601400000, 0x0000000800000000)
  region size 4096K, 7 young (28672K), 7 survivors (28672K)
}
Event: 7.258 {heap Before GC invocations=14 (full 0):
 garbage-first heap   total reserved 8368128K, committed 466944K, used 230941K [0x0000000601400000, 0x0000000800000000)
  region size 4096K, 16 young (65536K), 7 survivors (28672K)
}
Event: 7.264 {heap After GC invocations=15 (full 0):
 garbage-first heap   total reserved 8368128K, committed 561152K, used 199973K [0x0000000601400000, 0x0000000800000000)
  region size 4096K, 4 young (16384K), 4 survivors (16384K)
}
Event: 8.213 {heap Before GC invocations=16 (full 0):
 garbage-first heap   total reserved 8368128K, committed 561152K, used 519461K [0x0000000601400000, 0x0000000800000000)
  region size 4096K, 81 young (331776K), 4 survivors (16384K)
}
Event: 8.223 {heap After GC invocations=17 (full 0):
 garbage-first heap   total reserved 8368128K, committed 561152K, used 219602K [0x0000000601400000, 0x0000000800000000)
  region size 4096K, 8 young (32768K), 8 survivors (32768K)
}
Event: 9.841 {heap Before GC invocations=17 (full 0):
 garbage-first heap   total reserved 8368128K, committed 561152K, used 510418K [0x0000000601400000, 0x0000000800000000)
  region size 4096K, 79 young (323584K), 8 survivors (32768K)
}
Event: 9.853 {heap After GC invocations=18 (full 0):
 garbage-first heap   total reserved 8368128K, committed 561152K, used 229566K [0x0000000601400000, 0x0000000800000000)
  region size 4096K, 8 young (32768K), 8 survivors (32768K)
}
Event: 10.385 {heap Before GC invocations=18 (full 0):
 garbage-first heap   total reserved 8368128K, committed 561152K, used 508094K [0x0000000601400000, 0x0000000800000000)
  region size 4096K, 77 young (315392K), 8 survivors (32768K)
}
Event: 10.398 {heap After GC invocations=19 (full 0):
 garbage-first heap   total reserved 8368128K, committed 569344K, used 252648K [0x0000000601400000, 0x0000000800000000)
  region size 4096K, 9 young (36864K), 9 survivors (36864K)
}
Event: 10.715 {heap Before GC invocations=19 (full 0):
 garbage-first heap   total reserved 8368128K, committed 569344K, used 514792K [0x0000000601400000, 0x0000000800000000)
  region size 4096K, 74 young (303104K), 9 survivors (36864K)
}
Event: 10.725 {heap After GC invocations=20 (full 0):
 garbage-first heap   total reserved 8368128K, committed 577536K, used 269938K [0x0000000601400000, 0x0000000800000000)
  region size 4096K, 6 young (24576K), 6 survivors (24576K)
}
Event: 11.800 {heap Before GC invocations=21 (full 0):
 garbage-first heap   total reserved 8368128K, committed 577536K, used 519794K [0x0000000601400000, 0x0000000800000000)
  region size 4096K, 68 young (278528K), 6 survivors (24576K)
}
Event: 11.810 {heap After GC invocations=22 (full 0):
 garbage-first heap   total reserved 8368128K, committed 577536K, used 291967K [0x0000000601400000, 0x0000000800000000)
  region size 4096K, 9 young (36864K), 9 survivors (36864K)
}
Event: 15.230 {heap Before GC invocations=22 (full 0):
 garbage-first heap   total reserved 8368128K, committed 1167360K, used 1160319K [0x0000000601400000, 0x0000000800000000)
  region size 4096K, 63 young (258048K), 9 survivors (36864K)
}
Event: 15.274 {heap After GC invocations=23 (full 0):
 garbage-first heap   total reserved 8368128K, committed 1228800K, used 548475K [0x0000000601400000, 0x0000000800000000)
  region size 4096K, 4 young (16384K), 4 survivors (16384K)
}

Metaspace Usage History (20 events):
Event: 5.770 {metaspace Before GC invocations=11 (full 0):
 Metaspace       used 48459K, committed 49024K, reserved 1114112K
  class space    used 6893K, committed 7168K, reserved 1048576K
}
Event: 5.779 {metaspace After GC invocations=12 (full 0):
 Metaspace       used 48459K, committed 49024K, reserved 1114112K
  class space    used 6893K, committed 7168K, reserved 1048576K
}
Event: 6.566 {metaspace Before GC invocations=12 (full 0):
 Metaspace       used 56546K, committed 57216K, reserved 1114112K
  class space    used 8795K, committed 9088K, reserved 1048576K
}
Event: 6.575 {metaspace After GC invocations=13 (full 0):
 Metaspace       used 56546K, committed 57216K, reserved 1114112K
  class space    used 8795K, committed 9088K, reserved 1048576K
}
Event: 7.155 {metaspace Before GC invocations=13 (full 0):
 Metaspace       used 61984K, committed 62656K, reserved 1114112K
  class space    used 10215K, committed 10496K, reserved 1048576K
}
Event: 7.162 {metaspace After GC invocations=14 (full 0):
 Metaspace       used 61984K, committed 62656K, reserved 1114112K
  class space    used 10215K, committed 10496K, reserved 1048576K
}
Event: 7.258 {metaspace Before GC invocations=14 (full 0):
 Metaspace       used 63196K, committed 63808K, reserved 1114112K
  class space    used 10458K, committed 10752K, reserved 1048576K
}
Event: 7.264 {metaspace After GC invocations=15 (full 0):
 Metaspace       used 63196K, committed 63808K, reserved 1114112K
  class space    used 10458K, committed 10752K, reserved 1048576K
}
Event: 8.213 {metaspace Before GC invocations=16 (full 0):
 Metaspace       used 77907K, committed 78720K, reserved 1114112K
  class space    used 13504K, committed 13888K, reserved 1048576K
}
Event: 8.223 {metaspace After GC invocations=17 (full 0):
 Metaspace       used 77907K, committed 78720K, reserved 1114112K
  class space    used 13504K, committed 13888K, reserved 1048576K
}
Event: 9.841 {metaspace Before GC invocations=17 (full 0):
 Metaspace       used 98445K, committed 99520K, reserved 1179648K
  class space    used 16237K, committed 16704K, reserved 1048576K
}
Event: 9.853 {metaspace After GC invocations=18 (full 0):
 Metaspace       used 98445K, committed 99520K, reserved 1179648K
  class space    used 16237K, committed 16704K, reserved 1048576K
}
Event: 10.385 {metaspace Before GC invocations=18 (full 0):
 Metaspace       used 105527K, committed 106624K, reserved 1179648K
  class space    used 17294K, committed 17728K, reserved 1048576K
}
Event: 10.398 {metaspace After GC invocations=19 (full 0):
 Metaspace       used 105527K, committed 106624K, reserved 1179648K
  class space    used 17294K, committed 17728K, reserved 1048576K
}
Event: 10.715 {metaspace Before GC invocations=19 (full 0):
 Metaspace       used 107449K, committed 108608K, reserved 1179648K
  class space    used 17495K, committed 17984K, reserved 1048576K
}
Event: 10.725 {metaspace After GC invocations=20 (full 0):
 Metaspace       used 107449K, committed 108608K, reserved 1179648K
  class space    used 17495K, committed 17984K, reserved 1048576K
}
Event: 11.800 {metaspace Before GC invocations=21 (full 0):
 Metaspace       used 110402K, committed 111552K, reserved 1179648K
  class space    used 17994K, committed 18496K, reserved 1048576K
}
Event: 11.810 {metaspace After GC invocations=22 (full 0):
 Metaspace       used 110402K, committed 111552K, reserved 1179648K
  class space    used 17994K, committed 18496K, reserved 1048576K
}
Event: 15.230 {metaspace Before GC invocations=22 (full 0):
 Metaspace       used 118569K, committed 119680K, reserved 1179648K
  class space    used 19061K, committed 19520K, reserved 1048576K
}
Event: 15.274 {metaspace After GC invocations=23 (full 0):
 Metaspace       used 118569K, committed 119680K, reserved 1179648K
  class space    used 19061K, committed 19520K, reserved 1048576K
}

Dll operation events (17 events):
Event: 0.009 Loaded shared library C:\Users\ArneL\.jdks\temurin-25.0.2\bin\java.dll
Event: 0.246 Loaded shared library C:\Users\ArneL\.jdks\temurin-25.0.2\bin\net.dll
Event: 0.249 Loaded shared library C:\Users\ArneL\.jdks\temurin-25.0.2\bin\nio.dll
Event: 0.253 Loaded shared library C:\Users\ArneL\.jdks\temurin-25.0.2\bin\zip.dll
Event: 0.413 Loaded shared library C:\Users\ArneL\.jdks\temurin-25.0.2\bin\jimage.dll
Event: 1.047 Loaded shared library C:\Users\ArneL\.jdks\temurin-25.0.2\bin\management.dll
Event: 1.049 Loaded shared library C:\Users\ArneL\.jdks\temurin-25.0.2\bin\management_ext.dll
Event: 1.276 Loaded shared library C:\Users\ArneL\.jdks\temurin-25.0.2\bin\verify.dll
Event: 3.310 Loaded shared library C:\Users\ArneL\AppData\Local\Temp\jna-63533956\jna11736892976696318040.dll
Event: 8.308 Loaded shared library C:\Users\ArneL\.jdks\temurin-25.0.2\bin\sunmscapi.dll
Event: 8.327 Loaded shared library C:\Windows\System32\ucrtbase.dll
Event: 8.329 Loaded shared library C:\Users\ArneL\.jdks\temurin-25.0.2\bin\syslookup.dll
Event: 8.349 Loaded shared library C:\Users\ArneL\.jdks\temurin-25.0.2\bin\extnet.dll
Event: 8.770 Loaded shared library C:\Users\ArneL\AppData\Local\Temp\lwjgl_ArneL\3.3.6-snapshot\x64\lwjgl.dll
Event: 9.394 Loaded shared library C:\Users\ArneL\AppData\Local\Temp\lwjgl_ArneL\3.3.6-snapshot\x64\lwjgl_stb.dll
Event: 9.432 Loaded shared library C:\Users\ArneL\AppData\Local\Temp\lwjgl_ArneL\3.3.6-snapshot\x64\lwjgl_opengl.dll
Event: 12.767 Loaded shared library C:\Users\ArneL\AppData\Local\Temp\lwjgl_ArneL\3.3.6-snapshot\x64\lwjgl_openvr.dll

Deoptimization events (20 events):
Event: 15.329 Thread 0x0000013e4d209170 Uncommon trap: trap_request=0xffffffde fr.pc=0x0000013e60195520 relative=0x00000000000004a0
Event: 15.329 Thread 0x0000013e4d209170 Uncommon trap: reason=class_check action=maybe_recompile pc=0x0000013e60195520 method=java.util.concurrent.ForkJoinPool.execute(Ljava/lang/Runnable;)V @ 6 c2
Event: 15.329 Thread 0x0000013e4d209170 DEOPT PACKING pc=0x0000013e60195520 sp=0x0000003a5a5fe870
Event: 15.329 Thread 0x0000013e4d209170 DEOPT UNPACKING pc=0x0000013e5f6d0b82 sp=0x0000003a5a5fe840 mode 2
Event: 15.329 Thread 0x0000013e7c6fc1f0 Uncommon trap: trap_request=0xffffff5e fr.pc=0x0000013e6060a394 relative=0x0000000000000714
Event: 15.329 Thread 0x0000013e7c6fc1f0 Uncommon trap: reason=speculate_class_check action=maybe_recompile pc=0x0000013e6060a394 method=java.util.concurrent.ForkJoinTask.doExec()V @ 10 c2
Event: 15.329 Thread 0x0000013e4d209170 Uncommon trap: trap_request=0xffffffde fr.pc=0x0000013e60195520 relative=0x00000000000004a0
Event: 15.329 Thread 0x0000013e4d209170 Uncommon trap: reason=class_check action=maybe_recompile pc=0x0000013e60195520 method=java.util.concurrent.ForkJoinPool.execute(Ljava/lang/Runnable;)V @ 6 c2
Event: 15.329 Thread 0x0000013e7c6fc1f0 DEOPT PACKING pc=0x0000013e6060a394 sp=0x0000003a5deff2b0
Event: 15.329 Thread 0x0000013e4d209170 DEOPT PACKING pc=0x0000013e60195520 sp=0x0000003a5a5fe870
Event: 15.329 Thread 0x0000013e4d209170 DEOPT UNPACKING pc=0x0000013e5f6d0b82 sp=0x0000003a5a5fe840 mode 2
Event: 15.329 Thread 0x0000013e7c6fc9c0 Uncommon trap: trap_request=0xffffff5e fr.pc=0x0000013e6060a394 relative=0x0000000000000714
Event: 15.329 Thread 0x0000013e7c6fc1f0 DEOPT UNPACKING pc=0x0000013e5f6d0b82 sp=0x0000003a5deff220 mode 2
Event: 15.329 Thread 0x0000013e7c6fc9c0 Uncommon trap: reason=speculate_class_check action=maybe_recompile pc=0x0000013e6060a394 method=java.util.concurrent.ForkJoinTask.doExec()V @ 10 c2
Event: 15.329 Thread 0x0000013e7c6fc9c0 DEOPT PACKING pc=0x0000013e6060a394 sp=0x0000003a5dfff0f0
Event: 15.329 Thread 0x0000013e7c6fc9c0 DEOPT UNPACKING pc=0x0000013e5f6d0b82 sp=0x0000003a5dfff060 mode 2
Event: 15.329 Thread 0x0000013e01ec2ad0 Uncommon trap: trap_request=0xffffff5e fr.pc=0x0000013e6060a394 relative=0x0000000000000714
Event: 15.329 Thread 0x0000013e01ec2ad0 Uncommon trap: reason=speculate_class_check action=maybe_recompile pc=0x0000013e6060a394 method=java.util.concurrent.ForkJoinTask.doExec()V @ 10 c2
Event: 15.329 Thread 0x0000013e01ec2ad0 DEOPT PACKING pc=0x0000013e6060a394 sp=0x0000003a5e6ff340
Event: 15.329 Thread 0x0000013e01ec2ad0 DEOPT UNPACKING pc=0x0000013e5f6d0b82 sp=0x0000003a5e6ff2b0 mode 2

Classes loaded (20 events):
Event: 13.021 Loading class com/sun/management/internal/OperatingSystemImpl
Event: 13.021 Loading class com/sun/management/OperatingSystemMXBean
Event: 13.021 Loading class com/sun/management/OperatingSystemMXBean done
Event: 13.021 Loading class sun/management/BaseOperatingSystemImpl
Event: 13.021 Loading class sun/management/BaseOperatingSystemImpl done
Event: 13.021 Loading class com/sun/management/internal/OperatingSystemImpl done
Event: 13.062 Loading class java/lang/FdLibm$Atan2
Event: 13.062 Loading class java/lang/FdLibm$Atan2 done
Event: 13.063 Loading class java/lang/FdLibm$Atan
Event: 13.063 Loading class java/lang/FdLibm$Atan done
Event: 13.366 Loading class java/util/zip/DataFormatException
Event: 13.366 Loading class java/util/zip/DataFormatException done
Event: 13.372 Loading class java/lang/FdLibm$Acos
Event: 13.372 Loading class java/lang/FdLibm$Acos done
Event: 13.771 Loading class java/util/concurrent/CompletableFuture$Signaller
Event: 13.771 Loading class java/util/concurrent/CompletableFuture$Signaller done
Event: 13.796 Loading class javax/sound/sampled/AudioFormat
Event: 13.796 Loading class javax/sound/sampled/AudioFormat done
Event: 13.796 Loading class javax/sound/sampled/AudioFormat$Encoding
Event: 13.796 Loading class javax/sound/sampled/AudioFormat$Encoding done

Classes unloaded (0 events):
No events

Classes redefined (0 events):
No events

Internal exceptions (20 events):
Event: 12.765 Thread 0x0000013e4d209170 Exception <a 'sun/nio/fs/WindowsException'{0x0000000621068768}> (0x0000000621068768) 
thrown [s\src\hotspot\share\prims\jni.cpp, line 516]
Event: 12.765 Thread 0x0000013e4d209170 Exception <a 'sun/nio/fs/WindowsException'{0x0000000621068b28}> (0x0000000621068b28) 
thrown [s\src\hotspot\share\prims\jni.cpp, line 516]
Event: 12.999 Thread 0x0000013e4d209170 Exception <a 'java/lang/NoSuchMethodError'{0x00000006202f59f0}: 'void java.lang.invoke.DirectMethodHandle$Holder.invokeStatic(java.lang.Object, int)'> (0x00000006202f59f0) 
thrown [s\src\hotspot\share\interpreter\linkResolver.cpp, line 804]
Event: 13.011 Thread 0x0000013e7d7052a0 Exception <a 'java/net/ConnectException'{0x000000061fe003a8}: Connection refused: connect> (0x000000061fe003a8) 
thrown [s\src\hotspot\share\prims\jni.cpp, line 534]
Event: 13.705 Thread 0x0000013e7c6fc1f0 Exception <a 'java/lang/IncompatibleClassChangeError'{0x000000061dde4ac0}: Found class java.lang.Object, but interface was expected> (0x000000061dde4ac0) 
thrown [s\src\hotspot\share\interpreter\linkResolver.cpp, line 871]
Event: 13.827 Thread 0x0000013e7d70a0c0 Exception <a 'java/lang/NoSuchMethodError'{0x000000061f87cfc8}: 'void java.lang.invoke.DirectMethodHandle$Holder.invokeSpecial(java.lang.Object, java.lang.Object, int)'> (0x000000061f87cfc8) 
thrown [s\src\hotspot\share\interpreter\linkResolver.cpp, line 804]
Event: 13.870 Thread 0x0000013e7c6fc1f0 Exception <a 'java/lang/IncompatibleClassChangeError'{0x00000006199ee348}: Found class java.lang.Object, but interface was expected> (0x00000006199ee348) 
thrown [s\src\hotspot\share\interpreter\linkResolver.cpp, line 871]
Event: 13.882 Thread 0x0000013e7c6fc1f0 Implicit null exception at 0x0000013e60103c5e to 0x0000013e60104160
Event: 13.882 Thread 0x0000013e7c6fc1f0 Implicit null exception at 0x0000013e601052d5 to 0x0000013e601056f4
Event: 13.924 Thread 0x0000013e7c6fc1f0 Exception <a 'java/lang/NoSuchMethodError'{0x0000000618e151d8}: 'java.lang.Object java.lang.invoke.DirectMethodHandle$Holder.invokeSpecial(java.lang.Object, java.lang.Object, java.lang.Object, java.lang.Object, java.lang.Object, java.lang.Object, int)'> (0x0000000618e151d8) 
thrown [s\src\hotspot\share\interpreter\linkResolver.cpp, line 804]
Event: 13.924 Thread 0x0000013e7c6fc1f0 Exception <a 'java/lang/NoSuchMethodError'{0x0000000618e1d408}: 'java.lang.Object java.lang.invoke.Invokers$Holder.linkToTargetMethod(java.lang.Object, java.lang.Object, java.lang.Object, java.lang.Object, int, java.lang.Object)'> (0x0000000618e1d408) 
thrown [s\src\hotspot\share\interpreter\linkResolver.cpp, line 804]
Event: 13.938 Thread 0x0000013e7c6fc1f0 Exception <a 'java/lang/NoSuchMethodError'{0x0000000618fff8f0}: 'double java.lang.invoke.DirectMethodHandle$Holder.invokeStatic(java.lang.Object, java.lang.Object)'> (0x0000000618fff8f0) 
thrown [s\src\hotspot\share\interpreter\linkResolver.cpp, line 804]
Event: 13.938 Thread 0x0000013e7c6fc1f0 Exception <a 'java/lang/NoSuchMethodError'{0x0000000618860978}: 'double java.lang.invoke.DirectMethodHandle$Holder.invokeStaticInit(java.lang.Object, java.lang.Object)'> (0x0000000618860978) 
thrown [s\src\hotspot\share\interpreter\linkResolver.cpp, line 804]
Event: 15.016 Thread 0x0000013e972aebf0 Exception <a 'java/net/ConnectException'{0x0000000617600250}: Connection refused: connect> (0x0000000617600250) 
thrown [s\src\hotspot\share\prims\jni.cpp, line 534]
Event: 15.322 Thread 0x0000013e4d209170 Exception <a 'java/lang/NoSuchMethodError'{0x0000000637073cd0}: 'java.lang.Object java.lang.invoke.DirectMethodHandle$Holder.invokeStatic(java.lang.Object, java.lang.Object, java.lang.Object, java.lang.Object, java.lang.Object, java.lang.Object, int)'> (0x0000000637073cd0) 
thrown [s\src\hotspot\share\interpreter\linkResolver.cpp, line 804]
Event: 15.324 Thread 0x0000013e4d209170 Exception <a 'java/lang/NoSuchMethodError'{0x00000006370c1980}: 'java.lang.Object java.lang.invoke.DirectMethodHandle$Holder.invokeStatic(java.lang.Object, float, java.lang.Object, java.lang.Object)'> (0x00000006370c1980) 
thrown [s\src\hotspot\share\interpreter\linkResolver.cpp, line 804]
Event: 15.324 Thread 0x0000013e4d209170 Exception <a 'java/lang/NoSuchMethodError'{0x00000006370d3820}: 'java.lang.Object java.lang.invoke.DirectMethodHandle$Holder.invokeStatic(java.lang.Object, java.lang.Object, int, java.lang.Object, int)'> (0x00000006370d3820) 
thrown [s\src\hotspot\share\interpreter\linkResolver.cpp, line 804]
Event: 15.329 Thread 0x0000013e4d209170 Exception <a 'java/lang/NoSuchMethodError'{0x0000000637155300}: 'java.lang.Object java.lang.invoke.DirectMethodHandle$Holder.newInvokeSpecial(java.lang.Object, java.lang.Object, java.lang.Object, long)'> (0x0000000637155300) 
thrown [s\src\hotspot\share\interpreter\linkResolver.cpp, line 804]
Event: 15.329 Thread 0x0000013e4d209170 Exception <a 'java/lang/NoSuchMethodError'{0x000000063715da98}: 'java.lang.Object java.lang.invoke.DirectMethodHandle$Holder.invokeSpecial(java.lang.Object, java.lang.Object, java.lang.Object, java.lang.Object, long)'> (0x000000063715da98) 
thrown [s\src\hotspot\share\interpreter\linkResolver.cpp, line 804]
Event: 15.329 Thread 0x0000013e4d209170 Exception <a 'java/lang/NoSuchMethodError'{0x0000000637165898}: 'java.lang.Object java.lang.invoke.Invokers$Holder.linkToTargetMethod(java.lang.Object, java.lang.Object, long, java.lang.Object)'> (0x0000000637165898) 
thrown [s\src\hotspot\share\interpreter\linkResolver.cpp, line 804]

VM Operations (20 events):
Event: 11.160 Executing non-safepoint VM operation: HandshakeAllThreads (Deoptimize)
Event: 11.177 Executing non-safepoint VM operation: HandshakeAllThreads (Deoptimize) done
Event: 11.665 Executing non-safepoint VM operation: HandshakeAllThreads (Deoptimize)
Event: 11.665 Executing non-safepoint VM operation: HandshakeAllThreads (Deoptimize) done
Event: 11.670 Executing non-safepoint VM operation: HandshakeAllThreads (Deoptimize)
Event: 11.670 Executing non-safepoint VM operation: HandshakeAllThreads (Deoptimize) done
Event: 11.671 Executing non-safepoint VM operation: HandshakeAllThreads (Deoptimize)
Event: 11.671 Executing non-safepoint VM operation: HandshakeAllThreads (Deoptimize) done
Event: 11.800 Executing safepoint VM operation: G1CollectForAllocation (G1 Evacuation Pause)
Event: 11.810 Executing safepoint VM operation: G1CollectForAllocation (G1 Evacuation Pause) done
Event: 12.013 Executing non-safepoint VM operation: HandshakeAllThreads (Deoptimize)
Event: 12.013 Executing non-safepoint VM operation: HandshakeAllThreads (Deoptimize) done
Event: 13.014 Executing non-safepoint VM operation: HandshakeAllThreads (Deoptimize)
Event: 13.014 Executing non-safepoint VM operation: HandshakeAllThreads (Deoptimize) done
Event: 13.647 Executing non-safepoint VM operation: HandshakeAllThreads (Deoptimize)
Event: 13.647 Executing non-safepoint VM operation: HandshakeAllThreads (Deoptimize) done
Event: 13.936 Executing non-safepoint VM operation: HandshakeAllThreads (Deoptimize)
Event: 13.936 Executing non-safepoint VM operation: HandshakeAllThreads (Deoptimize) done
Event: 15.230 Executing safepoint VM operation: G1CollectForAllocation (G1 Evacuation Pause)
Event: 15.274 Executing safepoint VM operation: G1CollectForAllocation (G1 Evacuation Pause) done

Memory protections (0 events):
No events

Nmethod flushes (20 events):
Event: 10.891 Thread 0x0000013e71b7a660 flushing  nmethod 0x0000013e58ae0f08
Event: 10.891 Thread 0x0000013e71b7a660 flushing  nmethod 0x0000013e58ba9188
Event: 10.891 Thread 0x0000013e71b7a660 flushing  nmethod 0x0000013e58c05408
Event: 10.891 Thread 0x0000013e71b7a660 flushing  nmethod 0x0000013e58c0b708
Event: 10.891 Thread 0x0000013e71b7a660 flushing  nmethod 0x0000013e58c0bf08
Event: 10.891 Thread 0x0000013e71b7a660 flushing  nmethod 0x0000013e58c0de08
Event: 10.891 Thread 0x0000013e71b7a660 flushing  nmethod 0x0000013e58c10408
Event: 10.891 Thread 0x0000013e71b7a660 flushing  nmethod 0x0000013e58ddf808
Event: 10.891 Thread 0x0000013e71b7a660 flushing  nmethod 0x0000013e58deb788
Event: 10.891 Thread 0x0000013e71b7a660 flushing  nmethod 0x0000013e58dec708
Event: 10.891 Thread 0x0000013e71b7a660 flushing  nmethod 0x0000013e58decd08
Event: 10.891 Thread 0x0000013e71b7a660 flushing  nmethod 0x0000013e58e80d88
Event: 10.891 Thread 0x0000013e71b7a660 flushing  nmethod 0x0000013e58e81b88
Event: 10.891 Thread 0x0000013e71b7a660 flushing  nmethod 0x0000013e58e83408
Event: 10.891 Thread 0x0000013e71b7a660 flushing  nmethod 0x0000013e58e86f08
Event: 10.891 Thread 0x0000013e71b7a660 flushing  nmethod 0x0000013e58f03b08
Event: 10.891 Thread 0x0000013e71b7a660 flushing  nmethod 0x0000013e58f24f08
Event: 10.891 Thread 0x0000013e71b7a660 flushing  nmethod 0x0000013e58f87608
Event: 10.891 Thread 0x0000013e71b7a660 flushing  nmethod 0x0000013e58f88388
Event: 10.891 Thread 0x0000013e71b7a660 flushing  nmethod 0x0000013e58f89a08

Events (20 events):
Event: 12.991 Thread 0x0000013e71b9d150 Thread added: 0x0000013e7f38ae20
Event: 13.011 Thread 0x0000013e4d209170 Thread added: 0x0000013e7d7052a0
Event: 13.014 Thread 0x0000013e7d7052a0 Thread added: 0x0000013e7d70a890
Event: 13.014 Thread 0x0000013e7d7052a0 Thread exited: 0x0000013e7d7052a0
Event: 13.024 Thread 0x0000013e7c6fb250 Thread exited: 0x0000013e7c6fb250
Event: 13.025 Thread 0x0000013e4d209170 Thread added: 0x0000013e7d70a0c0
Event: 13.078 Thread 0x0000013e7c6fc1f0 Thread added: 0x0000013e7c6fb250
Event: 13.078 Thread 0x0000013e7c6fb250 Thread exited: 0x0000013e7c6fb250
Event: 13.712 Thread 0x0000013e7f38ae20 Thread added: 0x0000013e7f741e80
Event: 13.715 Thread 0x0000013e7f388de0 Thread added: 0x0000013e7f744ee0
Event: 13.849 Thread 0x0000013e7f388de0 Thread added: 0x0000013e7f7436b0
Event: 14.593 Thread 0x0000013e7f7436b0 Thread exited: 0x0000013e7f7436b0
Event: 14.652 Thread 0x0000013e7f744ee0 Thread exited: 0x0000013e7f744ee0
Event: 14.652 Thread 0x0000013e7f741e80 Thread exited: 0x0000013e7f741e80
Event: 15.015 Thread 0x0000013e7d70a890 Thread added: 0x0000013e972aebf0
Event: 15.015 Thread 0x0000013e7d70a890 Thread exited: 0x0000013e7d70a890
Event: 15.017 Thread 0x0000013e972aebf0 Thread added: 0x0000013e972adc50
Event: 15.017 Thread 0x0000013e972aebf0 Thread exited: 0x0000013e972aebf0
Event: 15.227 Thread 0x0000013e71b9d150 Thread added: 0x0000013e7f74afa0
Event: 15.227 Thread 0x0000013e71b9d150 Thread added: 0x0000013e7f748f60


Dynamic libraries:
0x00007ff72bd00000 - 0x00007ff72bd0e000 	C:\Users\ArneL\.jdks\temurin-25.0.2\bin\java.exe
0x00007ffc52a00000 - 0x00007ffc52c67000 	C:\WINDOWS\SYSTEM32\ntdll.dll
0x00007ffc24080000 - 0x00007ffc240a0000 	C:\Program Files\Norton\Suite\aswhook.dll
0x00007ffc51bf0000 - 0x00007ffc51cb9000 	C:\WINDOWS\System32\KERNEL32.DLL
0x00007ffc4fb00000 - 0x00007ffc4fef1000 	C:\WINDOWS\System32\KERNELBASE.dll
0x00007ffc4f680000 - 0x00007ffc4f7cb000 	C:\WINDOWS\System32\ucrtbase.dll
0x00007ffc23390000 - 0x00007ffc233ae000 	C:\Users\ArneL\.jdks\temurin-25.0.2\bin\VCRUNTIME140.dll
0x00007ffc23de0000 - 0x00007ffc23df6000 	C:\Users\ArneL\.jdks\temurin-25.0.2\bin\jli.dll
0x00007ffc51150000 - 0x00007ffc51315000 	C:\WINDOWS\System32\USER32.dll
0x00007ffc4ff00000 - 0x00007ffc4ff27000 	C:\WINDOWS\System32\win32u.dll
0x00007ffc526b0000 - 0x00007ffc526db000 	C:\WINDOWS\System32\GDI32.dll
0x00007ffc29f50000 - 0x00007ffc2a1e3000 	C:\WINDOWS\WinSxS\amd64_microsoft.windows.common-controls_6595b64144ccf1df_6.0.26100.8037_none_3e092faae333b53b\COMCTL32.dll
0x00007ffc4f7d0000 - 0x00007ffc4f8fb000 	C:\WINDOWS\System32\gdi32full.dll
0x00007ffc523d0000 - 0x00007ffc52479000 	C:\WINDOWS\System32\msvcrt.dll
0x00007ffc4f9c0000 - 0x00007ffc4fa63000 	C:\WINDOWS\System32\msvcp_win.dll
0x00007ffc51050000 - 0x00007ffc51081000 	C:\WINDOWS\System32\IMM32.DLL
0x00007ffc24d80000 - 0x00007ffc24d8c000 	C:\Users\ArneL\.jdks\temurin-25.0.2\bin\vcruntime140_1.dll
0x00007ffc1b3a0000 - 0x00007ffc1b42d000 	C:\Users\ArneL\.jdks\temurin-25.0.2\bin\msvcp140.dll
0x00007ffb4fc90000 - 0x00007ffb50bb6000 	C:\Users\ArneL\.jdks\temurin-25.0.2\bin\server\jvm.dll
0x00007ffc51090000 - 0x00007ffc5114b000 	C:\WINDOWS\System32\ADVAPI32.dll
0x00007ffc52320000 - 0x00007ffc523c7000 	C:\WINDOWS\System32\sechost.dll
0x00007ffc51a80000 - 0x00007ffc51b98000 	C:\WINDOWS\System32\RPCRT4.dll
0x00007ffc50860000 - 0x00007ffc508d4000 	C:\WINDOWS\System32\WS2_32.dll
0x00007ffc4ef90000 - 0x00007ffc4efee000 	C:\WINDOWS\SYSTEM32\POWRPROF.dll
0x00007ffc47ad0000 - 0x00007ffc47adb000 	C:\WINDOWS\SYSTEM32\VERSION.dll
0x00007ffc420b0000 - 0x00007ffc420e5000 	C:\WINDOWS\SYSTEM32\WINMM.dll
0x00007ffc4ef70000 - 0x00007ffc4ef84000 	C:\WINDOWS\SYSTEM32\UMPDC.dll
0x00007ffc4e070000 - 0x00007ffc4e08b000 	C:\WINDOWS\SYSTEM32\kernel.appcore.dll
0x00007ffc231a0000 - 0x00007ffc231aa000 	C:\Users\ArneL\.jdks\temurin-25.0.2\bin\jimage.dll
0x00007ffc4ca50000 - 0x00007ffc4cc92000 	C:\WINDOWS\SYSTEM32\DBGHELP.DLL
0x00007ffc516f0000 - 0x00007ffc51a72000 	C:\WINDOWS\System32\combase.dll
0x00007ffc52780000 - 0x00007ffc52857000 	C:\WINDOWS\System32\OLEAUT32.dll
0x00007ffc3b4b0000 - 0x00007ffc3b4eb000 	C:\WINDOWS\SYSTEM32\dbgcore.DLL
0x00007ffc4f5d0000 - 0x00007ffc4f675000 	C:\WINDOWS\System32\bcryptPrimitives.dll
0x00007ffc22a50000 - 0x00007ffc22a6e000 	C:\Users\ArneL\.jdks\temurin-25.0.2\bin\java.dll
0x00007ffc51550000 - 0x00007ffc516e5000 	C:\WINDOWS\System32\ole32.dll
0x00007ffc508e0000 - 0x00007ffc5103f000 	C:\WINDOWS\System32\SHELL32.dll
0x00007ffc4f460000 - 0x00007ffc4f5ca000 	C:\WINDOWS\System32\wintypes.dll
0x00007ffc4ff30000 - 0x00007ffc50794000 	C:\WINDOWS\System32\windows.storage.dll
0x00007ffc51450000 - 0x00007ffc51547000 	C:\WINDOWS\System32\SHCORE.dll
0x00007ffc522b0000 - 0x00007ffc52317000 	C:\WINDOWS\System32\shlwapi.dll
0x00007ffc4f200000 - 0x00007ffc4f229000 	C:\WINDOWS\SYSTEM32\profapi.dll
0x00007ffc22a10000 - 0x00007ffc22a21000 	C:\Users\ArneL\.jdks\temurin-25.0.2\bin\net.dll
0x00007ffc4e5e0000 - 0x00007ffc4e64b000 	C:\WINDOWS\system32\mswsock.dll
0x00007ffc1f150000 - 0x00007ffc1f166000 	C:\Users\ArneL\.jdks\temurin-25.0.2\bin\nio.dll
0x00007ffc22a30000 - 0x00007ffc22a47000 	C:\Users\ArneL\.jdks\temurin-25.0.2\bin\zip.dll
0x00007ffc1f110000 - 0x00007ffc1f11a000 	C:\Users\ArneL\.jdks\temurin-25.0.2\bin\management.dll
0x00007ffc1d060000 - 0x00007ffc1d06c000 	C:\Users\ArneL\.jdks\temurin-25.0.2\bin\management_ext.dll
0x00007ffc526e0000 - 0x00007ffc526e8000 	C:\WINDOWS\System32\PSAPI.DLL
0x00007ffc28240000 - 0x00007ffc28258000 	C:\WINDOWS\system32\napinsp.dll
0x00007ffc4db70000 - 0x00007ffc4dc9a000 	C:\WINDOWS\SYSTEM32\DNSAPI.dll
0x00007ffc4d9f0000 - 0x00007ffc4da23000 	C:\WINDOWS\SYSTEM32\IPHLPAPI.DLL
0x00007ffc513b0000 - 0x00007ffc513ba000 	C:\WINDOWS\System32\NSI.dll
0x00007ffc29f00000 - 0x00007ffc29f12000 	C:\WINDOWS\System32\winrnr.dll
0x00007ffc3b680000 - 0x00007ffc3b6a2000 	C:\WINDOWS\system32\nlansp_c.dll
0x00007ffc48ad0000 - 0x00007ffc48ae6000 	C:\WINDOWS\system32\wshbth.dll
0x00007ffc49400000 - 0x00007ffc4940b000 	C:\Windows\System32\rasadhlp.dll
0x00007ffc47570000 - 0x00007ffc475f6000 	C:\WINDOWS\System32\fwpuclnt.dll
0x00007ffc22a00000 - 0x00007ffc22a10000 	C:\Users\ArneL\.jdks\temurin-25.0.2\bin\verify.dll
0x00007ffc4e8d0000 - 0x00007ffc4e8eb000 	C:\WINDOWS\SYSTEM32\CRYPTSP.dll
0x00007ffc4dfd0000 - 0x00007ffc4e009000 	C:\WINDOWS\system32\rsaenh.dll
0x00007ffc4e690000 - 0x00007ffc4e6c2000 	C:\WINDOWS\SYSTEM32\USERENV.dll
0x00007ffc4f1d0000 - 0x00007ffc4f1fa000 	C:\WINDOWS\SYSTEM32\bcrypt.dll
0x00007ffc4e8c0000 - 0x00007ffc4e8cc000 	C:\WINDOWS\SYSTEM32\CRYPTBASE.dll
0x00007ffc00540000 - 0x00007ffc00589000 	C:\Users\ArneL\AppData\Local\Temp\jna-63533956\jna11736892976696318040.dll
0x00007ffc507a0000 - 0x00007ffc5084e000 	C:\WINDOWS\System32\clbcatq.dll
0x00007ffc280b0000 - 0x00007ffc280cd000 	C:\WINDOWS\SYSTEM32\amsi.dll
0x00007ffc26030000 - 0x00007ffc26130000 	C:\Program Files\Norton\Suite\aswAMSI.dll
0x00007ffc2de40000 - 0x00007ffc2de96000 	C:\WINDOWS\SYSTEM32\Pdh.dll
0x00007ffc28220000 - 0x00007ffc28231000 	C:\WINDOWS\System32\perfos.dll
0x00007ffc4a8a0000 - 0x00007ffc4a8b2000 	C:\WINDOWS\SYSTEM32\pfclient.dll
0x00007ffc1d040000 - 0x00007ffc1d04e000 	C:\Users\ArneL\.jdks\temurin-25.0.2\bin\sunmscapi.dll
0x00007ffc4f2e0000 - 0x00007ffc4f457000 	C:\WINDOWS\System32\CRYPT32.dll
0x00007ffc4eae0000 - 0x00007ffc4eb10000 	C:\WINDOWS\SYSTEM32\ncrypt.dll
0x00007ffc4ea90000 - 0x00007ffc4eacf000 	C:\WINDOWS\SYSTEM32\NTASN1.dll
0x00007ffc15680000 - 0x00007ffc15689000 	C:\Users\ArneL\.jdks\temurin-25.0.2\bin\syslookup.dll
0x00007ffc1d050000 - 0x00007ffc1d059000 	C:\Users\ArneL\.jdks\temurin-25.0.2\bin\extnet.dll
0x00007ffc34820000 - 0x00007ffc349fd000 	C:\WINDOWS\system32\urlmon.dll
0x00007ffc34550000 - 0x00007ffc34814000 	C:\WINDOWS\SYSTEM32\iertutil.dll
0x00007ffc34520000 - 0x00007ffc34549000 	C:\WINDOWS\SYSTEM32\srvcli.dll
0x00007ffc4d940000 - 0x00007ffc4d94d000 	C:\WINDOWS\SYSTEM32\netutils.dll
0x00007ffb5c690000 - 0x00007ffb5c70e000 	C:\Users\ArneL\AppData\Local\Temp\lwjgl_ArneL\3.3.6-snapshot\x64\lwjgl.dll
0x00007ffb1ea30000 - 0x00007ffb1eab9000 	C:\Users\ArneL\AppData\Local\Temp\lwjgl_ArneL\3.3.6-snapshot\x64\glfw.dll
0x00007ffb1e7b0000 - 0x00007ffb1ea21000 	C:\Users\ArneL\AppData\Local\Temp\lwjgl_ArneL\3.3.6-snapshot\x64\jemalloc.dll
0x0000013e01870000 - 0x0000013e018bb000 	C:\WINDOWS\SYSTEM32\dinput8.dll
0x00007ffc1a700000 - 0x00007ffc1a71e000 	C:\WINDOWS\SYSTEM32\xinput1_4.dll
0x00007ffc4eec0000 - 0x00007ffc4ef17000 	C:\WINDOWS\SYSTEM32\cfgmgr32.dll
0x00007ffc4ee90000 - 0x00007ffc4eebd000 	C:\WINDOWS\SYSTEM32\DEVOBJ.dll
0x00007ffc30290000 - 0x00007ffc30473000 	C:\WINDOWS\SYSTEM32\inputhost.dll
0x00007ffc4bad0000 - 0x00007ffc4bbf7000 	C:\WINDOWS\SYSTEM32\CoreMessaging.dll
0x00007ffc4ca00000 - 0x00007ffc4ca2e000 	C:\WINDOWS\SYSTEM32\dwmapi.dll
0x00007ffc4beb0000 - 0x00007ffc4bf5a000 	C:\WINDOWS\system32\uxtheme.dll
0x00007ffc51cc0000 - 0x00007ffc51e1d000 	C:\WINDOWS\System32\MSCTF.dll
0x00007ffc12870000 - 0x00007ffc1297e000 	C:\WINDOWS\SYSTEM32\opengl32.dll
0x00007ffc2d370000 - 0x00007ffc2d39d000 	C:\WINDOWS\SYSTEM32\GLU32.dll
0x00007ffc4c8c0000 - 0x00007ffc4c903000 	C:\WINDOWS\SYSTEM32\dxcore.dll
0x00007ffc377e0000 - 0x00007ffc377fa000 	C:\WINDOWS\SYSTEM32\windows.staterepositorycore.dll
0x00007ffb7ee20000 - 0x00007ffb81acf000 	C:\WINDOWS\System32\DriverStore\FileRepository\nvmdi.inf_amd64_57af4a83f0578c02\nvoglv64.dll
0x00007ffc51e20000 - 0x00007ffc522a7000 	C:\WINDOWS\System32\SETUPAPI.dll
0x00007ffc4be50000 - 0x00007ffc4be79000 	C:\WINDOWS\SYSTEM32\WTSAPI32.dll
0x00007ffc4e310000 - 0x00007ffc4e359000 	C:\WINDOWS\SYSTEM32\SspiCli.dll
0x00007ffc4e9f0000 - 0x00007ffc4ea03000 	C:\WINDOWS\SYSTEM32\msasn1.dll
0x00007ffc47a90000 - 0x00007ffc47acb000 	C:\WINDOWS\SYSTEM32\cryptnet.dll
0x00007ffc4e980000 - 0x00007ffc4e9e8000 	C:\WINDOWS\SYSTEM32\wldp.dll
0x00007ffc476c0000 - 0x00007ffc47838000 	C:\WINDOWS\SYSTEM32\drvstore.dll
0x00007ffc4fa70000 - 0x00007ffc4faf1000 	C:\WINDOWS\System32\WINTRUST.dll
0x00007ffc4e190000 - 0x00007ffc4e1c6000 	C:\WINDOWS\SYSTEM32\ntmarta.dll
0x00007ffc524a0000 - 0x00007ffc524c0000 	C:\WINDOWS\System32\imagehlp.dll
0x00007ffc42430000 - 0x00007ffc47387000 	C:\WINDOWS\System32\DriverStore\FileRepository\nvmdi.inf_amd64_57af4a83f0578c02\nvgpucomp64.dll
0x00007ffbd8550000 - 0x00007ffbd8697000 	C:\WINDOWS\system32\nvspcap64.dll
0x00007ffc4eb20000 - 0x00007ffc4eb83000 	C:\WINDOWS\SYSTEM32\WINSTA.dll
0x00007ffc30140000 - 0x00007ffc30288000 	C:\WINDOWS\SYSTEM32\textinputframework.dll
0x00007ffc48050000 - 0x00007ffc48332000 	C:\WINDOWS\SYSTEM32\CoreUIComponents.dll
0x00007ffb1e710000 - 0x00007ffb1e7a9000 	C:\Users\ArneL\AppData\Local\Temp\lwjgl_ArneL\3.3.6-snapshot\x64\lwjgl_stb.dll
0x00007ffc3a580000 - 0x00007ffc3a63f000 	C:\WINDOWS\SYSTEM32\mscms.dll
0x00007ffbf9110000 - 0x00007ffbf9159000 	C:\WINDOWS\SYSTEM32\icm32.dll
0x00007ffbde3d0000 - 0x00007ffbde42d000 	C:\Users\ArneL\AppData\Local\Temp\lwjgl_ArneL\3.3.6-snapshot\x64\lwjgl_opengl.dll
0x00007ffb1e520000 - 0x00007ffb1e70b000 	C:\Users\ArneL\AppData\Local\Temp\lwjgl_ArneL\3.3.6-snapshot\x64\OpenAL.dll
0x00007ffc4cea0000 - 0x00007ffc4ceab000 	C:\WINDOWS\SYSTEM32\AVRT.dll
0x00007ffc48a30000 - 0x00007ffc48ac8000 	C:\WINDOWS\System32\MMDevApi.dll
0x00007ffb8e1a0000 - 0x00007ffb8e313000 	C:\WINDOWS\System32\Speech\Common\sapi.dll
0x00007ffc37e10000 - 0x00007ffc37fc2000 	C:\WINDOWS\SYSTEM32\AUDIOSES.DLL
0x00007ffc4d3e0000 - 0x00007ffc4d3f4000 	C:\WINDOWS\SYSTEM32\resourcepolicyclient.dll
0x00007ffb1e450000 - 0x00007ffb1e520000 	C:\Users\ArneL\AppData\Local\Temp\lwjgl_ArneL\3.3.6-snapshot\x64\openvr_api.dll
0x00007ffb5c070000 - 0x00007ffb5c52a000 	C:\Program Files (x86)\Steam\steamapps\common\SteamVR\bin\vrclient_x64.dll
0x00007ffc4ceb0000 - 0x00007ffc4d113000 	C:\WINDOWS\SYSTEM32\d3d11.dll
0x00007ffc4d120000 - 0x00007ffc4d25e000 	C:\WINDOWS\SYSTEM32\dxgi.dll
0x00007ffc38150000 - 0x00007ffc386bb000 	C:\WINDOWS\SYSTEM32\nvapi64.dll

JVMTI agents: none

dbghelp: loaded successfully - version: 4.0.5 - missing functions: none
symbol engine: initialized successfully - sym options: 0x614 - pdb path: .;C:\Users\ArneL\.jdks\temurin-25.0.2\bin;C:\WINDOWS\SYSTEM32;C:\Program Files\Norton\Suite;C:\WINDOWS\WinSxS\amd64_microsoft.windows.common-controls_6595b64144ccf1df_6.0.26100.8037_none_3e092faae333b53b;C:\Users\ArneL\.jdks\temurin-25.0.2\bin\server;C:\Users\ArneL\AppData\Local\Temp\jna-63533956;C:\Users\ArneL\AppData\Local\Temp\lwjgl_ArneL\3.3.6-snapshot\x64;C:\WINDOWS\System32\DriverStore\FileRepository\nvmdi.inf_amd64_57af4a83f0578c02;C:\WINDOWS\System32\Speech\Common;C:\Program Files (x86)\Steam\steamapps\common\SteamVR\bin

VM Arguments:
jvm_args: -Dfabric.dli.config=D:\git\Vivecraft\fabric\.gradle\loom-cache\launch.cfg -Dfabric.dli.env=client -Dfabric.dli.main=net.fabricmc.loader.impl.launch.knot.KnotClient -Dfile.encoding=UTF-8 -Duser.country=BE -Duser.language=nl -Duser.variant 
java_command: net.fabricmc.devlaunchinjector.Main
java_class_path (initial): D:\git\Vivecraft\fabric\build\classes\java\main;D:\git\Vivecraft\fabric\build\resources\main;C:\Users\ArneL\.gradle\caches\fabric-loom\1.21.11\loom.mappings.1_21_11.layered+hash.1034029007-v2\mappings.jar;C:\Users\ArneL\.gradle\caches\modules-2\files-2.1\com.electronwill.night-config\toml\3.6.6\f300021dfeece6a2907a0e7545574598220e4ef0\toml-3.6.6.jar;C:\Users\ArneL\.gradle\caches\modules-2\files-2.1\com.electronwill.night-config\core\3.6.6\1dccdc2c372ad0846561a2bd40c9db0543e55863\core-3.6.6.jar;C:\Users\ArneL\.gradle\caches\modules-2\files-2.1\org.lwjgl\lwjgl-opengl\3.3.6\ac2532612a4df374e9a9282bcf8ce2573018ebbb\lwjgl-opengl-3.3.6.jar;C:\Users\ArneL\.gradle\caches\modules-2\files-2.1\org.lwjgl\lwjgl-opengl\3.3.6\18dc639ebc94aa5202c2157f7490d28997b697c5\lwjgl-opengl-3.3.6-natives-windows.jar;C:\Users\ArneL\.gradle\caches\modules-2\files-2.1\org.lwjgl\lwjgl-opengl\3.3.6\f504b9005d1a0264ddc756e2331f44a1881ae74c\lwjgl-opengl-3.3.6-natives-windows-arm64.jar;C:\Users\ArneL\.gradle\caches\modules-2\files-2.1\org.lwjgl\lwjgl-opengl\3.3.6\b0ab1d0e315d2fcc50d6cab7e8feaf4688d5d9a0\lwjgl-opengl-3.3.6-natives-windows-x86.jar;C:\Users\ArneL\.gradle\caches\modules-2\files-2.1\org.lwjgl\lwjgl\3.3.6\ce7721d30cfaf47feaed10213e0c43eb55c49d68\lwjgl-3.3.6.jar;C:\Users\ArneL\.gradle\caches\modules-2\files-2.1\org.lwjgl\lwjgl\3.3.6\9a29b6a22fc5184604b8cb434ee5d5ecc4bfcbee\lwjgl-3.3.6-natives-windows.jar;C:\Users\ArneL\.gradle\caches\modules-2\files-2.1\org.lwjgl\lwjgl\3.3.6\227174aa24c303261e68e4741c90b504e6011f5c\lwjgl-3.3.6-natives-windows-arm64.jar;C:\Users\ArneL\.gradle\caches\modules-2\files-2.1\org.lwjgl\lwjgl\3.3.6\7a6f04e02429ba2f4bda9be191347bb7d3c71127\lwjgl-3.3.6-natives-windows-x86.jar;C:\Users\ArneL\.gradle\caches\modules-2\files-2.1\org.lwjgl\lwjgl-openvr\3.3.6\1de5113932e4920d6dbb4e4283dc627a3dbde132\lwjgl-openvr-3.3.6.jar;C:\Users\ArneL\.gradle\caches\modules-2\files-2.1\org.lwjgl\lwjgl-openvr\3.3.6\c9b79d359e120b66e2b0502c5e34bb8cfb0f9c1f\lwjgl-openvr-3.3.6-natives-linux.jar;C:\Users\ArneL\.gradle\caches\modules-2\files-2.1\org.lwjgl\lwjgl-openvr\3.3.6\672b0c74c44c98e7f8598f600ee2f5d105477b12\lwjgl-openvr-3.3.6-natives-macos.jar;C:\Users\ArneL\.gradle\caches\modules-2\files-2.1\org.lwjgl\lwjgl-openvr\3.3.6\37534a1ae09b04f8fcd60c3f356656f2cd943d38\lwjgl-openvr-3.3.6-natives-windows.jar;C:\Users\ArneL\.gradle\caches\modules-2\files-2.1\com.illposed.osc\javaosc-core\0.9\7b75d9cbf4924e39e78d8c3d4294ec264f6c34e0\javaosc-core-0.9.jar;C:\Users\ArneL\.gradle\caches\modules-2\files-2.1\com.github.bhaptics\tact-java\0.1.4\1dc4052d254b02b09185b7052e78fa608bd486f2\tact-java-0.1.4.jar;C:\Users\ArneL\.gradle\caches\modules-2\files-2.1\org.java-websocket\Java-WebSocket\1.5.1\382b302303c830a7edb20c9ed61c4ac2cdf7a7a4\Java-WebSocket-1.5.1.jar;C:\Users\ArneL\.gradle\caches\modules-2\files-2.1\org.ow2.asm\asm\9.9\c29635c8a7afa03d74b33c1884df8abb2b3f3dcc\asm-9.9.jar;C:\Users\ArneL\.gradle\caches\modules-2\files-2.1\org.ow2.asm\asm-analysis\9.9\bf4fa6e66638851c1cd22c2caea0c3ee5d5f437\asm-analysis-9.9.jar;C:\Users\ArneL\.gradle\caches\modules-2\files-2.1\org.ow2.asm\asm-commons\9.9\db9165a3bf908ded6b08612d583a15d1d0c7bda0\asm-commons-9.9.jar;C:\Users\ArneL\.gradle\caches\modules-2\files-2.1\org.ow2.asm\asm-tree\9.9\f8de6eead6d24dd0f45bd065bbe112b2cda6ea21\asm-tree-9.9.jar;C:\Users\ArneL\.gradle\caches\modules-2\files-2.1\org.ow2.asm\asm-util\9.9\42fdfc0508b43807c8078d6e82ecff2ce2112ae8\asm-util-9.9.jar;C:\Users\ArneL\.gradle\caches\modules-2\files-2.1\net.fabricmc\sponge-mixin\0.16.5+mixin.0.8.7\80fc3a9f592673cea87f4cd702f87991c6c9fe4d\sponge-mixin-0.16.5+mixin.0.8.7.jar;C:\Users\ArneL\.gradle\caches\modules-2\files-2.1\io.github.llamalad7\mixinextras-fabric\0.5.0\91a83dfb7abd320f6236bd1fcf5c0ff143d59a13\mixinextras-fabric-0.5.0.jar;C:\Users\ArneL\.gradle\caches\modules-2\files-2.1\net.fabricmc\dev-launch-injector\0.2.1+build.8\da8bef7e6e2f952da707f282bdb46882a0fce5e3\dev-launch-injector-0.2.1+build.8.jar;C:\Users\ArneL\.gradle\caches\modules-2\files-2.1\net.fabricmc\fabric-log4j-util\1.0.2\ef0b3fb613356feb75a67d54f2fad6f03a006648\fabric-log4j-util-1.0.2.jar;C:\Users\ArneL\.gradle\caches\modules-2\files-2.1\at.yawk.lz4\lz4-java\1.8.1\1f30a180ee04ccd53339a716aec13cae60a013b5\lz4-java-1.8.1.jar;C:\Users\ArneL\.gradle\caches\modules-2\files-2.1\com.azure\azure-json\1.4.0\fcc1d354dbc3e0300e5276b1bf124d0247799cd8\azure-json-1.4.0.jar;C:\Users\ArneL\.gradle\caches\modules-2\files-2.1\com.github.oshi\oshi-core\6.9.0\3224870731860cfcd7744581a05b559e94291e7\oshi-core-6.9.0.jar;C:\Users\ArneL\.gradle\caches\modules-2\files-2.1\com.google.code.gson\gson\2.13.2\48b8230771e573b54ce6e867a9001e75977fe78e\gson-2.13.2.jar;C:\Users\ArneL\.gradle\caches\modules-2\files-2.1\com.google.guava\failureaccess\1.0.3\aeaffd00d57023a2c947393ed251f0354f0985fc\failureaccess-1.0.3.jar;C:\Users\ArneL\.gradle\caches\modules-2\files-2.1\com.google.guava\guava\33.5.0-jre\8699de25f2f979108d6c1b804a7ba38cda1116bc\guava-33.5.0-jre.jar;C:\Users\ArneL\.gradle\caches\modules-2\files-2.1\com.ibm.icu\icu4j\77.1\38693cf0b1d7362a8b726af74dc06026a7c23809\icu4j-77.1.jar;C:\Users\ArneL\.gradle\caches\modules-2\files-2.1\com.microsoft.azure\msal4j\1.23.1\6c722b514873b24a4e1ce9c22dca36ea3c22bdbe\msal4j-1.23.1.jar;C:\Users\ArneL\.gradle\caches\modules-2\files-2.1\com.mojang\authlib\7.0.61\efee1e6b54e863108576eb3b3ae71144626aaefc\authlib-7.0.61.jar;C:\Users\ArneL\.gradle\caches\modules-2\files-2.1\com.mojang\blocklist\1.0.10\5c685c5ffa94c4cd39496c7184c1d122e515ecef\blocklist-1.0.10.jar;C:\Users\ArneL\.gradle\caches\modules-2\files-2.1\com.mojang\brigadier\1.3.10\d15b53a14cf20fdcaa98f731af5dda654452c010\brigadier-1.3.10.jar;C:\Users\ArneL\.gradle\caches\modules-2\files-2.1\com.mojang\datafixerupper\9.0.19\4e91f9712fa1e83231d1501625381b0210a977da\datafixerupper-9.0.19.jar;C:\Users\ArneL\.gradle\caches\modules-2\files-2.1\com.mojang\jtracy\1.0.37\a3fb649b2e2b2288d2978f0b0bc3d83f62809d1e\jtracy-1.0.37.jar;C:\Users\ArneL\.gradle\caches\modules-2\files-2.1\com.mojang\jtracy\1.0.37\6ff6d710fd4ffd470f2799653fab57e27fed0c9d\jtracy-1.0.37-natives-windows.jar;C:\Users\ArneL\.gradle\caches\modules-2\files-2.1\com.mojang\logging\1.6.11\fd147240733010c158249d986323f9ef98977fe\logging-1.6.11.jar;C:\Users\ArneL\.gradle\caches\modules-2\files-2.1\com.mojang\patchy\2.2.10\da05971b07cbb379d002cf7eaec6a2048211fefc\patchy-2.2.10.jar;C:\Users\ArneL\.gradle\caches\modules-2\files-2.1\com.mojang\text2speech\1.18.11\e853a12cdd6ba4f4836e8f4bf3b37844a13482b6\text2speech-1.18.11.jar;C:\Users\ArneL\.gradle\caches\modules-2\files-2.1\commons-codec\commons-codec\1.19.0\8c0dbe3ae883fceda9b50a6c76e745e548073388\commons-codec-1.19.0.jar;C:\Users\ArneL\.gradle\caches\modules-2\files-2.1\commons-io\commons-io\2.20.0\36f3474daec2849c149e877614e7f979b2082cd2\commons-io-2.20.0.jar;C:\Users\ArneL\.gradle\caches\modules-2\files-2.1\io.netty\netty-buffer\4.2.7.Final\5555ff561643bf2f8430fb57c24403c0efe15994\netty-buffer-4.2.7.Final.jar;C:\Users\ArneL\.gradle\caches\modules-2\files-2.1\io.netty\netty-codec-base\4.2.7.Final\915e381ebabcf115f1c7ff7032d55c48afb50210\netty-codec-base-4.2.7.Final.jar;C:\Users\ArneL\.gradle\caches\modules-2\files-2.1\io.netty\netty-codec-compression\4.2.7.Final\572341bc1ca90fd9d6e47f1d2694aab5258566e9\netty-codec-compression-4.2.7.Final.jar;C:\Users\ArneL\.gradle\caches\modules-2\files-2.1\io.netty\netty-codec-http\4.2.7.Final\b734c108854099c421fd94d92d9f865e4d4da853\netty-codec-http-4.2.7.Final.jar;C:\Users\ArneL\.gradle\caches\modules-2\files-2.1\io.netty\netty-common\4.2.7.Final\11aa30df26af4fca3239ac1917f303a280f301e1\netty-common-4.2.7.Final.jar;C:\Users\ArneL\.gradle\caches\modules-2\files-2.1\io.netty\netty-handler\4.2.7.Final\7ad8a1f851e2e6fe93cdd091871fda2b81c03b5b\netty-handler-4.2.7.Final.jar;C:\Users\ArneL\.gradle\caches\modules-2\files-2.1\io.netty\netty-resolver\4.2.7.Final\5f3e5ef8de03992cd4fb46960dc0085ec1a12a12\netty-resolver-4.2.7.Final.jar;C:\Users\ArneL\.gradle\caches\modules-2\files-2.1\io.netty\netty-transport-classes-epoll\4.2.7.Final\1075c09f48a78eef9d819fbfd9096b903fdd362a\netty-transport-classes-epoll-4.2.7.Final.jar;C:\Users\ArneL\.gradle\caches\modules-2\files-2.1\io.netty\netty-transport-classes-kqueue\4.2.7.Final\bdec7c23c75caabd848426d073c09568e8d5f94e\netty-transport-classes-kqueue-4.2.7.Final.jar;C:\Users\ArneL\.gradle\caches\modules-2\files-2.1\io.netty\netty-transport-native-unix-common\4.2.7.Final\89953f04259ea7502cffb313630dd51e00e60669\netty-transport-native-unix-common-4.2.7.Final.jar;C:\Users\ArneL\.gradle\caches\modules-2\files-2.1\io.netty\netty-transport\4.2.7.Final\83ea548981d0d8c4a98027cc1a6f9624f902e142\netty-transport-4.2.7.Final.jar;C:\Users\ArneL\.gradle\caches\modules-2\files-2.1\it.unimi.dsi\fastutil\8.5.18\a6cff377eecc19c2037bf31568a6d7106b50ba1f\fastutil-8.5.18.jar;C:\Users\ArneL\.gradle\caches\modules-2\files-2.1\net.java.dev.jna\jna-platform\5.17.0\a4934c44d25a9d8c2ddf4203affd20330cb3426f\jna-platform-5.17.0.jar;C:\Users\ArneL\.gradle\caches\modules-2\files-2.1\net.java.dev.jna\jna\5.17.0\33d12735bef894440780fce64f9758d420c7bae2\jna-5.17.0.jar;C:\Users\ArneL\.gradle\caches\modules-2\files-2.1\net.sf.jopt-simple\jopt-simple\5.0.4\4fdac2fbe92dfad86aa6e9301736f6b4342a3f5c\jopt-simple-5.0.4.jar;C:\Users\ArneL\.gradle\caches\modules-2\files-2.1\org.apache.commons\commons-compress\1.28.0\e482f2c7a88dac3c497e96aa420b6a769f59c8d7\commons-compress-1.28.0.jar;C:\Users\ArneL\.gradle\caches\modules-2\files-2.1\org.apache.commons\commons-lang3\3.19.0\d6524b169a6574cd253760c472d419b47bfd37e6\commons-lang3-3.19.0.jar;C:\Users\ArneL\.gradle\caches\modules-2\files-2.1\org.apache.logging.log4j\log4j-api\2.25.2\292c1a2b1702f1e1e3adb13e1c57e5bff60335ff\log4j-api-2.25.2.jar;C:\Users\ArneL\.gradle\caches\modules-2\files-2.1\org.apache.logging.log4j\log4j-core\2.25.2\d4d0ad2e51e03e531f784891fbfff1bae1e13a12\log4j-core-2.25.2.jar;C:\Users\ArneL\.gradle\caches\modules-2\files-2.1\org.apache.logging.log4j\log4j-slf4j2-impl\2.25.2\5eec0c392661dee8a366baec17e8896900dd978f\log4j-slf4j2-impl-2.25.2.jar;C:\Users\ArneL\.gradle\caches\modules-2\files-2.1\org.jcraft\jorbis\0.0.17\8872d22b293e8f5d7d56ff92be966e6dc28ebdc6\jorbis-0.0.17.jar;C:\Users\ArneL\.gradle\caches\modules-2\files-2.1\org.joml\joml\1.10.8\fc0a71dad90a2cf41d82a76156a0e700af8e4f8d\joml-1.10.8.jar;C:\Users\ArneL\.gradle\caches\modules-2\files-2.1\org.jspecify\jspecify\1.0.0\7425a601c1c7ec76645a78d22b8c6a627edee507\jspecify-1.0.0.jar;C:\Users\ArneL\.gradle\caches\modules-2\files-2.1\org.lwjgl\lwjgl-freetype\3.3.6\955989795ce6bdc7078d07590ee1ca0974b502d2\lwjgl-freetype-3.3.6.jar;C:\Users\ArneL\.gradle\caches\modules-2\files-2.1\org.lwjgl\lwjgl-freetype\3.3.6\f5031e39ff70dae6d71288d2ef3cef435e4f1fe4\lwjgl-freetype-3.3.6-natives-windows.jar;C:\Users\ArneL\.gradle\caches\modules-2\files-2.1\org.lwjgl\lwjgl-freetype\3.3.6\828335df0fe49a9bd2e6a6d0c5687bf4859f5ce7\lwjgl-freetype-3.3.6-natives-windows-arm64.jar;C:\Users\ArneL\.gradle\caches\modules-2\files-2.1\org.lwjgl\lwjgl-freetype\3.3.6\2303b90acacbf940aec2567924be689d096ee22b\lwjgl-freetype-3.3.6-natives-windows-x86.jar;C:\Users\ArneL\.gradle\caches\modules-2\files-2.1\org.lwjgl\lwjgl-glfw\3.3.6\7119f7d0eeb1e5502ff0ca71d2b4d47317da015\lwjgl-glfw-3.3.6.jar;C:\Users\ArneL\.gradle\caches\modules-2\files-2.1\org.lwjgl\lwjgl-glfw\3.3.6\99ef08056feb9627f90425a4d2a22cd9fae8e39b\lwjgl-glfw-3.3.6-natives-windows.jar;C:\Users\ArneL\.gradle\caches\modules-2\files-2.1\org.lwjgl\lwjgl-glfw\3.3.6\4aae4172124b49af166acc3e54aa7a091d16669d\lwjgl-glfw-3.3.6-natives-windows-arm64.jar;C:\Users\ArneL\.gradle\caches\modules-2\files-2.1\org.lwjgl\lwjgl-glfw\3.3.6\cfa8f1e96d572ed56da5945adf5167628f5eecdb\lwjgl-glfw-3.3.6-natives-windows-x86.jar;C:\Users\ArneL\.gradle\caches\modules-2\files-2.1\org.lwjgl\lwjgl-jemalloc\3.3.6\245910eb57f2444429c74e6bf96030e5ec0a6739\lwjgl-jemalloc-3.3.6.jar;C:\Users\ArneL\.gradle\caches\modules-2\files-2.1\org.lwjgl\lwjgl-jemalloc\3.3.6\f9da76351e14a695be172d6915c8a7b2905307f\lwjgl-jemalloc-3.3.6-natives-windows.jar;C:\Users\ArneL\.gradle\caches\modules-2\files-2.1\org.lwjgl\lwjgl-jemalloc\3.3.6\c73aaec4f12678c18d94f173a625a2923f4a9f90\lwjgl-jemalloc-3.3.6-natives-windows-arm64.jar;C:\Users\ArneL\.gradle\caches\modules-2\files-2.1\org.lwjgl\lwjgl-jemalloc\3.3.6\c86043a342a33e5d32fabf962578580633db3c6e\lwjgl-jemalloc-3.3.6-natives-windows-x86.jar;C:\Users\ArneL\.gradle\caches\modules-2\files-2.1\org.lwjgl\lwjgl-openal\3.3.6\ad313317ff399fd2a7f4dd74716a68cf3976c6ad\lwjgl-openal-3.3.6.jar;C:\Users\ArneL\.gradle\caches\modules-2\files-2.1\org.lwjgl\lwjgl-openal\3.3.6\9c2b9b660e085bb0b47a4453dc0e26f24a5475e4\lwjgl-openal-3.3.6-natives-windows.jar;C:\Users\ArneL\.gradle\caches\modules-2\files-2.1\org.lwjgl\lwjgl-openal\3.3.6\307f6b917dfab8c29f7e134e0ab147bfee10eb66\lwjgl-openal-3.3.6-natives-windows-arm64.jar;C:\Users\ArneL\.gradle\caches\modules-2\files-2.1\org.lwjgl\lwjgl-openal\3.3.6\82f693541d69aa125750bf8be9c4194435c56f03\lwjgl-openal-3.3.6-natives-windows-x86.jar;C:\Users\ArneL\.gradle\caches\modules-2\files-2.1\org.lwjgl\lwjgl-stb\3.3.6\e2d3739dcfe7b672b626ded66d94f6587083306e\lwjgl-stb-3.3.6.jar;C:\Users\ArneL\.gradle\caches\modules-2\files-2.1\org.lwjgl\lwjgl-stb\3.3.6\334cf885b39e2db9070c39e70e65efb136435f10\lwjgl-stb-3.3.6-natives-windows.jar;C:\Users\ArneL\.gradle\caches\modules-2\files-2.1\org.lwjgl\lwjgl-stb\3.3.6\9f4369c17964cd589703a5acb4b78945fc6b9299\lwjgl-stb-3.3.6-natives-windows-arm64.jar;C:\Users\ArneL\.gradle\caches\modules-2\files-2.1\org.lwjgl\lwjgl-stb\3.3.6\bfe841629fc2ed6d772693c3a40a0c4b355567c9\lwjgl-stb-3.3.6-natives-windows-x86.jar;C:\Users\ArneL\.gradle\caches\modules-2\files-2.1\org.lwjgl\lwjgl-tinyfd\3.3.6\58ceead1d42ff20d2d4f674aaeceb200733461c2\lwjgl-tinyfd-3.3.6.jar;C:\Users\ArneL\.gradle\caches\modules-2\files-2.1\org.lwjgl\lwjgl-tinyfd\3.3.6\e2edcbe44ae26d2914156386e224b67f4b47c442\lwjgl-tinyfd-3.3.6-natives-windows.jar;C:\Users\ArneL\.gradle\caches\modules-2\files-2.1\org.lwjgl\lwjgl-tinyfd\3.3.6\aaff12e4f1a62a78160f4f2039d08a87e36b3b47\lwjgl-tinyfd-3.3.6-natives-windows-arm64.jar;C:\Users\ArneL\.gradle\caches\modules-2\files-2.1\org.lwjgl\lwjgl-tinyfd\3.3.6\a0d90f39fa30552f527873c1c39017e1e18b946b\lwjgl-tinyfd-3.3.6-natives-windows-x86.jar;C:\Users\ArneL\.gradle\caches\modules-2\files-2.1\org.slf4j\slf4j-ext\2.0.13\1ac9eea66a1f437c55ce620fdf6cbce35da48e41\slf4j-ext-2.0.13.jar;C:\Users\ArneL\.gradle\caches\modules-2\files-2.1\org.slf4j\slf4j-api\2.0.17\d9e58ac9c7779ba3bf8142aff6c830617a7fe60f\slf4j-api-2.0.17.jar;D:\git\Vivecraft\.gradle\loom-cache\minecraftMaven\net\minecraft\minecraft-merged-3c81b97875\1.21.11-loom.mappings.1_21_11.layered+hash.1034029007-v2\minecraft-merged-3c81b97875-1.21.11-loom.mappings.1_21_11.layered+hash.1034029007-v2.jar;C:\Users\ArneL\.gradle\caches\modules-2\files-2.1\io.netty\netty-transport-native-epoll\4.2.7.Final\e83998bfc10b5289d9bcbe807c4079ef0eed8e6f\netty-transport-native-epoll-4.2.7.Final-linux-x86_64.jar;C:\Users\ArneL\.gradle\caches\modules-2\files-2.1\io.netty\netty-transport-native-epoll\4.2.7.Final\98d02251c98c8f07a23ac5ea27657d9e0ef57614\netty-transport-native-epoll-4.2.7.Final-linux-aarch_64.jar;C:\Users\ArneL\.gradle\caches\modules-2\files-2.1\io.netty\netty-transport-native-kqueue\4.2.7.Final\40868fd4e43bce2798245f790624b58803dc26b6\netty-transport-native-kqueue-4.2.7.Final-osx-x86_64.jar;C:\Users\ArneL\.gradle\caches\modules-2\files-2.1\io.netty\netty-transport-native-kqueue\4.2.7.Final\e5a0feef41410c8a5ae00c6cb4e0c99bd0aded6a\netty-transport-native-kqueue-4.2.7.Final-osx-aarch_64.jar;C:\Users\ArneL\.gradle\caches\modules-2\files-2.1\net.fabricmc\fabric-loader\0.18.2\1cd44667bd93b74564056eb4867dfd12e38cb262\fabric-loader-0.18.2.jar;D:\git\Vivecraft\.gradle\loom-cache\remapped_mods\remapped\net\fabricmc\fabric-api\fabric-api-4775738c\0.139.5+1.21.11\fabric-api-4775738c-0.139.5+1.21.11.jar;D:\git\Vivecraft\.gradle\loom-cache\remapped_mods\remapped\net\fabricmc\fabric-api\fabric-resource-loader-v0-4775738c\3.3.4+4fc5413f3e\fabric-resource-loader-v0-4775738c-3.3.4+4fc5413f3e.jar;D:\git\Vivecraft\.gradle\loom-cache\remapped_mods\remapped\net\fabricmc\fabric-api\fabric-content-registries-v0-4775738c\10.2.14+4fc5413f3e\fabric-content-registries-v0-4775738c-10.2.14+4fc5413f3e.jar;D:\git\Vivecraft\.gradle\loom-cache\remapped_mods\remapped\net\fabricmc\fabric-api\fabric-gametest-api-v1-4775738c\3.1.27+4fc5413f3e\fabric-gametest-api-v1-4775738c-3.1.27+4fc5413f3e.jar;D:\git\Vivecraft\.gradle\loom-cache\remapped_mods\remapped\net\fabricmc\fabric-api\fabric-item-api-v1-4775738c\11.5.20+d0c46b9e3e\fabric-item-api-v1-4775738c-11.5.20+d0c46b9e3e.jar;D:\git\Vivecraft\.gradle\loom-cache\remapped_mods\remapped\net\fabricmc\fabric-api\fabric-item-group-api-v1-4775738c\4.2.36+4fc5413f3e\fabric-item-group-api-v1-4775738c-4.2.36+4fc5413f3e.jar;D:\git\Vivecraft\.gradle\loom-cache\remapped_mods\remapped\net\fabricmc\fabric-api\fabric-loot-api-v2-4775738c\3.0.73+3f89f5a53e\fabric-loot-api-v2-4775738c-3.0.73+3f89f5a53e.jar;D:\git\Vivecraft\.gradle\loom-cache\remapped_mods\remapped\net\fabricmc\fabric-api\fabric-loot-api-v3-4775738c\2.0.20+78c8b4663e\fabric-loot-api-v3-4775738c-2.0.20+78c8b4663e.jar;D:\git\Vivecraft\.gradle\loom-cache\remapped_mods\remapped\net\fabricmc\fabric-api\fabric-data-attachment-api-v1-4775738c\1.8.43+1fb1cde93e\fabric-data-attachment-api-v1-4775738c-1.8.43+1fb1cde93e.jar;D:\git\Vivecraft\.gradle\loom-cache\remapped_mods\remapped\net\fabricmc\fabric-api\fabric-object-builder-api-v1-4775738c\21.1.38+4fc5413f3e\fabric-object-builder-api-v1-4775738c-21.1.38+4fc5413f3e.jar;D:\git\Vivecraft\.gradle\loom-cache\remapped_mods\remapped\net\fabricmc\fabric-api\fabric-data-generation-api-v1-4775738c\23.3.0+ae1056283e\fabric-data-generation-api-v1-4775738c-23.3.0+ae1056283e.jar;D:\git\Vivecraft\.gradle\loom-cache\remapped_mods\remapped\net\fabricmc\fabric-api\fabric-tag-api-v1-4775738c\1.2.20+4fc5413f3e\fabric-tag-api-v1-4775738c-1.2.20+4fc5413f3e.jar;D:\git\Vivecraft\.gradle\loom-cache\remapped_mods\remapped\net\fabricmc\fabric-api\fabric-resource-loader-v1-4775738c\1.0.10+78c8b4663e\fabric-resource-loader-v1-4775738c-1.0.10+78c8b4663e.jar;D:\git\Vivecraft\.gradle\loom-cache\remapped_mods\remapped\net\fabricmc\fabric-api\fabric-command-api-v2-4775738c\2.4.7+6b42a6003e\fabric-command-api-v2-4775738c-2.4.7+6b42a6003e.jar;D:\git\Vivecraft\.gradle\loom-cache\remapped_mods\remapped\net\fabricmc\fabric-api\fabric-events-interaction-v0-4775738c\4.0.44+1fb1cde93e\fabric-events-interaction-v0-4775738c-4.0.44+1fb1cde93e.jar;D:\git\Vivecraft\.gradle\loom-cache\remapped_mods\remapped\net\fabricmc\fabric-api\fabric-particles-v1-4775738c\4.2.11+4fc5413f3e\fabric-particles-v1-4775738c-4.2.11+4fc5413f3e.jar;D:\git\Vivecraft\.gradle\loom-cache\remapped_mods\remapped\net\fabricmc\fabric-api\fabric-recipe-api-v1-4775738c\8.2.3+4ebb5c083e\fabric-recipe-api-v1-4775738c-8.2.3+4ebb5c083e.jar;D:\git\Vivecraft\.gradle\loom-cache\remapped_mods\remapped\net\fabricmc\fabric-api\fabric-screen-handler-api-v1-4775738c\1.3.160+4fc5413f3e\fabric-screen-handler-api-v1-4775738c-1.3.160+4fc5413f3e.jar;D:\git\Vivecraft\.gradle\loom-cache\remapped_mods\remapped\net\fabricmc\fabric-api\fabric-registry-sync-v0-4775738c\6.2.4+4ebb5c083e\fabric-registry-sync-v0-4775738c-6.2.4+4ebb5c083e.jar;D:\git\Vivecraft\.gradle\loom-cache\remapped_mods\remapped\net\fabricmc\fabric-api\fabric-networking-api-v1-4775738c\5.1.5+ae1e07683e\fabric-networking-api-v1-4775738c-5.1.5+ae1e07683e.jar;D:\git\Vivecraft\.gradle\loom-cache\remapped_mods\remapped\net\fabricmc\fabric-api\fabric-transfer-api-v1-4775738c\6.0.24+4fc5413f3e\fabric-transfer-api-v1-4775738c-6.0.24+4fc5413f3e.jar;D:\git\Vivecraft\.gradle\loom-cache\remapped_mods\remapped\net\fabricmc\fabric-api\fabric-api-lookup-api-v1-4775738c\1.6.113+1fb1cde93e\fabric-api-lookup-api-v1-4775738c-1.6.113+1fb1cde93e.jar;D:\git\Vivecraft\.gradle\loom-cache\remapped_mods\remapped\net\fabricmc\fabric-api\fabric-convention-tags-v1-4775738c\2.1.55+7f945d5b3e\fabric-convention-tags-v1-4775738c-2.1.55+7f945d5b3e.jar;D:\git\Vivecraft\.gradle\loom-cache\remapped_mods\remapped\net\fabricmc\fabric-api\fabric-convention-tags-v2-4775738c\2.17.3+8ef948ba3e\fabric-convention-tags-v2-4775738c-2.17.3+8ef948ba3e.jar;D:\git\Vivecraft\.gradle\loom-cache\remapped_mods\remapped\net\fabricmc\fabric-api\fabric-entity-events-v1-4775738c\3.0.5+4ebb5c083e\fabric-entity-events-v1-4775738c-3.0.5+4ebb5c083e.jar;D:\git\Vivecraft\.gradle\loom-cache\remapped_mods\remapped\net\fabricmc\fabric-api\fabric-game-rule-api-v1-4775738c\2.0.3+4fc5413f3e\fabric-game-rule-api-v1-4775738c-2.0.3+4fc5413f3e.jar;D:\git\Vivecraft\.gradle\loom-cache\remapped_mods\remapped\net\fabricmc\fabric-api\fabric-rendering-v1-4775738c\16.2.6+1fb1cde93e\fabric-rendering-v1-4775738c-16.2.6+1fb1cde93e.jar;D:\git\Vivecraft\.gradle\loom-cache\remapped_mods\remapped\net\fabricmc\fabric-api\fabric-lifecycle-events-v1-4775738c\2.6.15+4ebb5c083e\fabric-lifecycle-events-v1-4775738c-2.6.15+4ebb5c083e.jar;D:\git\Vivecraft\.gradle\loom-cache\remapped_mods\remapped\net\fabricmc\fabric-api\fabric-message-api-v1-4775738c\6.1.12+4ebb5c083e\fabric-message-api-v1-4775738c-6.1.12+4ebb5c083e.jar;D:\git\Vivecraft\.gradle\loom-cache\remapped_mods\remapped\net\fabricmc\fabric-api\fabric-rendering-fluids-v1-4775738c\3.1.43+4ebb5c083e\fabric-rendering-fluids-v1-4775738c-3.1.43+4ebb5c083e.jar;D:\git\Vivecraft\.gradle\loom-cache\remapped_mods\remapped\net\fabricmc\fabric-api\fabric-screen-api-v1-4775738c\3.1.7+4ebb5c083e\fabric-screen-api-v1-4775738c-3.1.7+4ebb5c083e.jar;D:\git\Vivecraft\.gradle\loom-cache\remapped_mods\remapped\net\fabricmc\fabric-api\fabric-api-base-4775738c\1.0.5+4ebb5c083e\fabric-api-base-4775738c-1.0.5+4ebb5c083e.jar;D:\git\Vivecraft\.gradle\loom-cache\remapped_mods\remapped\net\fabricmc\fabric-api\fabric-biome-api-v1-4775738c\17.1.1+4fc5413f3e\fabric-biome-api-v1-4775738c-17.1.1+4fc5413f3e.jar;D:\git\Vivecraft\.gradle\loom-cache\remapped_mods\remapped\net\fabricmc\fabric-api\fabric-block-api-v1-4775738c\1.1.10+4ebb5c083e\fabric-block-api-v1-4775738c-1.1.10+4ebb5c083e.jar;D:\git\Vivecraft\.gradle\loom-cache\remapped_mods\remapped\net\fabricmc\fabric-api\fabric-block-view-api-v2-4775738c\1.0.39+4ebb5c083e\fabric-block-view-api-v2-4775738c-1.0.39+4ebb5c083e.jar;D:\git\Vivecraft\.gradle\loom-cache\remapped_mods\remapped\net\fabricmc\fabric-api\fabric-client-gametest-api-v1-4775738c\4.3.5+bfe9fcf43e\fabric-client-gametest-api-v1-4775738c-4.3.5+bfe9fcf43e.jar;D:\git\Vivecraft\.gradle\loom-cache\remapped_mods\remapped\net\fabricmc\fabric-api\fabric-crash-report-info-v1-4775738c\0.3.23+4ebb5c083e\fabric-crash-report-info-v1-4775738c-0.3.23+4ebb5c083e.jar;D:\git\Vivecraft\.gradle\loom-cache\remapped_mods\remapped\net\fabricmc\fabric-api\fabric-dimensions-v1-4775738c\4.0.28+4fc5413f3e\fabric-dimensions-v1-4775738c-4.0.28+4fc5413f3e.jar;D:\git\Vivecraft\.gradle\loom-cache\remapped_mods\remapped\net\fabricmc\fabric-api\fabric-key-binding-api-v1-4775738c\1.1.7+4fc5413f3e\fabric-key-binding-api-v1-4775738c-1.1.7+4fc5413f3e.jar;D:\git\Vivecraft\.gradle\loom-cache\remapped_mods\remapped\net\fabricmc\fabric-api\fabric-resource-conditions-api-v1-4775738c\5.0.35+4fc5413f3e\fabric-resource-conditions-api-v1-4775738c-5.0.35+4fc5413f3e.jar;D:\git\Vivecraft\.gradle\loom-cache\remapped_mods\remapped\net\fabricmc\fabric-api\fabric-serialization-api-v1-4775738c\1.0.5+4ebb5c083e\fabric-serialization-api-v1-4775738c-1.0.5+4ebb5c083e.jar;D:\git\Vivecraft\.gradle\loom-cache\remapped_mods\remapped\net\fabricmc\fabric-api\fabric-sound-api-v1-4775738c\1.0.51+4fc5413f3e\fabric-sound-api-v1-4775738c-1.0.51+4fc5413f3e.jar;D:\git\Vivecraft\.gradle\loom-cache\remapped_mods\remapped\net\fabricmc\fabric-api\fabric-transitive-access-wideners-v1-4775738c\7.0.8+0107c3da3e\fabric-transitive-access-wideners-v1-4775738c-7.0.8+0107c3da3e.jar;C:\Users\ArneL\.gradle\caches\modules-2\files-2.1\com.google.errorprone\error_prone_annotations\2.41.0\4381275efdef6ddfae38f002c31e84cd001c97f0\error_prone_annotations-2.41.0.jar
Launcher Type: SUN_STANDARD

[Global flags]
     intx CICompilerCount                          = 12                                        {product} {ergonomic}
     uint ConcGCThreads                            = 3                                         {product} {ergonomic}
     uint G1ConcRefinementThreads                  = 13                                        {product} {ergonomic}
   size_t G1HeapRegionSize                         = 4194304                                   {product} {ergonomic}
   size_t InitialHeapSize                          = 536870912                                 {product} {ergonomic}
   size_t MarkStackSize                            = 4194304                                   {product} {ergonomic}
   size_t MarkStackSizeMax                         = 536870912                                 {product} {ergonomic}
   size_t MaxHeapSize                              = 8568963072                                {product} {ergonomic}
   size_t MaxNewSize                               = 5138022400                                {product} {ergonomic}
   size_t MinHeapDeltaBytes                        = 4194304                                   {product} {ergonomic}
   size_t MinHeapSize                              = 8388608                                   {product} {ergonomic}
    uintx NonNMethodCodeHeapSize                   = 7602176                                {pd product} {ergonomic}
    uintx NonProfiledCodeHeapSize                  = 122093568                              {pd product} {ergonomic}
    uintx ProfiledCodeHeapSize                     = 121962496                              {pd product} {ergonomic}
    uintx ReservedCodeCacheSize                    = 251658240                              {pd product} {ergonomic}
     bool SegmentedCodeCache                       = true                                      {product} {ergonomic}
   size_t SoftMaxHeapSize                          = 8568963072                             {manageable} {ergonomic}
     bool UseCompressedOops                        = true                           {product lp64_product} {ergonomic}
     bool UseG1GC                                  = true                                      {product} {ergonomic}
     bool UseLargePagesIndividualAllocation        = false                                  {pd product} {ergonomic}

Logging:
Log output configuration:
 #0: stdout all=warning uptime,level,tags foldmultilines=false
 #1: stderr all=off uptime,level,tags foldmultilines=false

Release file:
IMPLEMENTOR="Eclipse Adoptium" 
IMPLEMENTOR_VERSION="Temurin-25.0.2+10" 
JAVA_RUNTIME_VERSION="25.0.2+10-LTS" 
JAVA_VERSION="25.0.2" 
JAVA_VERSION_DATE="2026-01-20" 
LIBC="default" 
MODULES="java.base java.compiler java.datatransfer java.xml java.prefs java.desktop java.instrument java.logging java.management java.security.sasl java.naming java.rmi java.management.rmi java.net.http java.scripting java.security.jgss java.transaction.xa java.sql java.sql.rowset java.xml.crypto java.se java.smartcardio jdk.accessibility jdk.internal.jvmstat jdk.attach jdk.charsets jdk.internal.opt jdk.zipfs jdk.compiler jdk.crypto.cryptoki jdk.crypto.ec jdk.crypto.mscapi jdk.dynalink jdk.internal.ed jdk.editpad jdk.internal.vm.ci jdk.graal.compiler jdk.graal.compiler.management jdk.hotspot.agent jdk.httpserver jdk.incubator.vector jdk.internal.le jdk.internal.md jdk.jartool jdk.javadoc jdk.jcmd jdk.management jdk.management.agent jdk.jconsole jdk.jdeps jdk.jdwp.agent jdk.jdi jdk.jfr jdk.jlink jdk.jpackage jdk.jshell jdk.jsobject jdk.jstatd jdk.localedata jdk.management.jfr jdk.naming.dns jdk.naming.rmi jdk.net jdk.nio.mapmode jdk.sctp jdk.security.auth jdk.security.jgss jdk.unsupported jdk.unsupported.desktop jdk.xml.dom" 
OS_ARCH="x86_64" 
OS_NAME="Windows" 
SOURCE=".:git:9e3c947043a4" 
BUILD_SOURCE="git:458965074606f027bd5afce2cfd5c1055dea0438"
BUILD_SOURCE_REPO="https://github.com/adoptium/temurin-build.git"
SOURCE_REPO="https://github.com/adoptium/jdk25u.git"
FULL_VERSION="25.0.2+10-LTS"
SEMANTIC_VERSION="25.0.2+10"
BUILD_INFO="OS: Windows Server 2022 Version: 10.0"
JVM_VARIANT="Hotspot"
JVM_VERSION="25.0.2+10-LTS"
IMAGE_TYPE="JDK"

Environment Variables:
JAVA_HOME=C:\Program Files\Eclipse Adoptium\jdk-17.0.1.12-hotspot
PATH=D:\Oculus\Support\oculus-runtime;C:\Program Files\Eclipse Adoptium\jdk-17.0.1.12-hotspot\bin;C:\Program Files\ImageMagick-7.1.0-Q16-HDRI;C:\Windows\system32;C:\Windows;C:\Windows\System32\Wbem;C:\Windows\System32\WindowsPowerShell\v1.0\;C:\Windows\System32\OpenSSH\;C:\Program Files (x86)\NVIDIA Corporation\PhysX\Common;C:\Program Files\Intel\WiFi\bin\;C:\Program Files\Common Files\Intel\WirelessCommon\;C:\WINDOWS\system32;C:\WINDOWS;C:\WINDOWS\System32\Wbem;C:\WINDOWS\System32\WindowsPowerShell\v1.0\;C:\WINDOWS\System32\OpenSSH\;C:\Program Files\PuTTY\;C:\Program Files (x86)\gs\gs10.00.0\bin;C:\Program Files\dotnet\;C:\Program Files\NVIDIA Corporation\NVIDIA app\NvDLISR;C:\WINDOWS\system32;C:\WINDOWS;C:\WINDOWS\System32\Wbem;C:\WINDOWS\System32\WindowsPowerShell\v1.0\;C:\WINDOWS\System32\OpenSSH\;C:\Program Files\CMake\bin;C:\Program Files\Git\cmd;C:\Program Files\Microsoft Visual Studio\2022\Community\VC\Tools\MSVC\14.42.34433\bin\Hostx64\x64;C:\Program Files (x86)\Windows Kits\10\Windows Performance Toolkit\;C:\Users\ArneL\AppData\Local\Microsoft\WindowsApps;C:\Program Files\Intel\WiFi\bin\;C:\Program Files\Common Files\Intel\WirelessCommon\;C:\ProgramData\ArneL\GitHubDesktop\bin;C:\Users\ArneL\AppData\Local\GitHubDesktop\bin;C:\Program Files\JetBrains\IntelliJ IDEA 2022.1.2\bin;;C:\texlive\2022\bin\win32;C:\Program Files\JetBrains\PyCharm Community Edition 2022.3.2\bin;;C:\Users\ArneL\AppData\Local\Programs\Microsoft VS Code\bin;C:\Users\ArneL\.dotnet\tools;C:\Program Files\JetBrains\PyCharm 2025.2.5\bin
USERNAME=ArneL
OS=Windows_NT
PROCESSOR_IDENTIFIER=AMD64 Family 25 Model 33 Stepping 2, AuthenticAMD
TMP=C:\Users\ArneL\AppData\Local\Temp
TEMP=C:\Users\ArneL\AppData\Local\Temp




Compilation memory statistics disabled.

Periodic native trim disabled

---------------  S Y S T E M  ---------------

OS:
 Windows 11 , 64 bit Build 26100 (10.0.26100.7920)
OS uptime: 0 days 5:40 hours

CPU: total 16 (initial active 16) (16 cores per cpu, 2 threads per core) family 25 model 33 stepping 2 microcode 0xa201210, cx8, cmov, fxsr, ht, mmx, 3dnowpref, sse, sse2, sse3, ssse3, sse4a, sse4.1, sse4.2, popcnt, lzcnt, tsc, tscinvbit, avx, avx2, aes, erms, clmul, bmi1, bmi2, adx, sha, fma, vzeroupper, clflush, clflushopt, clwb, rdtscp, rdpid, fsrm, f16c, pku, cet_ss
Processor Information for the first 16 processors :
  Max Mhz: 3001, Current Mhz: 3001, Mhz Limit: 3001

Memory: 4k page, system-wide physical 32687M (11802M free)
TotalPageFile size 34735M (AvailPageFile size 5795M)
current process WorkingSet (physical memory assigned to process): 1704M, peak: 1746M
current process commit charge ("private bytes"): 2446M, peak: 2449M

vm_info: OpenJDK 64-Bit Server VM (25.0.2+10-LTS) for windows-amd64 JRE (25.0.2+10-LTS), built on 2026-01-20T00:00:00Z with MS VC++ 17.12 (VS2022)

END.
